2023-07-20 09:57:48,543 - Content Certificate Generation Utility started (Logging to sb_content_cert.log)
2023-07-20 09:57:48,543 - Parsing config file: cert/cfg/ICVSBContent.cfg
2023-07-20 09:57:48,543 - Parsed config items:
cert-keypair:	cert/key/ICVSBContent.pem
cert-keypair-pwd:	cert/key/ICVSBContent.pwd
load-verify-scheme:	0
crypto-type:	0
aes-ce-id:	0
aes-enc-key:	cert/key/KCEICV.txt
images-table:	cert/Images.txt
nvcounter-val:	1
cert-pkg:	cert/ICVSBContent.crt
2023-07-20 09:57:48,543 - **** Creating Content Certificate ****
2023-07-20 09:57:48,549 - **** Certificate file (context) creation has been completed successfully ****
2023-07-20 09:57:48,736 - Content Certificate Generation Utility started (Logging to sb_content_cert.log)
2023-07-20 09:57:48,736 - Parsing config file: cert/cfg/ICVSBContent.cfg
2023-07-20 09:57:48,737 - Parsed config items:
cert-keypair:	cert/key/ICVSBContent.pem
cert-keypair-pwd:	cert/key/ICVSBContent.pwd
load-verify-scheme:	0
crypto-type:	0
aes-ce-id:	0
aes-enc-key:	cert/key/KCEICV.txt
images-table:	cert/Images.txt
nvcounter-val:	1
cert-pkg:	cert/ICVSBContent.crt
2023-07-20 09:57:48,737 - **** Creating Content Certificate ****
2023-07-20 09:57:48,750 - **** Certificate file (context) creation has been completed successfully ****
2023-07-20 09:58:11,566 - Content Certificate Generation Utility started (Logging to sb_content_cert.log)
2023-07-20 09:58:11,566 - Parsing config file: cert/cfg/ICVSBContent.cfg
2023-07-20 09:58:11,566 - Parsed config items:
cert-keypair:	cert/key/ICVSBContent.pem
cert-keypair-pwd:	cert/key/ICVSBContent.pwd
load-verify-scheme:	0
crypto-type:	0
aes-ce-id:	0
aes-enc-key:	cert/key/KCEICV.txt
images-table:	cert/Images.txt
nvcounter-val:	1
cert-pkg:	cert/ICVSBContent.crt
2023-07-20 09:58:11,566 - **** Creating Content Certificate ****
2023-07-20 09:58:11,571 - **** Certificate file (context) creation has been completed successfully ****
2023-07-20 09:58:11,745 - Content Certificate Generation Utility started (Logging to sb_content_cert.log)
2023-07-20 09:58:11,745 - Parsing config file: cert/cfg/ICVSBContent.cfg
2023-07-20 09:58:11,745 - Parsed config items:
cert-keypair:	cert/key/ICVSBContent.pem
cert-keypair-pwd:	cert/key/ICVSBContent.pwd
load-verify-scheme:	0
crypto-type:	0
aes-ce-id:	0
aes-enc-key:	cert/key/KCEICV.txt
images-table:	cert/Images.txt
nvcounter-val:	1
cert-pkg:	cert/ICVSBContent.crt
2023-07-20 09:58:11,746 - **** Creating Content Certificate ****
2023-07-20 09:58:11,751 - **** Certificate file (context) creation has been completed successfully ****
2023-07-20 09:58:11,940 - Content Certificate Generation Utility started (Logging to sb_content_cert.log)
2023-07-20 09:58:11,940 - Parsing config file: cert/cfg/ICVSBContent.cfg
2023-07-20 09:58:11,940 - Parsed config items:
cert-keypair:	cert/key/ICVSBContent.pem
cert-keypair-pwd:	cert/key/ICVSBContent.pwd
load-verify-scheme:	0
crypto-type:	0
aes-ce-id:	0
aes-enc-key:	cert/key/KCEICV.txt
images-table:	cert/Images.txt
nvcounter-val:	1
cert-pkg:	cert/ICVSBContent.crt
2023-07-20 09:58:11,941 - **** Creating Content Certificate ****
2023-07-20 09:58:11,946 - **** Certificate file (context) creation has been completed successfully ****
2023-07-20 09:58:12,121 - Content Certificate Generation Utility started (Logging to sb_content_cert.log)
2023-07-20 09:58:12,121 - Parsing config file: cert/cfg/ICVSBContent.cfg
2023-07-20 09:58:12,121 - Parsed config items:
cert-keypair:	cert/key/ICVSBContent.pem
cert-keypair-pwd:	cert/key/ICVSBContent.pwd
load-verify-scheme:	0
crypto-type:	0
aes-ce-id:	0
aes-enc-key:	cert/key/KCEICV.txt
images-table:	cert/Images.txt
nvcounter-val:	1
cert-pkg:	cert/ICVSBContent.crt
2023-07-20 09:58:12,122 - **** Creating Content Certificate ****
2023-07-20 09:58:12,126 - **** Certificate file (context) creation has been completed successfully ****
2023-07-20 09:58:13,028 - Content Certificate Generation Utility started (Logging to sb_content_cert.log)
2023-07-20 09:58:13,028 - Parsing config file: cert/cfg/ICVSBContent.cfg
2023-07-20 09:58:13,029 - Parsed config items:
cert-keypair:	cert/key/ICVSBContent.pem
cert-keypair-pwd:	cert/key/ICVSBContent.pwd
load-verify-scheme:	0
crypto-type:	0
aes-ce-id:	0
aes-enc-key:	cert/key/KCEICV.txt
images-table:	cert/Images.txt
nvcounter-val:	1
cert-pkg:	cert/ICVSBContent.crt
2023-07-20 09:58:13,029 - **** Creating Content Certificate ****
2023-07-20 09:58:13,034 - **** Certificate file (context) creation has been completed successfully ****
2023-07-20 11:00:17,418 - Content Certificate Generation Utility started (Logging to sb_content_cert.log)
2023-07-20 11:00:17,419 - Parsing config file: cert/cfg/ICVSBContent.cfg
2023-07-20 11:00:17,419 - Parsed config items:
cert-keypair:	cert/key/ICVSBContent.pem
cert-keypair-pwd:	cert/key/ICVSBContent.pwd
load-verify-scheme:	0
crypto-type:	0
aes-ce-id:	0
aes-enc-key:	cert/key/KCEICV.txt
images-table:	cert/Images.txt
nvcounter-val:	1
cert-pkg:	cert/ICVSBContent.crt
2023-07-20 11:00:17,419 - **** Creating Content Certificate ****
2023-07-20 11:00:17,424 - **** Certificate file (context) creation has been completed successfully ****
2023-07-20 11:00:17,606 - Content Certificate Generation Utility started (Logging to sb_content_cert.log)
2023-07-20 11:00:17,607 - Parsing config file: cert/cfg/ICVSBContent.cfg
2023-07-20 11:00:17,607 - Parsed config items:
cert-keypair:	cert/key/ICVSBContent.pem
cert-keypair-pwd:	cert/key/ICVSBContent.pwd
load-verify-scheme:	0
crypto-type:	0
aes-ce-id:	0
aes-enc-key:	cert/key/KCEICV.txt
images-table:	cert/Images.txt
nvcounter-val:	1
cert-pkg:	cert/ICVSBContent.crt
2023-07-20 11:00:17,607 - **** Creating Content Certificate ****
2023-07-20 11:00:17,612 - **** Certificate file (context) creation has been completed successfully ****
2023-07-20 11:00:17,816 - Content Certificate Generation Utility started (Logging to sb_content_cert.log)
2023-07-20 11:00:17,817 - Parsing config file: cert/cfg/ICVSBContent.cfg
2023-07-20 11:00:17,817 - Parsed config items:
cert-keypair:	cert/key/ICVSBContent.pem
cert-keypair-pwd:	cert/key/ICVSBContent.pwd
load-verify-scheme:	0
crypto-type:	0
aes-ce-id:	0
aes-enc-key:	cert/key/KCEICV.txt
images-table:	cert/Images.txt
nvcounter-val:	1
cert-pkg:	cert/ICVSBContent.crt
2023-07-20 11:00:17,817 - **** Creating Content Certificate ****
2023-07-20 11:00:17,823 - **** Certificate file (context) creation has been completed successfully ****
2023-07-20 11:00:18,007 - Content Certificate Generation Utility started (Logging to sb_content_cert.log)
2023-07-20 11:00:18,007 - Parsing config file: cert/cfg/ICVSBContent.cfg
2023-07-20 11:00:18,007 - Parsed config items:
cert-keypair:	cert/key/ICVSBContent.pem
cert-keypair-pwd:	cert/key/ICVSBContent.pwd
load-verify-scheme:	0
crypto-type:	0
aes-ce-id:	0
aes-enc-key:	cert/key/KCEICV.txt
images-table:	cert/Images.txt
nvcounter-val:	1
cert-pkg:	cert/ICVSBContent.crt
2023-07-20 11:00:18,007 - **** Creating Content Certificate ****
2023-07-20 11:00:18,013 - **** Certificate file (context) creation has been completed successfully ****
2023-07-20 11:00:18,655 - Content Certificate Generation Utility started (Logging to sb_content_cert.log)
2023-07-20 11:00:18,655 - Parsing config file: cert/cfg/ICVSBContent.cfg
2023-07-20 11:00:18,655 - Parsed config items:
cert-keypair:	cert/key/ICVSBContent.pem
cert-keypair-pwd:	cert/key/ICVSBContent.pwd
load-verify-scheme:	0
crypto-type:	0
aes-ce-id:	0
aes-enc-key:	cert/key/KCEICV.txt
images-table:	cert/Images.txt
nvcounter-val:	1
cert-pkg:	cert/ICVSBContent.crt
2023-07-20 11:00:18,655 - **** Creating Content Certificate ****
2023-07-20 11:00:18,661 - **** Certificate file (context) creation has been completed successfully ****
2023-07-20 11:23:41,093 - Content Certificate Generation Utility started (Logging to sb_content_cert.log)
2023-07-20 11:23:41,094 - Parsing config file: cert/cfg/ICVSBContent.cfg
2023-07-20 11:23:41,094 - Parsed config items:
cert-keypair:	cert/key/ICVSBContent.pem
cert-keypair-pwd:	cert/key/ICVSBContent.pwd
load-verify-scheme:	0
crypto-type:	0
aes-ce-id:	0
aes-enc-key:	cert/key/KCEICV.txt
images-table:	cert/Images.txt
nvcounter-val:	1
cert-pkg:	cert/ICVSBContent.crt
2023-07-20 11:23:41,094 - **** Creating Content Certificate ****
2023-07-20 11:23:41,099 - **** Certificate file (context) creation has been completed successfully ****
2023-07-20 11:23:41,282 - Content Certificate Generation Utility started (Logging to sb_content_cert.log)
2023-07-20 11:23:41,282 - Parsing config file: cert/cfg/ICVSBContent.cfg
2023-07-20 11:23:41,282 - Parsed config items:
cert-keypair:	cert/key/ICVSBContent.pem
cert-keypair-pwd:	cert/key/ICVSBContent.pwd
load-verify-scheme:	0
crypto-type:	0
aes-ce-id:	0
aes-enc-key:	cert/key/KCEICV.txt
images-table:	cert/Images.txt
nvcounter-val:	1
cert-pkg:	cert/ICVSBContent.crt
2023-07-20 11:23:41,282 - **** Creating Content Certificate ****
2023-07-20 11:23:41,287 - **** Certificate file (context) creation has been completed successfully ****
2023-07-20 11:23:41,494 - Content Certificate Generation Utility started (Logging to sb_content_cert.log)
2023-07-20 11:23:41,495 - Parsing config file: cert/cfg/ICVSBContent.cfg
2023-07-20 11:23:41,495 - Parsed config items:
cert-keypair:	cert/key/ICVSBContent.pem
cert-keypair-pwd:	cert/key/ICVSBContent.pwd
load-verify-scheme:	0
crypto-type:	0
aes-ce-id:	0
aes-enc-key:	cert/key/KCEICV.txt
images-table:	cert/Images.txt
nvcounter-val:	1
cert-pkg:	cert/ICVSBContent.crt
2023-07-20 11:23:41,495 - **** Creating Content Certificate ****
2023-07-20 11:23:41,500 - **** Certificate file (context) creation has been completed successfully ****
2023-07-20 11:23:41,681 - Content Certificate Generation Utility started (Logging to sb_content_cert.log)
2023-07-20 11:23:41,681 - Parsing config file: cert/cfg/ICVSBContent.cfg
2023-07-20 11:23:41,682 - Parsed config items:
cert-keypair:	cert/key/ICVSBContent.pem
cert-keypair-pwd:	cert/key/ICVSBContent.pwd
load-verify-scheme:	0
crypto-type:	0
aes-ce-id:	0
aes-enc-key:	cert/key/KCEICV.txt
images-table:	cert/Images.txt
nvcounter-val:	1
cert-pkg:	cert/ICVSBContent.crt
2023-07-20 11:23:41,682 - **** Creating Content Certificate ****
2023-07-20 11:23:41,687 - **** Certificate file (context) creation has been completed successfully ****
2023-07-20 11:23:42,308 - Content Certificate Generation Utility started (Logging to sb_content_cert.log)
2023-07-20 11:23:42,308 - Parsing config file: cert/cfg/ICVSBContent.cfg
2023-07-20 11:23:42,308 - Parsed config items:
cert-keypair:	cert/key/ICVSBContent.pem
cert-keypair-pwd:	cert/key/ICVSBContent.pwd
load-verify-scheme:	0
crypto-type:	0
aes-ce-id:	0
aes-enc-key:	cert/key/KCEICV.txt
images-table:	cert/Images.txt
nvcounter-val:	1
cert-pkg:	cert/ICVSBContent.crt
2023-07-20 11:23:42,308 - **** Creating Content Certificate ****
2023-07-20 11:23:42,313 - **** Certificate file (context) creation has been completed successfully ****
2023-07-20 13:19:27,988 - Content Certificate Generation Utility started (Logging to sb_content_cert.log)
2023-07-20 13:19:27,988 - Parsing config file: cert/cfg/ICVSBContent.cfg
2023-07-20 13:19:27,988 - Parsed config items:
cert-keypair:	cert/key/ICVSBContent.pem
cert-keypair-pwd:	cert/key/ICVSBContent.pwd
load-verify-scheme:	0
crypto-type:	0
aes-ce-id:	0
aes-enc-key:	cert/key/KCEICV.txt
images-table:	cert/Images.txt
nvcounter-val:	1
cert-pkg:	cert/ICVSBContent.crt
2023-07-20 13:19:27,988 - **** Creating Content Certificate ****
2023-07-20 13:19:27,995 - **** Certificate file (context) creation has been completed successfully ****
2023-07-20 13:19:28,179 - Content Certificate Generation Utility started (Logging to sb_content_cert.log)
2023-07-20 13:19:28,179 - Parsing config file: cert/cfg/ICVSBContent.cfg
2023-07-20 13:19:28,179 - Parsed config items:
cert-keypair:	cert/key/ICVSBContent.pem
cert-keypair-pwd:	cert/key/ICVSBContent.pwd
load-verify-scheme:	0
crypto-type:	0
aes-ce-id:	0
aes-enc-key:	cert/key/KCEICV.txt
images-table:	cert/Images.txt
nvcounter-val:	1
cert-pkg:	cert/ICVSBContent.crt
2023-07-20 13:19:28,179 - **** Creating Content Certificate ****
2023-07-20 13:19:28,187 - **** Certificate file (context) creation has been completed successfully ****
2023-07-20 13:19:28,390 - Content Certificate Generation Utility started (Logging to sb_content_cert.log)
2023-07-20 13:19:28,390 - Parsing config file: cert/cfg/ICVSBContent.cfg
2023-07-20 13:19:28,390 - Parsed config items:
cert-keypair:	cert/key/ICVSBContent.pem
cert-keypair-pwd:	cert/key/ICVSBContent.pwd
load-verify-scheme:	0
crypto-type:	0
aes-ce-id:	0
aes-enc-key:	cert/key/KCEICV.txt
images-table:	cert/Images.txt
nvcounter-val:	1
cert-pkg:	cert/ICVSBContent.crt
2023-07-20 13:19:28,391 - **** Creating Content Certificate ****
2023-07-20 13:19:28,396 - **** Certificate file (context) creation has been completed successfully ****
2023-07-20 13:19:28,577 - Content Certificate Generation Utility started (Logging to sb_content_cert.log)
2023-07-20 13:19:28,577 - Parsing config file: cert/cfg/ICVSBContent.cfg
2023-07-20 13:19:28,578 - Parsed config items:
cert-keypair:	cert/key/ICVSBContent.pem
cert-keypair-pwd:	cert/key/ICVSBContent.pwd
load-verify-scheme:	0
crypto-type:	0
aes-ce-id:	0
aes-enc-key:	cert/key/KCEICV.txt
images-table:	cert/Images.txt
nvcounter-val:	1
cert-pkg:	cert/ICVSBContent.crt
2023-07-20 13:19:28,578 - **** Creating Content Certificate ****
2023-07-20 13:19:28,583 - **** Certificate file (context) creation has been completed successfully ****
2023-07-20 13:19:29,205 - Content Certificate Generation Utility started (Logging to sb_content_cert.log)
2023-07-20 13:19:29,205 - Parsing config file: cert/cfg/ICVSBContent.cfg
2023-07-20 13:19:29,205 - Parsed config items:
cert-keypair:	cert/key/ICVSBContent.pem
cert-keypair-pwd:	cert/key/ICVSBContent.pwd
load-verify-scheme:	0
crypto-type:	0
aes-ce-id:	0
aes-enc-key:	cert/key/KCEICV.txt
images-table:	cert/Images.txt
nvcounter-val:	1
cert-pkg:	cert/ICVSBContent.crt
2023-07-20 13:19:29,205 - **** Creating Content Certificate ****
2023-07-20 13:19:29,210 - **** Certificate file (context) creation has been completed successfully ****
2023-07-20 13:33:45,710 - Content Certificate Generation Utility started (Logging to sb_content_cert.log)
2023-07-20 13:33:45,710 - Parsing config file: cert/cfg/ICVSBContent.cfg
2023-07-20 13:33:45,710 - Parsed config items:
cert-keypair:	cert/key/ICVSBContent.pem
cert-keypair-pwd:	cert/key/ICVSBContent.pwd
load-verify-scheme:	0
crypto-type:	0
aes-ce-id:	0
aes-enc-key:	cert/key/KCEICV.txt
images-table:	cert/Images.txt
nvcounter-val:	1
cert-pkg:	cert/ICVSBContent.crt
2023-07-20 13:33:45,710 - **** Creating Content Certificate ****
2023-07-20 13:33:45,715 - **** Certificate file (context) creation has been completed successfully ****
2023-07-20 13:33:45,895 - Content Certificate Generation Utility started (Logging to sb_content_cert.log)
2023-07-20 13:33:45,895 - Parsing config file: cert/cfg/ICVSBContent.cfg
2023-07-20 13:33:45,896 - Parsed config items:
cert-keypair:	cert/key/ICVSBContent.pem
cert-keypair-pwd:	cert/key/ICVSBContent.pwd
load-verify-scheme:	0
crypto-type:	0
aes-ce-id:	0
aes-enc-key:	cert/key/KCEICV.txt
images-table:	cert/Images.txt
nvcounter-val:	1
cert-pkg:	cert/ICVSBContent.crt
2023-07-20 13:33:45,896 - **** Creating Content Certificate ****
2023-07-20 13:33:45,901 - **** Certificate file (context) creation has been completed successfully ****
2023-07-20 13:33:46,104 - Content Certificate Generation Utility started (Logging to sb_content_cert.log)
2023-07-20 13:33:46,104 - Parsing config file: cert/cfg/ICVSBContent.cfg
2023-07-20 13:33:46,104 - Parsed config items:
cert-keypair:	cert/key/ICVSBContent.pem
cert-keypair-pwd:	cert/key/ICVSBContent.pwd
load-verify-scheme:	0
crypto-type:	0
aes-ce-id:	0
aes-enc-key:	cert/key/KCEICV.txt
images-table:	cert/Images.txt
nvcounter-val:	1
cert-pkg:	cert/ICVSBContent.crt
2023-07-20 13:33:46,105 - **** Creating Content Certificate ****
2023-07-20 13:33:46,111 - **** Certificate file (context) creation has been completed successfully ****
2023-07-20 13:33:46,289 - Content Certificate Generation Utility started (Logging to sb_content_cert.log)
2023-07-20 13:33:46,290 - Parsing config file: cert/cfg/ICVSBContent.cfg
2023-07-20 13:33:46,290 - Parsed config items:
cert-keypair:	cert/key/ICVSBContent.pem
cert-keypair-pwd:	cert/key/ICVSBContent.pwd
load-verify-scheme:	0
crypto-type:	0
aes-ce-id:	0
aes-enc-key:	cert/key/KCEICV.txt
images-table:	cert/Images.txt
nvcounter-val:	1
cert-pkg:	cert/ICVSBContent.crt
2023-07-20 13:33:46,290 - **** Creating Content Certificate ****
2023-07-20 13:33:46,295 - **** Certificate file (context) creation has been completed successfully ****
2023-07-20 13:33:47,470 - Content Certificate Generation Utility started (Logging to sb_content_cert.log)
2023-07-20 13:33:47,471 - Parsing config file: cert/cfg/ICVSBContent.cfg
2023-07-20 13:33:47,471 - Parsed config items:
cert-keypair:	cert/key/ICVSBContent.pem
cert-keypair-pwd:	cert/key/ICVSBContent.pwd
load-verify-scheme:	0
crypto-type:	0
aes-ce-id:	0
aes-enc-key:	cert/key/KCEICV.txt
images-table:	cert/Images.txt
nvcounter-val:	1
cert-pkg:	cert/ICVSBContent.crt
2023-07-20 13:33:47,471 - **** Creating Content Certificate ****
2023-07-20 13:33:47,476 - **** Certificate file (context) creation has been completed successfully ****
2023-07-20 14:21:03,083 - Content Certificate Generation Utility started (Logging to sb_content_cert.log)
2023-07-20 14:21:03,083 - Parsing config file: cert/cfg/ICVSBContent.cfg
2023-07-20 14:21:03,083 - Parsed config items:
cert-keypair:	cert/key/ICVSBContent.pem
cert-keypair-pwd:	cert/key/ICVSBContent.pwd
load-verify-scheme:	0
crypto-type:	0
aes-ce-id:	0
aes-enc-key:	cert/key/KCEICV.txt
images-table:	cert/Images.txt
nvcounter-val:	1
cert-pkg:	cert/ICVSBContent.crt
2023-07-20 14:21:03,083 - **** Creating Content Certificate ****
2023-07-20 14:21:03,089 - **** Certificate file (context) creation has been completed successfully ****
2023-07-20 14:21:03,273 - Content Certificate Generation Utility started (Logging to sb_content_cert.log)
2023-07-20 14:21:03,273 - Parsing config file: cert/cfg/ICVSBContent.cfg
2023-07-20 14:21:03,274 - Parsed config items:
cert-keypair:	cert/key/ICVSBContent.pem
cert-keypair-pwd:	cert/key/ICVSBContent.pwd
load-verify-scheme:	0
crypto-type:	0
aes-ce-id:	0
aes-enc-key:	cert/key/KCEICV.txt
images-table:	cert/Images.txt
nvcounter-val:	1
cert-pkg:	cert/ICVSBContent.crt
2023-07-20 14:21:03,274 - **** Creating Content Certificate ****
2023-07-20 14:21:03,279 - **** Certificate file (context) creation has been completed successfully ****
2023-07-20 14:21:03,513 - Content Certificate Generation Utility started (Logging to sb_content_cert.log)
2023-07-20 14:21:03,514 - Parsing config file: cert/cfg/ICVSBContent.cfg
2023-07-20 14:21:03,514 - Parsed config items:
cert-keypair:	cert/key/ICVSBContent.pem
cert-keypair-pwd:	cert/key/ICVSBContent.pwd
load-verify-scheme:	0
crypto-type:	0
aes-ce-id:	0
aes-enc-key:	cert/key/KCEICV.txt
images-table:	cert/Images.txt
nvcounter-val:	1
cert-pkg:	cert/ICVSBContent.crt
2023-07-20 14:21:03,514 - **** Creating Content Certificate ****
2023-07-20 14:21:03,521 - **** Certificate file (context) creation has been completed successfully ****
2023-07-20 14:21:03,709 - Content Certificate Generation Utility started (Logging to sb_content_cert.log)
2023-07-20 14:21:03,709 - Parsing config file: cert/cfg/ICVSBContent.cfg
2023-07-20 14:21:03,709 - Parsed config items:
cert-keypair:	cert/key/ICVSBContent.pem
cert-keypair-pwd:	cert/key/ICVSBContent.pwd
load-verify-scheme:	0
crypto-type:	0
aes-ce-id:	0
aes-enc-key:	cert/key/KCEICV.txt
images-table:	cert/Images.txt
nvcounter-val:	1
cert-pkg:	cert/ICVSBContent.crt
2023-07-20 14:21:03,710 - **** Creating Content Certificate ****
2023-07-20 14:21:03,715 - **** Certificate file (context) creation has been completed successfully ****
2023-07-20 14:21:03,902 - Content Certificate Generation Utility started (Logging to sb_content_cert.log)
2023-07-20 14:21:03,902 - Parsing config file: cert/cfg/ICVSBContent.cfg
2023-07-20 14:21:03,903 - Parsed config items:
cert-keypair:	cert/key/ICVSBContent.pem
cert-keypair-pwd:	cert/key/ICVSBContent.pwd
load-verify-scheme:	0
crypto-type:	0
aes-ce-id:	0
aes-enc-key:	cert/key/KCEICV.txt
images-table:	cert/Images.txt
nvcounter-val:	1
cert-pkg:	cert/ICVSBContent.crt
2023-07-20 14:21:03,903 - **** Creating Content Certificate ****
2023-07-20 14:21:03,908 - **** Certificate file (context) creation has been completed successfully ****
2023-07-20 14:21:04,092 - Content Certificate Generation Utility started (Logging to sb_content_cert.log)
2023-07-20 14:21:04,093 - Parsing config file: cert/cfg/ICVSBContent.cfg
2023-07-20 14:21:04,093 - Parsed config items:
cert-keypair:	cert/key/ICVSBContent.pem
cert-keypair-pwd:	cert/key/ICVSBContent.pwd
load-verify-scheme:	0
crypto-type:	0
aes-ce-id:	0
aes-enc-key:	cert/key/KCEICV.txt
images-table:	cert/Images.txt
nvcounter-val:	1
cert-pkg:	cert/ICVSBContent.crt
2023-07-20 14:21:04,093 - **** Creating Content Certificate ****
2023-07-20 14:21:04,098 - **** Certificate file (context) creation has been completed successfully ****
2023-07-20 14:21:05,423 - Content Certificate Generation Utility started (Logging to sb_content_cert.log)
2023-07-20 14:21:05,423 - Parsing config file: cert/cfg/ICVSBContent.cfg
2023-07-20 14:21:05,424 - Parsed config items:
cert-keypair:	cert/key/ICVSBContent.pem
cert-keypair-pwd:	cert/key/ICVSBContent.pwd
load-verify-scheme:	0
crypto-type:	0
aes-ce-id:	0
aes-enc-key:	cert/key/KCEICV.txt
images-table:	cert/Images.txt
nvcounter-val:	1
cert-pkg:	cert/ICVSBContent.crt
2023-07-20 14:21:05,424 - **** Creating Content Certificate ****
2023-07-20 14:21:05,429 - **** Certificate file (context) creation has been completed successfully ****
2023-07-20 15:56:06,008 - Content Certificate Generation Utility started (Logging to sb_content_cert.log)
2023-07-20 15:56:06,008 - Parsing config file: cert/cfg/ICVSBContent.cfg
2023-07-20 15:56:06,009 - Parsed config items:
cert-keypair:	cert/key/ICVSBContent.pem
cert-keypair-pwd:	cert/key/ICVSBContent.pwd
load-verify-scheme:	0
crypto-type:	0
aes-ce-id:	0
aes-enc-key:	cert/key/KCEICV.txt
images-table:	cert/Images.txt
nvcounter-val:	1
cert-pkg:	cert/ICVSBContent.crt
2023-07-20 15:56:06,009 - **** Creating Content Certificate ****
2023-07-20 15:56:06,014 - **** Certificate file (context) creation has been completed successfully ****
2023-07-20 15:56:06,192 - Content Certificate Generation Utility started (Logging to sb_content_cert.log)
2023-07-20 15:56:06,193 - Parsing config file: cert/cfg/ICVSBContent.cfg
2023-07-20 15:56:06,193 - Parsed config items:
cert-keypair:	cert/key/ICVSBContent.pem
cert-keypair-pwd:	cert/key/ICVSBContent.pwd
load-verify-scheme:	0
crypto-type:	0
aes-ce-id:	0
aes-enc-key:	cert/key/KCEICV.txt
images-table:	cert/Images.txt
nvcounter-val:	1
cert-pkg:	cert/ICVSBContent.crt
2023-07-20 15:56:06,193 - **** Creating Content Certificate ****
2023-07-20 15:56:06,198 - **** Certificate file (context) creation has been completed successfully ****
2023-07-20 15:56:06,425 - Content Certificate Generation Utility started (Logging to sb_content_cert.log)
2023-07-20 15:56:06,425 - Parsing config file: cert/cfg/ICVSBContent.cfg
2023-07-20 15:56:06,426 - Parsed config items:
cert-keypair:	cert/key/ICVSBContent.pem
cert-keypair-pwd:	cert/key/ICVSBContent.pwd
load-verify-scheme:	0
crypto-type:	0
aes-ce-id:	0
aes-enc-key:	cert/key/KCEICV.txt
images-table:	cert/Images.txt
nvcounter-val:	1
cert-pkg:	cert/ICVSBContent.crt
2023-07-20 15:56:06,426 - **** Creating Content Certificate ****
2023-07-20 15:56:06,432 - **** Certificate file (context) creation has been completed successfully ****
2023-07-20 15:56:06,612 - Content Certificate Generation Utility started (Logging to sb_content_cert.log)
2023-07-20 15:56:06,612 - Parsing config file: cert/cfg/ICVSBContent.cfg
2023-07-20 15:56:06,613 - Parsed config items:
cert-keypair:	cert/key/ICVSBContent.pem
cert-keypair-pwd:	cert/key/ICVSBContent.pwd
load-verify-scheme:	0
crypto-type:	0
aes-ce-id:	0
aes-enc-key:	cert/key/KCEICV.txt
images-table:	cert/Images.txt
nvcounter-val:	1
cert-pkg:	cert/ICVSBContent.crt
2023-07-20 15:56:06,613 - **** Creating Content Certificate ****
2023-07-20 15:56:06,618 - **** Certificate file (context) creation has been completed successfully ****
2023-07-20 15:56:06,799 - Content Certificate Generation Utility started (Logging to sb_content_cert.log)
2023-07-20 15:56:06,799 - Parsing config file: cert/cfg/ICVSBContent.cfg
2023-07-20 15:56:06,799 - Parsed config items:
cert-keypair:	cert/key/ICVSBContent.pem
cert-keypair-pwd:	cert/key/ICVSBContent.pwd
load-verify-scheme:	0
crypto-type:	0
aes-ce-id:	0
aes-enc-key:	cert/key/KCEICV.txt
images-table:	cert/Images.txt
nvcounter-val:	1
cert-pkg:	cert/ICVSBContent.crt
2023-07-20 15:56:06,799 - **** Creating Content Certificate ****
2023-07-20 15:56:06,805 - **** Certificate file (context) creation has been completed successfully ****
2023-07-20 15:56:06,984 - Content Certificate Generation Utility started (Logging to sb_content_cert.log)
2023-07-20 15:56:06,984 - Parsing config file: cert/cfg/ICVSBContent.cfg
2023-07-20 15:56:06,984 - Parsed config items:
cert-keypair:	cert/key/ICVSBContent.pem
cert-keypair-pwd:	cert/key/ICVSBContent.pwd
load-verify-scheme:	0
crypto-type:	0
aes-ce-id:	0
aes-enc-key:	cert/key/KCEICV.txt
images-table:	cert/Images.txt
nvcounter-val:	1
cert-pkg:	cert/ICVSBContent.crt
2023-07-20 15:56:06,984 - **** Creating Content Certificate ****
2023-07-20 15:56:06,989 - **** Certificate file (context) creation has been completed successfully ****
2023-07-20 15:56:08,312 - Content Certificate Generation Utility started (Logging to sb_content_cert.log)
2023-07-20 15:56:08,312 - Parsing config file: cert/cfg/ICVSBContent.cfg
2023-07-20 15:56:08,312 - Parsed config items:
cert-keypair:	cert/key/ICVSBContent.pem
cert-keypair-pwd:	cert/key/ICVSBContent.pwd
load-verify-scheme:	0
crypto-type:	0
aes-ce-id:	0
aes-enc-key:	cert/key/KCEICV.txt
images-table:	cert/Images.txt
nvcounter-val:	1
cert-pkg:	cert/ICVSBContent.crt
2023-07-20 15:56:08,312 - **** Creating Content Certificate ****
2023-07-20 15:56:08,317 - **** Certificate file (context) creation has been completed successfully ****
2023-07-24 14:13:32,977 - Content Certificate Generation Utility started (Logging to sb_content_cert.log)
2023-07-24 14:13:32,978 - Parsing config file: cert/cfg/ICVSBContent.cfg
2023-07-24 14:13:32,978 - Parsed config items:
cert-keypair:	cert/key/ICVSBContent.pem
cert-keypair-pwd:	cert/key/ICVSBContent.pwd
load-verify-scheme:	0
crypto-type:	0
aes-ce-id:	0
aes-enc-key:	cert/key/KCEICV.txt
images-table:	cert/Images.txt
nvcounter-val:	1
cert-pkg:	cert/ICVSBContent.crt
2023-07-24 14:13:32,978 - **** Creating Content Certificate ****
2023-07-24 14:13:32,983 - **** Certificate file (context) creation has been completed successfully ****
2023-07-24 14:13:33,166 - Content Certificate Generation Utility started (Logging to sb_content_cert.log)
2023-07-24 14:13:33,166 - Parsing config file: cert/cfg/ICVSBContent.cfg
2023-07-24 14:13:33,166 - Parsed config items:
cert-keypair:	cert/key/ICVSBContent.pem
cert-keypair-pwd:	cert/key/ICVSBContent.pwd
load-verify-scheme:	0
crypto-type:	0
aes-ce-id:	0
aes-enc-key:	cert/key/KCEICV.txt
images-table:	cert/Images.txt
nvcounter-val:	1
cert-pkg:	cert/ICVSBContent.crt
2023-07-24 14:13:33,166 - **** Creating Content Certificate ****
2023-07-24 14:13:33,171 - **** Certificate file (context) creation has been completed successfully ****
2023-07-24 14:13:33,407 - Content Certificate Generation Utility started (Logging to sb_content_cert.log)
2023-07-24 14:13:33,407 - Parsing config file: cert/cfg/ICVSBContent.cfg
2023-07-24 14:13:33,408 - Parsed config items:
cert-keypair:	cert/key/ICVSBContent.pem
cert-keypair-pwd:	cert/key/ICVSBContent.pwd
load-verify-scheme:	0
crypto-type:	0
aes-ce-id:	0
aes-enc-key:	cert/key/KCEICV.txt
images-table:	cert/Images.txt
nvcounter-val:	1
cert-pkg:	cert/ICVSBContent.crt
2023-07-24 14:13:33,408 - **** Creating Content Certificate ****
2023-07-24 14:13:33,414 - **** Certificate file (context) creation has been completed successfully ****
2023-07-24 14:13:33,598 - Content Certificate Generation Utility started (Logging to sb_content_cert.log)
2023-07-24 14:13:33,598 - Parsing config file: cert/cfg/ICVSBContent.cfg
2023-07-24 14:13:33,598 - Parsed config items:
cert-keypair:	cert/key/ICVSBContent.pem
cert-keypair-pwd:	cert/key/ICVSBContent.pwd
load-verify-scheme:	0
crypto-type:	0
aes-ce-id:	0
aes-enc-key:	cert/key/KCEICV.txt
images-table:	cert/Images.txt
nvcounter-val:	1
cert-pkg:	cert/ICVSBContent.crt
2023-07-24 14:13:33,598 - **** Creating Content Certificate ****
2023-07-24 14:13:33,603 - **** Certificate file (context) creation has been completed successfully ****
2023-07-24 14:13:33,782 - Content Certificate Generation Utility started (Logging to sb_content_cert.log)
2023-07-24 14:13:33,782 - Parsing config file: cert/cfg/ICVSBContent.cfg
2023-07-24 14:13:33,782 - Parsed config items:
cert-keypair:	cert/key/ICVSBContent.pem
cert-keypair-pwd:	cert/key/ICVSBContent.pwd
load-verify-scheme:	0
crypto-type:	0
aes-ce-id:	0
aes-enc-key:	cert/key/KCEICV.txt
images-table:	cert/Images.txt
nvcounter-val:	1
cert-pkg:	cert/ICVSBContent.crt
2023-07-24 14:13:33,783 - **** Creating Content Certificate ****
2023-07-24 14:13:33,788 - **** Certificate file (context) creation has been completed successfully ****
2023-07-24 14:13:33,967 - Content Certificate Generation Utility started (Logging to sb_content_cert.log)
2023-07-24 14:13:33,967 - Parsing config file: cert/cfg/ICVSBContent.cfg
2023-07-24 14:13:33,967 - Parsed config items:
cert-keypair:	cert/key/ICVSBContent.pem
cert-keypair-pwd:	cert/key/ICVSBContent.pwd
load-verify-scheme:	0
crypto-type:	0
aes-ce-id:	0
aes-enc-key:	cert/key/KCEICV.txt
images-table:	cert/Images.txt
nvcounter-val:	1
cert-pkg:	cert/ICVSBContent.crt
2023-07-24 14:13:33,967 - **** Creating Content Certificate ****
2023-07-24 14:13:33,972 - **** Certificate file (context) creation has been completed successfully ****
2023-07-24 14:13:35,307 - Content Certificate Generation Utility started (Logging to sb_content_cert.log)
2023-07-24 14:13:35,307 - Parsing config file: cert/cfg/ICVSBContent.cfg
2023-07-24 14:13:35,307 - Parsed config items:
cert-keypair:	cert/key/ICVSBContent.pem
cert-keypair-pwd:	cert/key/ICVSBContent.pwd
load-verify-scheme:	0
crypto-type:	0
aes-ce-id:	0
aes-enc-key:	cert/key/KCEICV.txt
images-table:	cert/Images.txt
nvcounter-val:	1
cert-pkg:	cert/ICVSBContent.crt
2023-07-24 14:13:35,307 - **** Creating Content Certificate ****
2023-07-24 14:13:35,312 - **** Certificate file (context) creation has been completed successfully ****
2023-07-24 14:27:27,250 - Content Certificate Generation Utility started (Logging to sb_content_cert.log)
2023-07-24 14:27:27,250 - Parsing config file: cert/cfg/ICVSBContent.cfg
2023-07-24 14:27:27,250 - Parsed config items:
cert-keypair:	cert/key/ICVSBContent.pem
cert-keypair-pwd:	cert/key/ICVSBContent.pwd
load-verify-scheme:	0
crypto-type:	0
aes-ce-id:	0
aes-enc-key:	cert/key/KCEICV.txt
images-table:	cert/Images.txt
nvcounter-val:	1
cert-pkg:	cert/ICVSBContent.crt
2023-07-24 14:27:27,251 - **** Creating Content Certificate ****
2023-07-24 14:27:27,256 - **** Certificate file (context) creation has been completed successfully ****
2023-07-24 14:27:27,444 - Content Certificate Generation Utility started (Logging to sb_content_cert.log)
2023-07-24 14:27:27,444 - Parsing config file: cert/cfg/ICVSBContent.cfg
2023-07-24 14:27:27,445 - Parsed config items:
cert-keypair:	cert/key/ICVSBContent.pem
cert-keypair-pwd:	cert/key/ICVSBContent.pwd
load-verify-scheme:	0
crypto-type:	0
aes-ce-id:	0
aes-enc-key:	cert/key/KCEICV.txt
images-table:	cert/Images.txt
nvcounter-val:	1
cert-pkg:	cert/ICVSBContent.crt
2023-07-24 14:27:27,445 - **** Creating Content Certificate ****
2023-07-24 14:27:27,450 - **** Certificate file (context) creation has been completed successfully ****
2023-07-24 14:27:27,668 - Content Certificate Generation Utility started (Logging to sb_content_cert.log)
2023-07-24 14:27:27,669 - Parsing config file: cert/cfg/ICVSBContent.cfg
2023-07-24 14:27:27,669 - Parsed config items:
cert-keypair:	cert/key/ICVSBContent.pem
cert-keypair-pwd:	cert/key/ICVSBContent.pwd
load-verify-scheme:	0
crypto-type:	0
aes-ce-id:	0
aes-enc-key:	cert/key/KCEICV.txt
images-table:	cert/Images.txt
nvcounter-val:	1
cert-pkg:	cert/ICVSBContent.crt
2023-07-24 14:27:27,669 - **** Creating Content Certificate ****
2023-07-24 14:27:27,675 - **** Certificate file (context) creation has been completed successfully ****
2023-07-24 14:27:27,864 - Content Certificate Generation Utility started (Logging to sb_content_cert.log)
2023-07-24 14:27:27,864 - Parsing config file: cert/cfg/ICVSBContent.cfg
2023-07-24 14:27:27,864 - Parsed config items:
cert-keypair:	cert/key/ICVSBContent.pem
cert-keypair-pwd:	cert/key/ICVSBContent.pwd
load-verify-scheme:	0
crypto-type:	0
aes-ce-id:	0
aes-enc-key:	cert/key/KCEICV.txt
images-table:	cert/Images.txt
nvcounter-val:	1
cert-pkg:	cert/ICVSBContent.crt
2023-07-24 14:27:27,864 - **** Creating Content Certificate ****
2023-07-24 14:27:27,870 - **** Certificate file (context) creation has been completed successfully ****
2023-07-24 14:27:28,538 - Content Certificate Generation Utility started (Logging to sb_content_cert.log)
2023-07-24 14:27:28,538 - Parsing config file: cert/cfg/ICVSBContent.cfg
2023-07-24 14:27:28,539 - Parsed config items:
cert-keypair:	cert/key/ICVSBContent.pem
cert-keypair-pwd:	cert/key/ICVSBContent.pwd
load-verify-scheme:	0
crypto-type:	0
aes-ce-id:	0
aes-enc-key:	cert/key/KCEICV.txt
images-table:	cert/Images.txt
nvcounter-val:	1
cert-pkg:	cert/ICVSBContent.crt
2023-07-24 14:27:28,539 - **** Creating Content Certificate ****
2023-07-24 14:27:28,544 - **** Certificate file (context) creation has been completed successfully ****
2023-09-14 15:53:26,432 - Content Certificate Generation Utility started (Logging to sb_content_cert.log)
2023-09-14 15:53:26,432 - Parsing config file: cert/cfg/ICVSBContent.cfg
2023-09-14 15:53:26,432 - Parsed config items:
cert-keypair:	cert/key/ICVSBContent.pem
cert-keypair-pwd:	cert/key/ICVSBContent.pwd
load-verify-scheme:	0
crypto-type:	0
aes-ce-id:	0
aes-enc-key:	cert/key/KCEICV.txt
images-table:	cert/Images.txt
nvcounter-val:	1
cert-pkg:	cert/ICVSBContent.crt
2023-09-14 15:53:26,432 - **** Creating Content Certificate ****
2023-09-14 15:53:26,439 - **** Certificate file (context) creation has been completed successfully ****
2023-09-14 15:53:26,662 - Content Certificate Generation Utility started (Logging to sb_content_cert.log)
2023-09-14 15:53:26,662 - Parsing config file: cert/cfg/ICVSBContent.cfg
2023-09-14 15:53:26,662 - Parsed config items:
cert-keypair:	cert/key/ICVSBContent.pem
cert-keypair-pwd:	cert/key/ICVSBContent.pwd
load-verify-scheme:	0
crypto-type:	0
aes-ce-id:	0
aes-enc-key:	cert/key/KCEICV.txt
images-table:	cert/Images.txt
nvcounter-val:	1
cert-pkg:	cert/ICVSBContent.crt
2023-09-14 15:53:26,663 - **** Creating Content Certificate ****
2023-09-14 15:53:26,670 - **** Certificate file (context) creation has been completed successfully ****
2023-09-14 15:53:26,987 - Content Certificate Generation Utility started (Logging to sb_content_cert.log)
2023-09-14 15:53:26,987 - Parsing config file: cert/cfg/ICVSBContent.cfg
2023-09-14 15:53:26,987 - Parsed config items:
cert-keypair:	cert/key/ICVSBContent.pem
cert-keypair-pwd:	cert/key/ICVSBContent.pwd
load-verify-scheme:	0
crypto-type:	0
aes-ce-id:	0
aes-enc-key:	cert/key/KCEICV.txt
images-table:	cert/Images.txt
nvcounter-val:	1
cert-pkg:	cert/ICVSBContent.crt
2023-09-14 15:53:26,988 - **** Creating Content Certificate ****
2023-09-14 15:53:26,999 - **** Certificate file (context) creation has been completed successfully ****
2023-09-14 15:53:27,231 - Content Certificate Generation Utility started (Logging to sb_content_cert.log)
2023-09-14 15:53:27,232 - Parsing config file: cert/cfg/ICVSBContent.cfg
2023-09-14 15:53:27,232 - Parsed config items:
cert-keypair:	cert/key/ICVSBContent.pem
cert-keypair-pwd:	cert/key/ICVSBContent.pwd
load-verify-scheme:	0
crypto-type:	0
aes-ce-id:	0
aes-enc-key:	cert/key/KCEICV.txt
images-table:	cert/Images.txt
nvcounter-val:	1
cert-pkg:	cert/ICVSBContent.crt
2023-09-14 15:53:27,232 - **** Creating Content Certificate ****
2023-09-14 15:53:27,239 - **** Certificate file (context) creation has been completed successfully ****
2023-09-14 15:53:28,917 - Content Certificate Generation Utility started (Logging to sb_content_cert.log)
2023-09-14 15:53:28,917 - Parsing config file: cert/cfg/ICVSBContent.cfg
2023-09-14 15:53:28,917 - Parsed config items:
cert-keypair:	cert/key/ICVSBContent.pem
cert-keypair-pwd:	cert/key/ICVSBContent.pwd
load-verify-scheme:	0
crypto-type:	0
aes-ce-id:	0
aes-enc-key:	cert/key/KCEICV.txt
images-table:	cert/Images.txt
nvcounter-val:	1
cert-pkg:	cert/ICVSBContent.crt
2023-09-14 15:53:28,917 - **** Creating Content Certificate ****
2023-09-14 15:53:28,924 - **** Certificate file (context) creation has been completed successfully ****
2023-09-14 16:00:35,813 - Content Certificate Generation Utility started (Logging to sb_content_cert.log)
2023-09-14 16:00:35,813 - Parsing config file: cert/cfg/ICVSBContent.cfg
2023-09-14 16:00:35,813 - Parsed config items:
cert-keypair:	cert/key/ICVSBContent.pem
cert-keypair-pwd:	cert/key/ICVSBContent.pwd
load-verify-scheme:	0
crypto-type:	0
aes-ce-id:	0
aes-enc-key:	cert/key/KCEICV.txt
images-table:	cert/Images.txt
nvcounter-val:	1
cert-pkg:	cert/ICVSBContent.crt
2023-09-14 16:00:35,814 - **** Creating Content Certificate ****
2023-09-14 16:00:35,821 - **** Certificate file (context) creation has been completed successfully ****
2023-09-14 16:00:36,108 - Content Certificate Generation Utility started (Logging to sb_content_cert.log)
2023-09-14 16:00:36,108 - Parsing config file: cert/cfg/ICVSBContent.cfg
2023-09-14 16:00:36,108 - Parsed config items:
cert-keypair:	cert/key/ICVSBContent.pem
cert-keypair-pwd:	cert/key/ICVSBContent.pwd
load-verify-scheme:	0
crypto-type:	0
aes-ce-id:	0
aes-enc-key:	cert/key/KCEICV.txt
images-table:	cert/Images.txt
nvcounter-val:	1
cert-pkg:	cert/ICVSBContent.crt
2023-09-14 16:00:36,109 - **** Creating Content Certificate ****
2023-09-14 16:00:36,118 - **** Certificate file (context) creation has been completed successfully ****
2023-09-14 16:00:36,462 - Content Certificate Generation Utility started (Logging to sb_content_cert.log)
2023-09-14 16:00:36,462 - Parsing config file: cert/cfg/ICVSBContent.cfg
2023-09-14 16:00:36,463 - Parsed config items:
cert-keypair:	cert/key/ICVSBContent.pem
cert-keypair-pwd:	cert/key/ICVSBContent.pwd
load-verify-scheme:	0
crypto-type:	0
aes-ce-id:	0
aes-enc-key:	cert/key/KCEICV.txt
images-table:	cert/Images.txt
nvcounter-val:	1
cert-pkg:	cert/ICVSBContent.crt
2023-09-14 16:00:36,463 - **** Creating Content Certificate ****
2023-09-14 16:00:36,471 - **** Certificate file (context) creation has been completed successfully ****
2023-09-14 16:00:36,757 - Content Certificate Generation Utility started (Logging to sb_content_cert.log)
2023-09-14 16:00:36,757 - Parsing config file: cert/cfg/ICVSBContent.cfg
2023-09-14 16:00:36,758 - Parsed config items:
cert-keypair:	cert/key/ICVSBContent.pem
cert-keypair-pwd:	cert/key/ICVSBContent.pwd
load-verify-scheme:	0
crypto-type:	0
aes-ce-id:	0
aes-enc-key:	cert/key/KCEICV.txt
images-table:	cert/Images.txt
nvcounter-val:	1
cert-pkg:	cert/ICVSBContent.crt
2023-09-14 16:00:36,758 - **** Creating Content Certificate ****
2023-09-14 16:00:36,764 - **** Certificate file (context) creation has been completed successfully ****
2023-09-14 16:00:37,045 - Content Certificate Generation Utility started (Logging to sb_content_cert.log)
2023-09-14 16:00:37,046 - Parsing config file: cert/cfg/ICVSBContent.cfg
2023-09-14 16:00:37,046 - Parsed config items:
cert-keypair:	cert/key/ICVSBContent.pem
cert-keypair-pwd:	cert/key/ICVSBContent.pwd
load-verify-scheme:	0
crypto-type:	0
aes-ce-id:	0
aes-enc-key:	cert/key/KCEICV.txt
images-table:	cert/Images.txt
nvcounter-val:	1
cert-pkg:	cert/ICVSBContent.crt
2023-09-14 16:00:37,046 - **** Creating Content Certificate ****
2023-09-14 16:00:37,056 - **** Certificate file (context) creation has been completed successfully ****
2023-09-14 16:00:37,286 - Content Certificate Generation Utility started (Logging to sb_content_cert.log)
2023-09-14 16:00:37,286 - Parsing config file: cert/cfg/ICVSBContent.cfg
2023-09-14 16:00:37,286 - Parsed config items:
cert-keypair:	cert/key/ICVSBContent.pem
cert-keypair-pwd:	cert/key/ICVSBContent.pwd
load-verify-scheme:	0
crypto-type:	0
aes-ce-id:	0
aes-enc-key:	cert/key/KCEICV.txt
images-table:	cert/Images.txt
nvcounter-val:	1
cert-pkg:	cert/ICVSBContent.crt
2023-09-14 16:00:37,286 - **** Creating Content Certificate ****
2023-09-14 16:00:37,293 - **** Certificate file (context) creation has been completed successfully ****
2023-09-14 16:00:39,198 - Content Certificate Generation Utility started (Logging to sb_content_cert.log)
2023-09-14 16:00:39,198 - Parsing config file: cert/cfg/ICVSBContent.cfg
2023-09-14 16:00:39,199 - Parsed config items:
cert-keypair:	cert/key/ICVSBContent.pem
cert-keypair-pwd:	cert/key/ICVSBContent.pwd
load-verify-scheme:	0
crypto-type:	0
aes-ce-id:	0
aes-enc-key:	cert/key/KCEICV.txt
images-table:	cert/Images.txt
nvcounter-val:	1
cert-pkg:	cert/ICVSBContent.crt
2023-09-14 16:00:39,199 - **** Creating Content Certificate ****
2023-09-14 16:00:39,205 - **** Certificate file (context) creation has been completed successfully ****
2023-10-18 18:00:35,588 - Content Certificate Generation Utility started (Logging to sb_content_cert.log)
2023-10-18 18:00:35,589 - Parsing config file: cert\cfg\ICVSBContent.cfg
2023-10-18 18:00:35,600 - Parsed config items:
cert-keypair:	cert/key/ICVSBContent.pem
cert-keypair-pwd:	cert/key/ICVSBContent.pwd
load-verify-scheme:	0
crypto-type:	0
aes-ce-id:	0
aes-enc-key:	cert/key/KCEICV.txt
images-table:	cert/Images.txt
nvcounter-val:	1
cert-pkg:	cert/ICVSBContent.crt
2023-10-18 18:00:35,601 - **** Creating Content Certificate ****
2023-10-18 18:00:35,640 - **** Certificate file (context) creation has been completed successfully ****
2023-10-18 18:00:37,515 - Content Certificate Generation Utility started (Logging to sb_content_cert.log)
2023-10-18 18:00:37,516 - Parsing config file: cert\cfg\ICVSBContent.cfg
2023-10-18 18:00:37,517 - Parsed config items:
cert-keypair:	cert/key/ICVSBContent.pem
cert-keypair-pwd:	cert/key/ICVSBContent.pwd
load-verify-scheme:	0
crypto-type:	0
aes-ce-id:	0
aes-enc-key:	cert/key/KCEICV.txt
images-table:	cert/Images.txt
nvcounter-val:	1
cert-pkg:	cert/ICVSBContent.crt
2023-10-18 18:00:37,519 - **** Creating Content Certificate ****
2023-10-18 18:00:37,549 - **** Certificate file (context) creation has been completed successfully ****
2023-10-18 18:00:41,743 - Content Certificate Generation Utility started (Logging to sb_content_cert.log)
2023-10-18 18:00:41,744 - Parsing config file: cert\cfg\ICVSBContent.cfg
2023-10-18 18:00:41,747 - Parsed config items:
cert-keypair:	cert/key/ICVSBContent.pem
cert-keypair-pwd:	cert/key/ICVSBContent.pwd
load-verify-scheme:	0
crypto-type:	0
aes-ce-id:	0
aes-enc-key:	cert/key/KCEICV.txt
images-table:	cert/Images.txt
nvcounter-val:	1
cert-pkg:	cert/ICVSBContent.crt
2023-10-18 18:00:41,750 - **** Creating Content Certificate ****
2023-10-18 18:00:41,784 - **** Certificate file (context) creation has been completed successfully ****
2023-10-18 18:00:44,408 - Content Certificate Generation Utility started (Logging to sb_content_cert.log)
2023-10-18 18:00:44,410 - Parsing config file: cert\cfg\ICVSBContent.cfg
2023-10-18 18:00:44,411 - Parsed config items:
cert-keypair:	cert/key/ICVSBContent.pem
cert-keypair-pwd:	cert/key/ICVSBContent.pwd
load-verify-scheme:	0
crypto-type:	0
aes-ce-id:	0
aes-enc-key:	cert/key/KCEICV.txt
images-table:	cert/Images.txt
nvcounter-val:	1
cert-pkg:	cert/ICVSBContent.crt
2023-10-18 18:00:44,413 - **** Creating Content Certificate ****
2023-10-18 18:00:44,447 - **** Certificate file (context) creation has been completed successfully ****
2023-10-18 18:00:52,386 - Content Certificate Generation Utility started (Logging to sb_content_cert.log)
2023-10-18 18:00:52,387 - Parsing config file: cert\cfg\ICVSBContent.cfg
2023-10-18 18:00:52,388 - Parsed config items:
cert-keypair:	cert/key/ICVSBContent.pem
cert-keypair-pwd:	cert/key/ICVSBContent.pwd
load-verify-scheme:	0
crypto-type:	0
aes-ce-id:	0
aes-enc-key:	cert/key/KCEICV.txt
images-table:	cert/Images.txt
nvcounter-val:	1
cert-pkg:	cert/ICVSBContent.crt
2023-10-18 18:00:52,390 - **** Creating Content Certificate ****
2023-10-18 18:00:52,413 - **** Certificate file (context) creation has been completed successfully ****
2023-10-18 18:00:54,951 - Content Certificate Generation Utility started (Logging to sb_content_cert.log)
2023-10-18 18:00:54,953 - Parsing config file: cert\cfg\ICVSBContent.cfg
2023-10-18 18:00:54,958 - Parsed config items:
cert-keypair:	cert/key/ICVSBContent.pem
cert-keypair-pwd:	cert/key/ICVSBContent.pwd
load-verify-scheme:	0
crypto-type:	0
aes-ce-id:	0
aes-enc-key:	cert/key/KCEICV.txt
images-table:	cert/Images.txt
nvcounter-val:	1
cert-pkg:	cert/ICVSBContent.crt
2023-10-18 18:00:54,959 - **** Creating Content Certificate ****
2023-10-18 18:00:55,017 - **** Certificate file (context) creation has been completed successfully ****
2023-12-01 09:20:35,873 - Content Certificate Generation Utility started (Logging to sb_content_cert.log)
2023-12-01 09:20:35,874 - Parsing config file: cert/cfg/ICVSBContent.cfg
2023-12-01 09:20:35,874 - Parsed config items:
cert-keypair:	cert/key/ICVSBContent.pem
cert-keypair-pwd:	cert/key/ICVSBContent.pwd
load-verify-scheme:	0
crypto-type:	0
aes-ce-id:	0
aes-enc-key:	cert/key/KCEICV.txt
images-table:	cert/Images.txt
nvcounter-val:	1
cert-pkg:	cert/ICVSBContent.crt
2023-12-01 09:20:35,875 - **** Creating Content Certificate ****
2023-12-01 09:20:35,884 - **** Certificate file (context) creation has been completed successfully ****
2023-12-01 09:20:36,172 - Content Certificate Generation Utility started (Logging to sb_content_cert.log)
2023-12-01 09:20:36,172 - Parsing config file: cert/cfg/ICVSBContent.cfg
2023-12-01 09:20:36,173 - Parsed config items:
cert-keypair:	cert/key/ICVSBContent.pem
cert-keypair-pwd:	cert/key/ICVSBContent.pwd
load-verify-scheme:	0
crypto-type:	0
aes-ce-id:	0
aes-enc-key:	cert/key/KCEICV.txt
images-table:	cert/Images.txt
nvcounter-val:	1
cert-pkg:	cert/ICVSBContent.crt
2023-12-01 09:20:36,173 - **** Creating Content Certificate ****
2023-12-01 09:20:36,180 - **** Certificate file (context) creation has been completed successfully ****
2023-12-01 09:20:36,528 - Content Certificate Generation Utility started (Logging to sb_content_cert.log)
2023-12-01 09:20:36,528 - Parsing config file: cert/cfg/ICVSBContent.cfg
2023-12-01 09:20:36,528 - Parsed config items:
cert-keypair:	cert/key/ICVSBContent.pem
cert-keypair-pwd:	cert/key/ICVSBContent.pwd
load-verify-scheme:	0
crypto-type:	0
aes-ce-id:	0
aes-enc-key:	cert/key/KCEICV.txt
images-table:	cert/Images.txt
nvcounter-val:	1
cert-pkg:	cert/ICVSBContent.crt
2023-12-01 09:20:36,529 - **** Creating Content Certificate ****
2023-12-01 09:20:36,538 - **** Certificate file (context) creation has been completed successfully ****
2023-12-01 09:20:36,807 - Content Certificate Generation Utility started (Logging to sb_content_cert.log)
2023-12-01 09:20:36,807 - Parsing config file: cert/cfg/ICVSBContent.cfg
2023-12-01 09:20:36,807 - Parsed config items:
cert-keypair:	cert/key/ICVSBContent.pem
cert-keypair-pwd:	cert/key/ICVSBContent.pwd
load-verify-scheme:	0
crypto-type:	0
aes-ce-id:	0
aes-enc-key:	cert/key/KCEICV.txt
images-table:	cert/Images.txt
nvcounter-val:	1
cert-pkg:	cert/ICVSBContent.crt
2023-12-01 09:20:36,808 - **** Creating Content Certificate ****
2023-12-01 09:20:36,815 - **** Certificate file (context) creation has been completed successfully ****
2023-12-01 09:20:38,486 - Content Certificate Generation Utility started (Logging to sb_content_cert.log)
2023-12-01 09:20:38,486 - Parsing config file: cert/cfg/ICVSBContent.cfg
2023-12-01 09:20:38,486 - Parsed config items:
cert-keypair:	cert/key/ICVSBContent.pem
cert-keypair-pwd:	cert/key/ICVSBContent.pwd
load-verify-scheme:	0
crypto-type:	0
aes-ce-id:	0
aes-enc-key:	cert/key/KCEICV.txt
images-table:	cert/Images.txt
nvcounter-val:	1
cert-pkg:	cert/ICVSBContent.crt
2023-12-01 09:20:38,487 - **** Creating Content Certificate ****
2023-12-01 09:20:38,493 - **** Certificate file (context) creation has been completed successfully ****
2023-12-01 09:20:38,765 - Content Certificate Generation Utility started (Logging to sb_content_cert.log)
2023-12-01 09:20:38,765 - Parsing config file: cert/cfg/ICVSBContent.cfg
2023-12-01 09:20:38,765 - Parsed config items:
cert-keypair:	cert/key/ICVSBContent.pem
cert-keypair-pwd:	cert/key/ICVSBContent.pwd
load-verify-scheme:	0
crypto-type:	0
aes-ce-id:	0
aes-enc-key:	cert/key/KCEICV.txt
images-table:	cert/Images.txt
nvcounter-val:	1
cert-pkg:	cert/ICVSBContent.crt
2023-12-01 09:20:38,766 - **** Creating Content Certificate ****
2023-12-01 09:20:38,772 - **** Certificate file (context) creation has been completed successfully ****
2023-12-01 09:21:02,875 - Content Certificate Generation Utility started (Logging to sb_content_cert.log)
2023-12-01 09:21:02,875 - Parsing config file: cert/cfg/ICVSBContent.cfg
2023-12-01 09:21:02,876 - Parsed config items:
cert-keypair:	cert/key/ICVSBContent.pem
cert-keypair-pwd:	cert/key/ICVSBContent.pwd
load-verify-scheme:	0
crypto-type:	0
aes-ce-id:	0
aes-enc-key:	cert/key/KCEICV.txt
images-table:	cert/Images.txt
nvcounter-val:	1
cert-pkg:	cert/ICVSBContent.crt
2023-12-01 09:21:02,876 - **** Creating Content Certificate ****
2023-12-01 09:21:02,885 - **** Certificate file (context) creation has been completed successfully ****
2023-12-01 09:21:03,185 - Content Certificate Generation Utility started (Logging to sb_content_cert.log)
2023-12-01 09:21:03,185 - Parsing config file: cert/cfg/ICVSBContent.cfg
2023-12-01 09:21:03,186 - Parsed config items:
cert-keypair:	cert/key/ICVSBContent.pem
cert-keypair-pwd:	cert/key/ICVSBContent.pwd
load-verify-scheme:	0
crypto-type:	0
aes-ce-id:	0
aes-enc-key:	cert/key/KCEICV.txt
images-table:	cert/Images.txt
nvcounter-val:	1
cert-pkg:	cert/ICVSBContent.crt
2023-12-01 09:21:03,186 - **** Creating Content Certificate ****
2023-12-01 09:21:03,195 - **** Certificate file (context) creation has been completed successfully ****
2023-12-01 09:21:03,471 - Content Certificate Generation Utility started (Logging to sb_content_cert.log)
2023-12-01 09:21:03,471 - Parsing config file: cert/cfg/ICVSBContent.cfg
2023-12-01 09:21:03,471 - Parsed config items:
cert-keypair:	cert/key/ICVSBContent.pem
cert-keypair-pwd:	cert/key/ICVSBContent.pwd
load-verify-scheme:	0
crypto-type:	0
aes-ce-id:	0
aes-enc-key:	cert/key/KCEICV.txt
images-table:	cert/Images.txt
nvcounter-val:	1
cert-pkg:	cert/ICVSBContent.crt
2023-12-01 09:21:03,472 - **** Creating Content Certificate ****
2023-12-01 09:21:03,480 - **** Certificate file (context) creation has been completed successfully ****
2023-12-01 09:21:03,751 - Content Certificate Generation Utility started (Logging to sb_content_cert.log)
2023-12-01 09:21:03,751 - Parsing config file: cert/cfg/ICVSBContent.cfg
2023-12-01 09:21:03,751 - Parsed config items:
cert-keypair:	cert/key/ICVSBContent.pem
cert-keypair-pwd:	cert/key/ICVSBContent.pwd
load-verify-scheme:	0
crypto-type:	0
aes-ce-id:	0
aes-enc-key:	cert/key/KCEICV.txt
images-table:	cert/Images.txt
nvcounter-val:	1
cert-pkg:	cert/ICVSBContent.crt
2023-12-01 09:21:03,752 - **** Creating Content Certificate ****
2023-12-01 09:21:03,758 - **** Certificate file (context) creation has been completed successfully ****
2023-12-01 09:21:05,450 - Content Certificate Generation Utility started (Logging to sb_content_cert.log)
2023-12-01 09:21:05,450 - Parsing config file: cert/cfg/ICVSBContent.cfg
2023-12-01 09:21:05,450 - Parsed config items:
cert-keypair:	cert/key/ICVSBContent.pem
cert-keypair-pwd:	cert/key/ICVSBContent.pwd
load-verify-scheme:	0
crypto-type:	0
aes-ce-id:	0
aes-enc-key:	cert/key/KCEICV.txt
images-table:	cert/Images.txt
nvcounter-val:	1
cert-pkg:	cert/ICVSBContent.crt
2023-12-01 09:21:05,451 - **** Creating Content Certificate ****
2023-12-01 09:21:05,458 - **** Certificate file (context) creation has been completed successfully ****
2023-12-01 09:21:05,709 - Content Certificate Generation Utility started (Logging to sb_content_cert.log)
2023-12-01 09:21:05,709 - Parsing config file: cert/cfg/ICVSBContent.cfg
2023-12-01 09:21:05,710 - Parsed config items:
cert-keypair:	cert/key/ICVSBContent.pem
cert-keypair-pwd:	cert/key/ICVSBContent.pwd
load-verify-scheme:	0
crypto-type:	0
aes-ce-id:	0
aes-enc-key:	cert/key/KCEICV.txt
images-table:	cert/Images.txt
nvcounter-val:	1
cert-pkg:	cert/ICVSBContent.crt
2023-12-01 09:21:05,710 - **** Creating Content Certificate ****
2023-12-01 09:21:05,716 - **** Certificate file (context) creation has been completed successfully ****
2023-12-01 10:05:33,730 - Content Certificate Generation Utility started (Logging to sb_content_cert.log)
2023-12-01 10:05:33,730 - Parsing config file: cert/cfg/ICVSBContent.cfg
2023-12-01 10:05:33,730 - Parsed config items:
cert-keypair:	cert/key/ICVSBContent.pem
cert-keypair-pwd:	cert/key/ICVSBContent.pwd
load-verify-scheme:	0
crypto-type:	0
aes-ce-id:	0
aes-enc-key:	cert/key/KCEICV.txt
images-table:	cert/Images.txt
nvcounter-val:	1
cert-pkg:	cert/ICVSBContent.crt
2023-12-01 10:05:33,731 - **** Creating Content Certificate ****
2023-12-01 10:05:33,738 - **** Certificate file (context) creation has been completed successfully ****
2023-12-01 10:05:33,993 - Content Certificate Generation Utility started (Logging to sb_content_cert.log)
2023-12-01 10:05:33,993 - Parsing config file: cert/cfg/ICVSBContent.cfg
2023-12-01 10:05:33,994 - Parsed config items:
cert-keypair:	cert/key/ICVSBContent.pem
cert-keypair-pwd:	cert/key/ICVSBContent.pwd
load-verify-scheme:	0
crypto-type:	0
aes-ce-id:	0
aes-enc-key:	cert/key/KCEICV.txt
images-table:	cert/Images.txt
nvcounter-val:	1
cert-pkg:	cert/ICVSBContent.crt
2023-12-01 10:05:33,994 - **** Creating Content Certificate ****
2023-12-01 10:05:34,001 - **** Certificate file (context) creation has been completed successfully ****
2023-12-01 10:05:34,362 - Content Certificate Generation Utility started (Logging to sb_content_cert.log)
2023-12-01 10:05:34,363 - Parsing config file: cert/cfg/ICVSBContent.cfg
2023-12-01 10:05:34,363 - Parsed config items:
cert-keypair:	cert/key/ICVSBContent.pem
cert-keypair-pwd:	cert/key/ICVSBContent.pwd
load-verify-scheme:	0
crypto-type:	0
aes-ce-id:	0
aes-enc-key:	cert/key/KCEICV.txt
images-table:	cert/Images.txt
nvcounter-val:	1
cert-pkg:	cert/ICVSBContent.crt
2023-12-01 10:05:34,363 - **** Creating Content Certificate ****
2023-12-01 10:05:34,372 - **** Certificate file (context) creation has been completed successfully ****
2023-12-01 10:05:34,632 - Content Certificate Generation Utility started (Logging to sb_content_cert.log)
2023-12-01 10:05:34,632 - Parsing config file: cert/cfg/ICVSBContent.cfg
2023-12-01 10:05:34,633 - Parsed config items:
cert-keypair:	cert/key/ICVSBContent.pem
cert-keypair-pwd:	cert/key/ICVSBContent.pwd
load-verify-scheme:	0
crypto-type:	0
aes-ce-id:	0
aes-enc-key:	cert/key/KCEICV.txt
images-table:	cert/Images.txt
nvcounter-val:	1
cert-pkg:	cert/ICVSBContent.crt
2023-12-01 10:05:34,633 - **** Creating Content Certificate ****
2023-12-01 10:05:34,640 - **** Certificate file (context) creation has been completed successfully ****
2023-12-01 10:05:36,362 - Content Certificate Generation Utility started (Logging to sb_content_cert.log)
2023-12-01 10:05:36,363 - Parsing config file: cert/cfg/ICVSBContent.cfg
2023-12-01 10:05:36,363 - Parsed config items:
cert-keypair:	cert/key/ICVSBContent.pem
cert-keypair-pwd:	cert/key/ICVSBContent.pwd
load-verify-scheme:	0
crypto-type:	0
aes-ce-id:	0
aes-enc-key:	cert/key/KCEICV.txt
images-table:	cert/Images.txt
nvcounter-val:	1
cert-pkg:	cert/ICVSBContent.crt
2023-12-01 10:05:36,363 - **** Creating Content Certificate ****
2023-12-01 10:05:36,370 - **** Certificate file (context) creation has been completed successfully ****
2023-12-01 10:05:36,617 - Content Certificate Generation Utility started (Logging to sb_content_cert.log)
2023-12-01 10:05:36,617 - Parsing config file: cert/cfg/ICVSBContent.cfg
2023-12-01 10:05:36,617 - Parsed config items:
cert-keypair:	cert/key/ICVSBContent.pem
cert-keypair-pwd:	cert/key/ICVSBContent.pwd
load-verify-scheme:	0
crypto-type:	0
aes-ce-id:	0
aes-enc-key:	cert/key/KCEICV.txt
images-table:	cert/Images.txt
nvcounter-val:	1
cert-pkg:	cert/ICVSBContent.crt
2023-12-01 10:05:36,618 - **** Creating Content Certificate ****
2023-12-01 10:05:36,624 - **** Certificate file (context) creation has been completed successfully ****
2023-12-01 10:11:05,222 - Content Certificate Generation Utility started (Logging to sb_content_cert.log)
2023-12-01 10:11:05,222 - Parsing config file: cert/cfg/ICVSBContent.cfg
2023-12-01 10:11:05,222 - Parsed config items:
cert-keypair:	cert/key/ICVSBContent.pem
cert-keypair-pwd:	cert/key/ICVSBContent.pwd
load-verify-scheme:	0
crypto-type:	0
aes-ce-id:	0
aes-enc-key:	cert/key/KCEICV.txt
images-table:	cert/Images.txt
nvcounter-val:	1
cert-pkg:	cert/ICVSBContent.crt
2023-12-01 10:11:05,223 - **** Creating Content Certificate ****
2023-12-01 10:11:05,231 - **** Certificate file (context) creation has been completed successfully ****
2023-12-01 10:11:05,486 - Content Certificate Generation Utility started (Logging to sb_content_cert.log)
2023-12-01 10:11:05,486 - Parsing config file: cert/cfg/ICVSBContent.cfg
2023-12-01 10:11:05,487 - Parsed config items:
cert-keypair:	cert/key/ICVSBContent.pem
cert-keypair-pwd:	cert/key/ICVSBContent.pwd
load-verify-scheme:	0
crypto-type:	0
aes-ce-id:	0
aes-enc-key:	cert/key/KCEICV.txt
images-table:	cert/Images.txt
nvcounter-val:	1
cert-pkg:	cert/ICVSBContent.crt
2023-12-01 10:11:05,487 - **** Creating Content Certificate ****
2023-12-01 10:11:05,493 - **** Certificate file (context) creation has been completed successfully ****
2023-12-01 10:11:05,784 - Content Certificate Generation Utility started (Logging to sb_content_cert.log)
2023-12-01 10:11:05,784 - Parsing config file: cert/cfg/ICVSBContent.cfg
2023-12-01 10:11:05,784 - Parsed config items:
cert-keypair:	cert/key/ICVSBContent.pem
cert-keypair-pwd:	cert/key/ICVSBContent.pwd
load-verify-scheme:	0
crypto-type:	0
aes-ce-id:	0
aes-enc-key:	cert/key/KCEICV.txt
images-table:	cert/Images.txt
nvcounter-val:	1
cert-pkg:	cert/ICVSBContent.crt
2023-12-01 10:11:05,785 - **** Creating Content Certificate ****
2023-12-01 10:11:05,791 - **** Certificate file (context) creation has been completed successfully ****
2023-12-01 10:11:06,037 - Content Certificate Generation Utility started (Logging to sb_content_cert.log)
2023-12-01 10:11:06,037 - Parsing config file: cert/cfg/ICVSBContent.cfg
2023-12-01 10:11:06,038 - Parsed config items:
cert-keypair:	cert/key/ICVSBContent.pem
cert-keypair-pwd:	cert/key/ICVSBContent.pwd
load-verify-scheme:	0
crypto-type:	0
aes-ce-id:	0
aes-enc-key:	cert/key/KCEICV.txt
images-table:	cert/Images.txt
nvcounter-val:	1
cert-pkg:	cert/ICVSBContent.crt
2023-12-01 10:11:06,038 - **** Creating Content Certificate ****
2023-12-01 10:11:06,045 - **** Certificate file (context) creation has been completed successfully ****
2023-12-01 10:11:06,898 - Content Certificate Generation Utility started (Logging to sb_content_cert.log)
2023-12-01 10:11:06,898 - Parsing config file: cert/cfg/ICVSBContent.cfg
2023-12-01 10:11:06,898 - Parsed config items:
cert-keypair:	cert/key/ICVSBContent.pem
cert-keypair-pwd:	cert/key/ICVSBContent.pwd
load-verify-scheme:	0
crypto-type:	0
aes-ce-id:	0
aes-enc-key:	cert/key/KCEICV.txt
images-table:	cert/Images.txt
nvcounter-val:	1
cert-pkg:	cert/ICVSBContent.crt
2023-12-01 10:11:06,899 - **** Creating Content Certificate ****
2023-12-01 10:11:06,905 - **** Certificate file (context) creation has been completed successfully ****
2023-12-01 10:11:07,144 - Content Certificate Generation Utility started (Logging to sb_content_cert.log)
2023-12-01 10:11:07,144 - Parsing config file: cert/cfg/ICVSBContent.cfg
2023-12-01 10:11:07,145 - Parsed config items:
cert-keypair:	cert/key/ICVSBContent.pem
cert-keypair-pwd:	cert/key/ICVSBContent.pwd
load-verify-scheme:	0
crypto-type:	0
aes-ce-id:	0
aes-enc-key:	cert/key/KCEICV.txt
images-table:	cert/Images.txt
nvcounter-val:	1
cert-pkg:	cert/ICVSBContent.crt
2023-12-01 10:11:07,145 - **** Creating Content Certificate ****
2023-12-01 10:11:07,151 - **** Certificate file (context) creation has been completed successfully ****
2023-12-01 10:21:20,460 - Content Certificate Generation Utility started (Logging to sb_content_cert.log)
2023-12-01 10:21:20,460 - Parsing config file: cert/cfg/ICVSBContent.cfg
2023-12-01 10:21:20,461 - Parsed config items:
cert-keypair:	cert/key/ICVSBContent.pem
cert-keypair-pwd:	cert/key/ICVSBContent.pwd
load-verify-scheme:	0
crypto-type:	0
aes-ce-id:	0
aes-enc-key:	cert/key/KCEICV.txt
images-table:	cert/Images.txt
nvcounter-val:	1
cert-pkg:	cert/ICVSBContent.crt
2023-12-01 10:21:20,461 - **** Creating Content Certificate ****
2023-12-01 10:21:20,468 - **** Certificate file (context) creation has been completed successfully ****
2023-12-01 10:21:20,768 - Content Certificate Generation Utility started (Logging to sb_content_cert.log)
2023-12-01 10:21:20,768 - Parsing config file: cert/cfg/ICVSBContent.cfg
2023-12-01 10:21:20,769 - Parsed config items:
cert-keypair:	cert/key/ICVSBContent.pem
cert-keypair-pwd:	cert/key/ICVSBContent.pwd
load-verify-scheme:	0
crypto-type:	0
aes-ce-id:	0
aes-enc-key:	cert/key/KCEICV.txt
images-table:	cert/Images.txt
nvcounter-val:	1
cert-pkg:	cert/ICVSBContent.crt
2023-12-01 10:21:20,769 - **** Creating Content Certificate ****
2023-12-01 10:21:20,776 - **** Certificate file (context) creation has been completed successfully ****
2023-12-01 10:21:21,096 - Content Certificate Generation Utility started (Logging to sb_content_cert.log)
2023-12-01 10:21:21,096 - Parsing config file: cert/cfg/ICVSBContent.cfg
2023-12-01 10:21:21,097 - Parsed config items:
cert-keypair:	cert/key/ICVSBContent.pem
cert-keypair-pwd:	cert/key/ICVSBContent.pwd
load-verify-scheme:	0
crypto-type:	0
aes-ce-id:	0
aes-enc-key:	cert/key/KCEICV.txt
images-table:	cert/Images.txt
nvcounter-val:	1
cert-pkg:	cert/ICVSBContent.crt
2023-12-01 10:21:21,097 - **** Creating Content Certificate ****
2023-12-01 10:21:21,105 - **** Certificate file (context) creation has been completed successfully ****
2023-12-01 10:21:21,407 - Content Certificate Generation Utility started (Logging to sb_content_cert.log)
2023-12-01 10:21:21,408 - Parsing config file: cert/cfg/ICVSBContent.cfg
2023-12-01 10:21:21,408 - Parsed config items:
cert-keypair:	cert/key/ICVSBContent.pem
cert-keypair-pwd:	cert/key/ICVSBContent.pwd
load-verify-scheme:	0
crypto-type:	0
aes-ce-id:	0
aes-enc-key:	cert/key/KCEICV.txt
images-table:	cert/Images.txt
nvcounter-val:	1
cert-pkg:	cert/ICVSBContent.crt
2023-12-01 10:21:21,409 - **** Creating Content Certificate ****
2023-12-01 10:21:21,417 - **** Certificate file (context) creation has been completed successfully ****
2023-12-01 10:21:23,254 - Content Certificate Generation Utility started (Logging to sb_content_cert.log)
2023-12-01 10:21:23,254 - Parsing config file: cert/cfg/ICVSBContent.cfg
2023-12-01 10:21:23,255 - Parsed config items:
cert-keypair:	cert/key/ICVSBContent.pem
cert-keypair-pwd:	cert/key/ICVSBContent.pwd
load-verify-scheme:	0
crypto-type:	0
aes-ce-id:	0
aes-enc-key:	cert/key/KCEICV.txt
images-table:	cert/Images.txt
nvcounter-val:	1
cert-pkg:	cert/ICVSBContent.crt
2023-12-01 10:21:23,255 - **** Creating Content Certificate ****
2023-12-01 10:21:23,263 - **** Certificate file (context) creation has been completed successfully ****
2023-12-01 10:21:23,563 - Content Certificate Generation Utility started (Logging to sb_content_cert.log)
2023-12-01 10:21:23,563 - Parsing config file: cert/cfg/ICVSBContent.cfg
2023-12-01 10:21:23,564 - Parsed config items:
cert-keypair:	cert/key/ICVSBContent.pem
cert-keypair-pwd:	cert/key/ICVSBContent.pwd
load-verify-scheme:	0
crypto-type:	0
aes-ce-id:	0
aes-enc-key:	cert/key/KCEICV.txt
images-table:	cert/Images.txt
nvcounter-val:	1
cert-pkg:	cert/ICVSBContent.crt
2023-12-01 10:21:23,564 - **** Creating Content Certificate ****
2023-12-01 10:21:23,570 - **** Certificate file (context) creation has been completed successfully ****
2023-12-01 10:50:51,778 - Content Certificate Generation Utility started (Logging to sb_content_cert.log)
2023-12-01 10:50:51,778 - Parsing config file: cert/cfg/ICVSBContent.cfg
2023-12-01 10:50:51,779 - Parsed config items:
cert-keypair:	cert/key/ICVSBContent.pem
cert-keypair-pwd:	cert/key/ICVSBContent.pwd
load-verify-scheme:	0
crypto-type:	0
aes-ce-id:	0
aes-enc-key:	cert/key/KCEICV.txt
images-table:	cert/Images.txt
nvcounter-val:	1
cert-pkg:	cert/ICVSBContent.crt
2023-12-01 10:50:51,779 - **** Creating Content Certificate ****
2023-12-01 10:50:51,786 - **** Certificate file (context) creation has been completed successfully ****
2023-12-01 10:50:52,046 - Content Certificate Generation Utility started (Logging to sb_content_cert.log)
2023-12-01 10:50:52,046 - Parsing config file: cert/cfg/ICVSBContent.cfg
2023-12-01 10:50:52,046 - Parsed config items:
cert-keypair:	cert/key/ICVSBContent.pem
cert-keypair-pwd:	cert/key/ICVSBContent.pwd
load-verify-scheme:	0
crypto-type:	0
aes-ce-id:	0
aes-enc-key:	cert/key/KCEICV.txt
images-table:	cert/Images.txt
nvcounter-val:	1
cert-pkg:	cert/ICVSBContent.crt
2023-12-01 10:50:52,047 - **** Creating Content Certificate ****
2023-12-01 10:50:52,053 - **** Certificate file (context) creation has been completed successfully ****
2023-12-01 10:50:52,414 - Content Certificate Generation Utility started (Logging to sb_content_cert.log)
2023-12-01 10:50:52,414 - Parsing config file: cert/cfg/ICVSBContent.cfg
2023-12-01 10:50:52,415 - Parsed config items:
cert-keypair:	cert/key/ICVSBContent.pem
cert-keypair-pwd:	cert/key/ICVSBContent.pwd
load-verify-scheme:	0
crypto-type:	0
aes-ce-id:	0
aes-enc-key:	cert/key/KCEICV.txt
images-table:	cert/Images.txt
nvcounter-val:	1
cert-pkg:	cert/ICVSBContent.crt
2023-12-01 10:50:52,415 - **** Creating Content Certificate ****
2023-12-01 10:50:52,425 - **** Certificate file (context) creation has been completed successfully ****
2023-12-01 10:50:52,716 - Content Certificate Generation Utility started (Logging to sb_content_cert.log)
2023-12-01 10:50:52,716 - Parsing config file: cert/cfg/ICVSBContent.cfg
2023-12-01 10:50:52,716 - Parsed config items:
cert-keypair:	cert/key/ICVSBContent.pem
cert-keypair-pwd:	cert/key/ICVSBContent.pwd
load-verify-scheme:	0
crypto-type:	0
aes-ce-id:	0
aes-enc-key:	cert/key/KCEICV.txt
images-table:	cert/Images.txt
nvcounter-val:	1
cert-pkg:	cert/ICVSBContent.crt
2023-12-01 10:50:52,717 - **** Creating Content Certificate ****
2023-12-01 10:50:52,726 - **** Certificate file (context) creation has been completed successfully ****
2023-12-01 10:50:54,488 - Content Certificate Generation Utility started (Logging to sb_content_cert.log)
2023-12-01 10:50:54,488 - Parsing config file: cert/cfg/ICVSBContent.cfg
2023-12-01 10:50:54,489 - Parsed config items:
cert-keypair:	cert/key/ICVSBContent.pem
cert-keypair-pwd:	cert/key/ICVSBContent.pwd
load-verify-scheme:	0
crypto-type:	0
aes-ce-id:	0
aes-enc-key:	cert/key/KCEICV.txt
images-table:	cert/Images.txt
nvcounter-val:	1
cert-pkg:	cert/ICVSBContent.crt
2023-12-01 10:50:54,489 - **** Creating Content Certificate ****
2023-12-01 10:50:54,496 - **** Certificate file (context) creation has been completed successfully ****
2023-12-01 10:50:54,774 - Content Certificate Generation Utility started (Logging to sb_content_cert.log)
2023-12-01 10:50:54,774 - Parsing config file: cert/cfg/ICVSBContent.cfg
2023-12-01 10:50:54,775 - Parsed config items:
cert-keypair:	cert/key/ICVSBContent.pem
cert-keypair-pwd:	cert/key/ICVSBContent.pwd
load-verify-scheme:	0
crypto-type:	0
aes-ce-id:	0
aes-enc-key:	cert/key/KCEICV.txt
images-table:	cert/Images.txt
nvcounter-val:	1
cert-pkg:	cert/ICVSBContent.crt
2023-12-01 10:50:54,775 - **** Creating Content Certificate ****
2023-12-01 10:50:54,781 - **** Certificate file (context) creation has been completed successfully ****
2023-12-01 18:36:49,646 - Content Certificate Generation Utility started (Logging to sb_content_cert.log)
2023-12-01 18:36:49,646 - Parsing config file: cert/cfg/ICVSBContent.cfg
2023-12-01 18:36:49,646 - Parsed config items:
cert-keypair:	cert/key/ICVSBContent.pem
cert-keypair-pwd:	cert/key/ICVSBContent.pwd
load-verify-scheme:	0
crypto-type:	0
aes-ce-id:	0
aes-enc-key:	cert/key/KCEICV.txt
images-table:	cert/Images.txt
nvcounter-val:	1
cert-pkg:	cert/ICVSBContent.crt
2023-12-01 18:36:49,646 - **** Creating Content Certificate ****
2023-12-01 18:36:49,653 - **** Certificate file (context) creation has been completed successfully ****
2023-12-01 18:36:49,949 - Content Certificate Generation Utility started (Logging to sb_content_cert.log)
2023-12-01 18:36:49,949 - Parsing config file: cert/cfg/ICVSBContent.cfg
2023-12-01 18:36:49,950 - Parsed config items:
cert-keypair:	cert/key/ICVSBContent.pem
cert-keypair-pwd:	cert/key/ICVSBContent.pwd
load-verify-scheme:	0
crypto-type:	0
aes-ce-id:	0
aes-enc-key:	cert/key/KCEICV.txt
images-table:	cert/Images.txt
nvcounter-val:	1
cert-pkg:	cert/ICVSBContent.crt
2023-12-01 18:36:49,950 - **** Creating Content Certificate ****
2023-12-01 18:36:49,959 - **** Certificate file (context) creation has been completed successfully ****
2023-12-01 18:36:50,236 - Content Certificate Generation Utility started (Logging to sb_content_cert.log)
2023-12-01 18:36:50,236 - Parsing config file: cert/cfg/ICVSBContent.cfg
2023-12-01 18:36:50,236 - Parsed config items:
cert-keypair:	cert/key/ICVSBContent.pem
cert-keypair-pwd:	cert/key/ICVSBContent.pwd
load-verify-scheme:	0
crypto-type:	0
aes-ce-id:	0
aes-enc-key:	cert/key/KCEICV.txt
images-table:	cert/Images.txt
nvcounter-val:	1
cert-pkg:	cert/ICVSBContent.crt
2023-12-01 18:36:50,237 - **** Creating Content Certificate ****
2023-12-01 18:36:50,244 - **** Certificate file (context) creation has been completed successfully ****
2023-12-01 18:36:50,510 - Content Certificate Generation Utility started (Logging to sb_content_cert.log)
2023-12-01 18:36:50,510 - Parsing config file: cert/cfg/ICVSBContent.cfg
2023-12-01 18:36:50,511 - Parsed config items:
cert-keypair:	cert/key/ICVSBContent.pem
cert-keypair-pwd:	cert/key/ICVSBContent.pwd
load-verify-scheme:	0
crypto-type:	0
aes-ce-id:	0
aes-enc-key:	cert/key/KCEICV.txt
images-table:	cert/Images.txt
nvcounter-val:	1
cert-pkg:	cert/ICVSBContent.crt
2023-12-01 18:36:50,511 - **** Creating Content Certificate ****
2023-12-01 18:36:50,519 - **** Certificate file (context) creation has been completed successfully ****
2023-12-01 18:36:51,653 - Content Certificate Generation Utility started (Logging to sb_content_cert.log)
2023-12-01 18:36:51,654 - Parsing config file: cert/cfg/ICVSBContent.cfg
2023-12-01 18:36:51,654 - Parsed config items:
cert-keypair:	cert/key/ICVSBContent.pem
cert-keypair-pwd:	cert/key/ICVSBContent.pwd
load-verify-scheme:	0
crypto-type:	0
aes-ce-id:	0
aes-enc-key:	cert/key/KCEICV.txt
images-table:	cert/Images.txt
nvcounter-val:	1
cert-pkg:	cert/ICVSBContent.crt
2023-12-01 18:36:51,654 - **** Creating Content Certificate ****
2023-12-01 18:36:51,661 - **** Certificate file (context) creation has been completed successfully ****
2023-12-01 18:36:51,962 - Content Certificate Generation Utility started (Logging to sb_content_cert.log)
2023-12-01 18:36:51,962 - Parsing config file: cert/cfg/ICVSBContent.cfg
2023-12-01 18:36:51,963 - Parsed config items:
cert-keypair:	cert/key/ICVSBContent.pem
cert-keypair-pwd:	cert/key/ICVSBContent.pwd
load-verify-scheme:	0
crypto-type:	0
aes-ce-id:	0
aes-enc-key:	cert/key/KCEICV.txt
images-table:	cert/Images.txt
nvcounter-val:	1
cert-pkg:	cert/ICVSBContent.crt
2023-12-01 18:36:51,963 - **** Creating Content Certificate ****
2023-12-01 18:36:51,969 - **** Certificate file (context) creation has been completed successfully ****
2023-12-01 18:42:14,174 - Content Certificate Generation Utility started (Logging to sb_content_cert.log)
2023-12-01 18:42:14,175 - Parsing config file: cert/cfg/ICVSBContent.cfg
2023-12-01 18:42:14,175 - Parsed config items:
cert-keypair:	cert/key/ICVSBContent.pem
cert-keypair-pwd:	cert/key/ICVSBContent.pwd
load-verify-scheme:	0
crypto-type:	0
aes-ce-id:	0
aes-enc-key:	cert/key/KCEICV.txt
images-table:	cert/Images.txt
nvcounter-val:	1
cert-pkg:	cert/ICVSBContent.crt
2023-12-01 18:42:14,175 - **** Creating Content Certificate ****
2023-12-01 18:42:14,184 - **** Certificate file (context) creation has been completed successfully ****
2023-12-01 18:42:14,454 - Content Certificate Generation Utility started (Logging to sb_content_cert.log)
2023-12-01 18:42:14,454 - Parsing config file: cert/cfg/ICVSBContent.cfg
2023-12-01 18:42:14,454 - Parsed config items:
cert-keypair:	cert/key/ICVSBContent.pem
cert-keypair-pwd:	cert/key/ICVSBContent.pwd
load-verify-scheme:	0
crypto-type:	0
aes-ce-id:	0
aes-enc-key:	cert/key/KCEICV.txt
images-table:	cert/Images.txt
nvcounter-val:	1
cert-pkg:	cert/ICVSBContent.crt
2023-12-01 18:42:14,455 - **** Creating Content Certificate ****
2023-12-01 18:42:14,464 - **** Certificate file (context) creation has been completed successfully ****
2023-12-01 18:42:14,772 - Content Certificate Generation Utility started (Logging to sb_content_cert.log)
2023-12-01 18:42:14,772 - Parsing config file: cert/cfg/ICVSBContent.cfg
2023-12-01 18:42:14,772 - Parsed config items:
cert-keypair:	cert/key/ICVSBContent.pem
cert-keypair-pwd:	cert/key/ICVSBContent.pwd
load-verify-scheme:	0
crypto-type:	0
aes-ce-id:	0
aes-enc-key:	cert/key/KCEICV.txt
images-table:	cert/Images.txt
nvcounter-val:	1
cert-pkg:	cert/ICVSBContent.crt
2023-12-01 18:42:14,773 - **** Creating Content Certificate ****
2023-12-01 18:42:14,782 - **** Certificate file (context) creation has been completed successfully ****
2023-12-01 18:42:15,050 - Content Certificate Generation Utility started (Logging to sb_content_cert.log)
2023-12-01 18:42:15,050 - Parsing config file: cert/cfg/ICVSBContent.cfg
2023-12-01 18:42:15,051 - Parsed config items:
cert-keypair:	cert/key/ICVSBContent.pem
cert-keypair-pwd:	cert/key/ICVSBContent.pwd
load-verify-scheme:	0
crypto-type:	0
aes-ce-id:	0
aes-enc-key:	cert/key/KCEICV.txt
images-table:	cert/Images.txt
nvcounter-val:	1
cert-pkg:	cert/ICVSBContent.crt
2023-12-01 18:42:15,051 - **** Creating Content Certificate ****
2023-12-01 18:42:15,060 - **** Certificate file (context) creation has been completed successfully ****
2023-12-01 18:42:15,980 - Content Certificate Generation Utility started (Logging to sb_content_cert.log)
2023-12-01 18:42:15,980 - Parsing config file: cert/cfg/ICVSBContent.cfg
2023-12-01 18:42:15,980 - Parsed config items:
cert-keypair:	cert/key/ICVSBContent.pem
cert-keypair-pwd:	cert/key/ICVSBContent.pwd
load-verify-scheme:	0
crypto-type:	0
aes-ce-id:	0
aes-enc-key:	cert/key/KCEICV.txt
images-table:	cert/Images.txt
nvcounter-val:	1
cert-pkg:	cert/ICVSBContent.crt
2023-12-01 18:42:15,980 - **** Creating Content Certificate ****
2023-12-01 18:42:15,987 - **** Certificate file (context) creation has been completed successfully ****
2023-12-01 18:42:16,231 - Content Certificate Generation Utility started (Logging to sb_content_cert.log)
2023-12-01 18:42:16,231 - Parsing config file: cert/cfg/ICVSBContent.cfg
2023-12-01 18:42:16,232 - Parsed config items:
cert-keypair:	cert/key/ICVSBContent.pem
cert-keypair-pwd:	cert/key/ICVSBContent.pwd
load-verify-scheme:	0
crypto-type:	0
aes-ce-id:	0
aes-enc-key:	cert/key/KCEICV.txt
images-table:	cert/Images.txt
nvcounter-val:	1
cert-pkg:	cert/ICVSBContent.crt
2023-12-01 18:42:16,232 - **** Creating Content Certificate ****
2023-12-01 18:42:16,238 - **** Certificate file (context) creation has been completed successfully ****
2023-12-01 18:45:44,652 - Content Certificate Generation Utility started (Logging to sb_content_cert.log)
2023-12-01 18:45:44,652 - Parsing config file: cert/cfg/ICVSBContent.cfg
2023-12-01 18:45:44,652 - Parsed config items:
cert-keypair:	cert/key/ICVSBContent.pem
cert-keypair-pwd:	cert/key/ICVSBContent.pwd
load-verify-scheme:	0
crypto-type:	0
aes-ce-id:	0
aes-enc-key:	cert/key/KCEICV.txt
images-table:	cert/Images.txt
nvcounter-val:	1
cert-pkg:	cert/ICVSBContent.crt
2023-12-01 18:45:44,653 - **** Creating Content Certificate ****
2023-12-01 18:45:44,659 - **** Certificate file (context) creation has been completed successfully ****
2023-12-01 18:45:44,913 - Content Certificate Generation Utility started (Logging to sb_content_cert.log)
2023-12-01 18:45:44,913 - Parsing config file: cert/cfg/ICVSBContent.cfg
2023-12-01 18:45:44,914 - Parsed config items:
cert-keypair:	cert/key/ICVSBContent.pem
cert-keypair-pwd:	cert/key/ICVSBContent.pwd
load-verify-scheme:	0
crypto-type:	0
aes-ce-id:	0
aes-enc-key:	cert/key/KCEICV.txt
images-table:	cert/Images.txt
nvcounter-val:	1
cert-pkg:	cert/ICVSBContent.crt
2023-12-01 18:45:44,914 - **** Creating Content Certificate ****
2023-12-01 18:45:44,921 - **** Certificate file (context) creation has been completed successfully ****
2023-12-01 18:45:45,247 - Content Certificate Generation Utility started (Logging to sb_content_cert.log)
2023-12-01 18:45:45,247 - Parsing config file: cert/cfg/ICVSBContent.cfg
2023-12-01 18:45:45,248 - Parsed config items:
cert-keypair:	cert/key/ICVSBContent.pem
cert-keypair-pwd:	cert/key/ICVSBContent.pwd
load-verify-scheme:	0
crypto-type:	0
aes-ce-id:	0
aes-enc-key:	cert/key/KCEICV.txt
images-table:	cert/Images.txt
nvcounter-val:	1
cert-pkg:	cert/ICVSBContent.crt
2023-12-01 18:45:45,248 - **** Creating Content Certificate ****
2023-12-01 18:45:45,257 - **** Certificate file (context) creation has been completed successfully ****
2023-12-01 18:45:45,489 - Content Certificate Generation Utility started (Logging to sb_content_cert.log)
2023-12-01 18:45:45,489 - Parsing config file: cert/cfg/ICVSBContent.cfg
2023-12-01 18:45:45,489 - Parsed config items:
cert-keypair:	cert/key/ICVSBContent.pem
cert-keypair-pwd:	cert/key/ICVSBContent.pwd
load-verify-scheme:	0
crypto-type:	0
aes-ce-id:	0
aes-enc-key:	cert/key/KCEICV.txt
images-table:	cert/Images.txt
nvcounter-val:	1
cert-pkg:	cert/ICVSBContent.crt
2023-12-01 18:45:45,489 - **** Creating Content Certificate ****
2023-12-01 18:45:45,497 - **** Certificate file (context) creation has been completed successfully ****
2023-12-01 18:45:47,338 - Content Certificate Generation Utility started (Logging to sb_content_cert.log)
2023-12-01 18:45:47,339 - Parsing config file: cert/cfg/ICVSBContent.cfg
2023-12-01 18:45:47,339 - Parsed config items:
cert-keypair:	cert/key/ICVSBContent.pem
cert-keypair-pwd:	cert/key/ICVSBContent.pwd
load-verify-scheme:	0
crypto-type:	0
aes-ce-id:	0
aes-enc-key:	cert/key/KCEICV.txt
images-table:	cert/Images.txt
nvcounter-val:	1
cert-pkg:	cert/ICVSBContent.crt
2023-12-01 18:45:47,339 - **** Creating Content Certificate ****
2023-12-01 18:45:47,346 - **** Certificate file (context) creation has been completed successfully ****
2023-12-01 18:45:47,629 - Content Certificate Generation Utility started (Logging to sb_content_cert.log)
2023-12-01 18:45:47,629 - Parsing config file: cert/cfg/ICVSBContent.cfg
2023-12-01 18:45:47,629 - Parsed config items:
cert-keypair:	cert/key/ICVSBContent.pem
cert-keypair-pwd:	cert/key/ICVSBContent.pwd
load-verify-scheme:	0
crypto-type:	0
aes-ce-id:	0
aes-enc-key:	cert/key/KCEICV.txt
images-table:	cert/Images.txt
nvcounter-val:	1
cert-pkg:	cert/ICVSBContent.crt
2023-12-01 18:45:47,630 - **** Creating Content Certificate ****
2023-12-01 18:45:47,636 - **** Certificate file (context) creation has been completed successfully ****
2023-12-05 10:17:43,468 - Content Certificate Generation Utility started (Logging to sb_content_cert.log)
2023-12-05 10:17:43,469 - Parsing config file: cert/cfg/ICVSBContent.cfg
2023-12-05 10:17:43,469 - Parsed config items:
cert-keypair:	cert/key/ICVSBContent.pem
cert-keypair-pwd:	cert/key/ICVSBContent.pwd
load-verify-scheme:	0
crypto-type:	0
aes-ce-id:	0
aes-enc-key:	cert/key/KCEICV.txt
images-table:	cert/Images.txt
nvcounter-val:	1
cert-pkg:	cert/ICVSBContent.crt
2023-12-05 10:17:43,469 - **** Creating Content Certificate ****
2023-12-05 10:17:43,477 - **** Certificate file (context) creation has been completed successfully ****
2023-12-05 10:17:43,744 - Content Certificate Generation Utility started (Logging to sb_content_cert.log)
2023-12-05 10:17:43,744 - Parsing config file: cert/cfg/ICVSBContent.cfg
2023-12-05 10:17:43,744 - Parsed config items:
cert-keypair:	cert/key/ICVSBContent.pem
cert-keypair-pwd:	cert/key/ICVSBContent.pwd
load-verify-scheme:	0
crypto-type:	0
aes-ce-id:	0
aes-enc-key:	cert/key/KCEICV.txt
images-table:	cert/Images.txt
nvcounter-val:	1
cert-pkg:	cert/ICVSBContent.crt
2023-12-05 10:17:43,745 - **** Creating Content Certificate ****
2023-12-05 10:17:43,752 - **** Certificate file (context) creation has been completed successfully ****
2023-12-05 10:17:44,079 - Content Certificate Generation Utility started (Logging to sb_content_cert.log)
2023-12-05 10:17:44,079 - Parsing config file: cert/cfg/ICVSBContent.cfg
2023-12-05 10:17:44,079 - Parsed config items:
cert-keypair:	cert/key/ICVSBContent.pem
cert-keypair-pwd:	cert/key/ICVSBContent.pwd
load-verify-scheme:	0
crypto-type:	0
aes-ce-id:	0
aes-enc-key:	cert/key/KCEICV.txt
images-table:	cert/Images.txt
nvcounter-val:	1
cert-pkg:	cert/ICVSBContent.crt
2023-12-05 10:17:44,080 - **** Creating Content Certificate ****
2023-12-05 10:17:44,089 - **** Certificate file (context) creation has been completed successfully ****
2023-12-05 10:17:44,357 - Content Certificate Generation Utility started (Logging to sb_content_cert.log)
2023-12-05 10:17:44,357 - Parsing config file: cert/cfg/ICVSBContent.cfg
2023-12-05 10:17:44,358 - Parsed config items:
cert-keypair:	cert/key/ICVSBContent.pem
cert-keypair-pwd:	cert/key/ICVSBContent.pwd
load-verify-scheme:	0
crypto-type:	0
aes-ce-id:	0
aes-enc-key:	cert/key/KCEICV.txt
images-table:	cert/Images.txt
nvcounter-val:	1
cert-pkg:	cert/ICVSBContent.crt
2023-12-05 10:17:44,358 - **** Creating Content Certificate ****
2023-12-05 10:17:44,365 - **** Certificate file (context) creation has been completed successfully ****
2023-12-05 10:17:46,413 - Content Certificate Generation Utility started (Logging to sb_content_cert.log)
2023-12-05 10:17:46,414 - Parsing config file: cert/cfg/ICVSBContent.cfg
2023-12-05 10:17:46,414 - Parsed config items:
cert-keypair:	cert/key/ICVSBContent.pem
cert-keypair-pwd:	cert/key/ICVSBContent.pwd
load-verify-scheme:	0
crypto-type:	0
aes-ce-id:	0
aes-enc-key:	cert/key/KCEICV.txt
images-table:	cert/Images.txt
nvcounter-val:	1
cert-pkg:	cert/ICVSBContent.crt
2023-12-05 10:17:46,414 - **** Creating Content Certificate ****
2023-12-05 10:17:46,422 - **** Certificate file (context) creation has been completed successfully ****
2023-12-05 10:17:46,701 - Content Certificate Generation Utility started (Logging to sb_content_cert.log)
2023-12-05 10:17:46,701 - Parsing config file: cert/cfg/ICVSBContent.cfg
2023-12-05 10:17:46,702 - Parsed config items:
cert-keypair:	cert/key/ICVSBContent.pem
cert-keypair-pwd:	cert/key/ICVSBContent.pwd
load-verify-scheme:	0
crypto-type:	0
aes-ce-id:	0
aes-enc-key:	cert/key/KCEICV.txt
images-table:	cert/Images.txt
nvcounter-val:	1
cert-pkg:	cert/ICVSBContent.crt
2023-12-05 10:17:46,702 - **** Creating Content Certificate ****
2023-12-05 10:17:46,710 - **** Certificate file (context) creation has been completed successfully ****
2023-12-05 10:26:53,175 - Content Certificate Generation Utility started (Logging to sb_content_cert.log)
2023-12-05 10:26:53,175 - Parsing config file: cert/cfg/ICVSBContent.cfg
2023-12-05 10:26:53,176 - Parsed config items:
cert-keypair:	cert/key/ICVSBContent.pem
cert-keypair-pwd:	cert/key/ICVSBContent.pwd
load-verify-scheme:	0
crypto-type:	0
aes-ce-id:	0
aes-enc-key:	cert/key/KCEICV.txt
images-table:	cert/Images.txt
nvcounter-val:	1
cert-pkg:	cert/ICVSBContent.crt
2023-12-05 10:26:53,176 - **** Creating Content Certificate ****
2023-12-05 10:26:53,183 - **** Certificate file (context) creation has been completed successfully ****
2023-12-05 10:26:53,442 - Content Certificate Generation Utility started (Logging to sb_content_cert.log)
2023-12-05 10:26:53,442 - Parsing config file: cert/cfg/ICVSBContent.cfg
2023-12-05 10:26:53,443 - Parsed config items:
cert-keypair:	cert/key/ICVSBContent.pem
cert-keypair-pwd:	cert/key/ICVSBContent.pwd
load-verify-scheme:	0
crypto-type:	0
aes-ce-id:	0
aes-enc-key:	cert/key/KCEICV.txt
images-table:	cert/Images.txt
nvcounter-val:	1
cert-pkg:	cert/ICVSBContent.crt
2023-12-05 10:26:53,443 - **** Creating Content Certificate ****
2023-12-05 10:26:53,450 - **** Certificate file (context) creation has been completed successfully ****
2023-12-05 10:26:53,780 - Content Certificate Generation Utility started (Logging to sb_content_cert.log)
2023-12-05 10:26:53,780 - Parsing config file: cert/cfg/ICVSBContent.cfg
2023-12-05 10:26:53,780 - Parsed config items:
cert-keypair:	cert/key/ICVSBContent.pem
cert-keypair-pwd:	cert/key/ICVSBContent.pwd
load-verify-scheme:	0
crypto-type:	0
aes-ce-id:	0
aes-enc-key:	cert/key/KCEICV.txt
images-table:	cert/Images.txt
nvcounter-val:	1
cert-pkg:	cert/ICVSBContent.crt
2023-12-05 10:26:53,781 - **** Creating Content Certificate ****
2023-12-05 10:26:53,789 - **** Certificate file (context) creation has been completed successfully ****
2023-12-05 10:26:54,095 - Content Certificate Generation Utility started (Logging to sb_content_cert.log)
2023-12-05 10:26:54,096 - Parsing config file: cert/cfg/ICVSBContent.cfg
2023-12-05 10:26:54,096 - Parsed config items:
cert-keypair:	cert/key/ICVSBContent.pem
cert-keypair-pwd:	cert/key/ICVSBContent.pwd
load-verify-scheme:	0
crypto-type:	0
aes-ce-id:	0
aes-enc-key:	cert/key/KCEICV.txt
images-table:	cert/Images.txt
nvcounter-val:	1
cert-pkg:	cert/ICVSBContent.crt
2023-12-05 10:26:54,096 - **** Creating Content Certificate ****
2023-12-05 10:26:54,105 - **** Certificate file (context) creation has been completed successfully ****
2023-12-05 10:26:56,065 - Content Certificate Generation Utility started (Logging to sb_content_cert.log)
2023-12-05 10:26:56,066 - Parsing config file: cert/cfg/ICVSBContent.cfg
2023-12-05 10:26:56,066 - Parsed config items:
cert-keypair:	cert/key/ICVSBContent.pem
cert-keypair-pwd:	cert/key/ICVSBContent.pwd
load-verify-scheme:	0
crypto-type:	0
aes-ce-id:	0
aes-enc-key:	cert/key/KCEICV.txt
images-table:	cert/Images.txt
nvcounter-val:	1
cert-pkg:	cert/ICVSBContent.crt
2023-12-05 10:26:56,066 - **** Creating Content Certificate ****
2023-12-05 10:26:56,073 - **** Certificate file (context) creation has been completed successfully ****
2023-12-05 10:26:56,318 - Content Certificate Generation Utility started (Logging to sb_content_cert.log)
2023-12-05 10:26:56,319 - Parsing config file: cert/cfg/ICVSBContent.cfg
2023-12-05 10:26:56,319 - Parsed config items:
cert-keypair:	cert/key/ICVSBContent.pem
cert-keypair-pwd:	cert/key/ICVSBContent.pwd
load-verify-scheme:	0
crypto-type:	0
aes-ce-id:	0
aes-enc-key:	cert/key/KCEICV.txt
images-table:	cert/Images.txt
nvcounter-val:	1
cert-pkg:	cert/ICVSBContent.crt
2023-12-05 10:26:56,319 - **** Creating Content Certificate ****
2023-12-05 10:26:56,326 - **** Certificate file (context) creation has been completed successfully ****
2023-12-05 10:29:37,485 - Content Certificate Generation Utility started (Logging to sb_content_cert.log)
2023-12-05 10:29:37,486 - Parsing config file: cert/cfg/ICVSBContent.cfg
2023-12-05 10:29:37,486 - Parsed config items:
cert-keypair:	cert/key/ICVSBContent.pem
cert-keypair-pwd:	cert/key/ICVSBContent.pwd
load-verify-scheme:	0
crypto-type:	0
aes-ce-id:	0
aes-enc-key:	cert/key/KCEICV.txt
images-table:	cert/Images.txt
nvcounter-val:	1
cert-pkg:	cert/ICVSBContent.crt
2023-12-05 10:29:37,486 - **** Creating Content Certificate ****
2023-12-05 10:29:37,493 - **** Certificate file (context) creation has been completed successfully ****
2023-12-05 10:29:37,763 - Content Certificate Generation Utility started (Logging to sb_content_cert.log)
2023-12-05 10:29:37,763 - Parsing config file: cert/cfg/ICVSBContent.cfg
2023-12-05 10:29:37,764 - Parsed config items:
cert-keypair:	cert/key/ICVSBContent.pem
cert-keypair-pwd:	cert/key/ICVSBContent.pwd
load-verify-scheme:	0
crypto-type:	0
aes-ce-id:	0
aes-enc-key:	cert/key/KCEICV.txt
images-table:	cert/Images.txt
nvcounter-val:	1
cert-pkg:	cert/ICVSBContent.crt
2023-12-05 10:29:37,764 - **** Creating Content Certificate ****
2023-12-05 10:29:37,773 - **** Certificate file (context) creation has been completed successfully ****
2023-12-05 10:29:38,094 - Content Certificate Generation Utility started (Logging to sb_content_cert.log)
2023-12-05 10:29:38,095 - Parsing config file: cert/cfg/ICVSBContent.cfg
2023-12-05 10:29:38,095 - Parsed config items:
cert-keypair:	cert/key/ICVSBContent.pem
cert-keypair-pwd:	cert/key/ICVSBContent.pwd
load-verify-scheme:	0
crypto-type:	0
aes-ce-id:	0
aes-enc-key:	cert/key/KCEICV.txt
images-table:	cert/Images.txt
nvcounter-val:	1
cert-pkg:	cert/ICVSBContent.crt
2023-12-05 10:29:38,095 - **** Creating Content Certificate ****
2023-12-05 10:29:38,107 - **** Certificate file (context) creation has been completed successfully ****
2023-12-05 10:29:38,371 - Content Certificate Generation Utility started (Logging to sb_content_cert.log)
2023-12-05 10:29:38,371 - Parsing config file: cert/cfg/ICVSBContent.cfg
2023-12-05 10:29:38,372 - Parsed config items:
cert-keypair:	cert/key/ICVSBContent.pem
cert-keypair-pwd:	cert/key/ICVSBContent.pwd
load-verify-scheme:	0
crypto-type:	0
aes-ce-id:	0
aes-enc-key:	cert/key/KCEICV.txt
images-table:	cert/Images.txt
nvcounter-val:	1
cert-pkg:	cert/ICVSBContent.crt
2023-12-05 10:29:38,372 - **** Creating Content Certificate ****
2023-12-05 10:29:38,378 - **** Certificate file (context) creation has been completed successfully ****
2023-12-05 10:29:39,552 - Content Certificate Generation Utility started (Logging to sb_content_cert.log)
2023-12-05 10:29:39,552 - Parsing config file: cert/cfg/ICVSBContent.cfg
2023-12-05 10:29:39,553 - Parsed config items:
cert-keypair:	cert/key/ICVSBContent.pem
cert-keypair-pwd:	cert/key/ICVSBContent.pwd
load-verify-scheme:	0
crypto-type:	0
aes-ce-id:	0
aes-enc-key:	cert/key/KCEICV.txt
images-table:	cert/Images.txt
nvcounter-val:	1
cert-pkg:	cert/ICVSBContent.crt
2023-12-05 10:29:39,553 - **** Creating Content Certificate ****
2023-12-05 10:29:39,560 - **** Certificate file (context) creation has been completed successfully ****
2023-12-05 10:29:39,834 - Content Certificate Generation Utility started (Logging to sb_content_cert.log)
2023-12-05 10:29:39,834 - Parsing config file: cert/cfg/ICVSBContent.cfg
2023-12-05 10:29:39,834 - Parsed config items:
cert-keypair:	cert/key/ICVSBContent.pem
cert-keypair-pwd:	cert/key/ICVSBContent.pwd
load-verify-scheme:	0
crypto-type:	0
aes-ce-id:	0
aes-enc-key:	cert/key/KCEICV.txt
images-table:	cert/Images.txt
nvcounter-val:	1
cert-pkg:	cert/ICVSBContent.crt
2023-12-05 10:29:39,835 - **** Creating Content Certificate ****
2023-12-05 10:29:39,841 - **** Certificate file (context) creation has been completed successfully ****
2023-12-05 10:30:38,042 - Content Certificate Generation Utility started (Logging to sb_content_cert.log)
2023-12-05 10:30:38,043 - Parsing config file: cert/cfg/ICVSBContent.cfg
2023-12-05 10:30:38,043 - Parsed config items:
cert-keypair:	cert/key/ICVSBContent.pem
cert-keypair-pwd:	cert/key/ICVSBContent.pwd
load-verify-scheme:	0
crypto-type:	0
aes-ce-id:	0
aes-enc-key:	cert/key/KCEICV.txt
images-table:	cert/Images.txt
nvcounter-val:	1
cert-pkg:	cert/ICVSBContent.crt
2023-12-05 10:30:38,043 - **** Creating Content Certificate ****
2023-12-05 10:30:38,050 - **** Certificate file (context) creation has been completed successfully ****
2023-12-05 10:30:38,303 - Content Certificate Generation Utility started (Logging to sb_content_cert.log)
2023-12-05 10:30:38,303 - Parsing config file: cert/cfg/ICVSBContent.cfg
2023-12-05 10:30:38,304 - Parsed config items:
cert-keypair:	cert/key/ICVSBContent.pem
cert-keypair-pwd:	cert/key/ICVSBContent.pwd
load-verify-scheme:	0
crypto-type:	0
aes-ce-id:	0
aes-enc-key:	cert/key/KCEICV.txt
images-table:	cert/Images.txt
nvcounter-val:	1
cert-pkg:	cert/ICVSBContent.crt
2023-12-05 10:30:38,304 - **** Creating Content Certificate ****
2023-12-05 10:30:38,311 - **** Certificate file (context) creation has been completed successfully ****
2023-12-05 10:30:38,608 - Content Certificate Generation Utility started (Logging to sb_content_cert.log)
2023-12-05 10:30:38,608 - Parsing config file: cert/cfg/ICVSBContent.cfg
2023-12-05 10:30:38,608 - Parsed config items:
cert-keypair:	cert/key/ICVSBContent.pem
cert-keypair-pwd:	cert/key/ICVSBContent.pwd
load-verify-scheme:	0
crypto-type:	0
aes-ce-id:	0
aes-enc-key:	cert/key/KCEICV.txt
images-table:	cert/Images.txt
nvcounter-val:	1
cert-pkg:	cert/ICVSBContent.crt
2023-12-05 10:30:38,609 - **** Creating Content Certificate ****
2023-12-05 10:30:38,616 - **** Certificate file (context) creation has been completed successfully ****
2023-12-05 10:30:38,881 - Content Certificate Generation Utility started (Logging to sb_content_cert.log)
2023-12-05 10:30:38,881 - Parsing config file: cert/cfg/ICVSBContent.cfg
2023-12-05 10:30:38,882 - Parsed config items:
cert-keypair:	cert/key/ICVSBContent.pem
cert-keypair-pwd:	cert/key/ICVSBContent.pwd
load-verify-scheme:	0
crypto-type:	0
aes-ce-id:	0
aes-enc-key:	cert/key/KCEICV.txt
images-table:	cert/Images.txt
nvcounter-val:	1
cert-pkg:	cert/ICVSBContent.crt
2023-12-05 10:30:38,882 - **** Creating Content Certificate ****
2023-12-05 10:30:38,889 - **** Certificate file (context) creation has been completed successfully ****
2023-12-05 10:30:39,786 - Content Certificate Generation Utility started (Logging to sb_content_cert.log)
2023-12-05 10:30:39,786 - Parsing config file: cert/cfg/ICVSBContent.cfg
2023-12-05 10:30:39,787 - Parsed config items:
cert-keypair:	cert/key/ICVSBContent.pem
cert-keypair-pwd:	cert/key/ICVSBContent.pwd
load-verify-scheme:	0
crypto-type:	0
aes-ce-id:	0
aes-enc-key:	cert/key/KCEICV.txt
images-table:	cert/Images.txt
nvcounter-val:	1
cert-pkg:	cert/ICVSBContent.crt
2023-12-05 10:30:39,787 - **** Creating Content Certificate ****
2023-12-05 10:30:39,793 - **** Certificate file (context) creation has been completed successfully ****
2023-12-05 10:30:40,100 - Content Certificate Generation Utility started (Logging to sb_content_cert.log)
2023-12-05 10:30:40,100 - Parsing config file: cert/cfg/ICVSBContent.cfg
2023-12-05 10:30:40,101 - Parsed config items:
cert-keypair:	cert/key/ICVSBContent.pem
cert-keypair-pwd:	cert/key/ICVSBContent.pwd
load-verify-scheme:	0
crypto-type:	0
aes-ce-id:	0
aes-enc-key:	cert/key/KCEICV.txt
images-table:	cert/Images.txt
nvcounter-val:	1
cert-pkg:	cert/ICVSBContent.crt
2023-12-05 10:30:40,101 - **** Creating Content Certificate ****
2023-12-05 10:30:40,108 - **** Certificate file (context) creation has been completed successfully ****
2023-12-05 17:06:39,378 - Content Certificate Generation Utility started (Logging to sb_content_cert.log)
2023-12-05 17:06:39,379 - Parsing config file: cert/cfg/ICVSBContent.cfg
2023-12-05 17:06:39,379 - Parsed config items:
cert-keypair:	cert/key/ICVSBContent.pem
cert-keypair-pwd:	cert/key/ICVSBContent.pwd
load-verify-scheme:	0
crypto-type:	0
aes-ce-id:	0
aes-enc-key:	cert/key/KCEICV.txt
images-table:	cert/Images.txt
nvcounter-val:	1
cert-pkg:	cert/ICVSBContent.crt
2023-12-05 17:06:39,379 - **** Creating Content Certificate ****
2023-12-05 17:06:39,386 - **** Certificate file (context) creation has been completed successfully ****
2023-12-05 17:06:39,687 - Content Certificate Generation Utility started (Logging to sb_content_cert.log)
2023-12-05 17:06:39,688 - Parsing config file: cert/cfg/ICVSBContent.cfg
2023-12-05 17:06:39,688 - Parsed config items:
cert-keypair:	cert/key/ICVSBContent.pem
cert-keypair-pwd:	cert/key/ICVSBContent.pwd
load-verify-scheme:	0
crypto-type:	0
aes-ce-id:	0
aes-enc-key:	cert/key/KCEICV.txt
images-table:	cert/Images.txt
nvcounter-val:	1
cert-pkg:	cert/ICVSBContent.crt
2023-12-05 17:06:39,688 - **** Creating Content Certificate ****
2023-12-05 17:06:39,697 - **** Certificate file (context) creation has been completed successfully ****
2023-12-05 17:06:39,995 - Content Certificate Generation Utility started (Logging to sb_content_cert.log)
2023-12-05 17:06:39,995 - Parsing config file: cert/cfg/ICVSBContent.cfg
2023-12-05 17:06:39,996 - Parsed config items:
cert-keypair:	cert/key/ICVSBContent.pem
cert-keypair-pwd:	cert/key/ICVSBContent.pwd
load-verify-scheme:	0
crypto-type:	0
aes-ce-id:	0
aes-enc-key:	cert/key/KCEICV.txt
images-table:	cert/Images.txt
nvcounter-val:	1
cert-pkg:	cert/ICVSBContent.crt
2023-12-05 17:06:39,996 - **** Creating Content Certificate ****
2023-12-05 17:06:40,003 - **** Certificate file (context) creation has been completed successfully ****
2023-12-05 17:06:40,302 - Content Certificate Generation Utility started (Logging to sb_content_cert.log)
2023-12-05 17:06:40,302 - Parsing config file: cert/cfg/ICVSBContent.cfg
2023-12-05 17:06:40,302 - Parsed config items:
cert-keypair:	cert/key/ICVSBContent.pem
cert-keypair-pwd:	cert/key/ICVSBContent.pwd
load-verify-scheme:	0
crypto-type:	0
aes-ce-id:	0
aes-enc-key:	cert/key/KCEICV.txt
images-table:	cert/Images.txt
nvcounter-val:	1
cert-pkg:	cert/ICVSBContent.crt
2023-12-05 17:06:40,303 - **** Creating Content Certificate ****
2023-12-05 17:06:40,311 - **** Certificate file (context) creation has been completed successfully ****
2023-12-05 17:06:41,257 - Content Certificate Generation Utility started (Logging to sb_content_cert.log)
2023-12-05 17:06:41,258 - Parsing config file: cert/cfg/ICVSBContent.cfg
2023-12-05 17:06:41,258 - Parsed config items:
cert-keypair:	cert/key/ICVSBContent.pem
cert-keypair-pwd:	cert/key/ICVSBContent.pwd
load-verify-scheme:	0
crypto-type:	0
aes-ce-id:	0
aes-enc-key:	cert/key/KCEICV.txt
images-table:	cert/Images.txt
nvcounter-val:	1
cert-pkg:	cert/ICVSBContent.crt
2023-12-05 17:06:41,258 - **** Creating Content Certificate ****
2023-12-05 17:06:41,265 - **** Certificate file (context) creation has been completed successfully ****
2023-12-05 17:06:41,531 - Content Certificate Generation Utility started (Logging to sb_content_cert.log)
2023-12-05 17:06:41,531 - Parsing config file: cert/cfg/ICVSBContent.cfg
2023-12-05 17:06:41,531 - Parsed config items:
cert-keypair:	cert/key/ICVSBContent.pem
cert-keypair-pwd:	cert/key/ICVSBContent.pwd
load-verify-scheme:	0
crypto-type:	0
aes-ce-id:	0
aes-enc-key:	cert/key/KCEICV.txt
images-table:	cert/Images.txt
nvcounter-val:	1
cert-pkg:	cert/ICVSBContent.crt
2023-12-05 17:06:41,532 - **** Creating Content Certificate ****
2023-12-05 17:06:41,538 - **** Certificate file (context) creation has been completed successfully ****
2023-12-05 17:12:48,941 - Content Certificate Generation Utility started (Logging to sb_content_cert.log)
2023-12-05 17:12:48,942 - Parsing config file: cert/cfg/ICVSBContent.cfg
2023-12-05 17:12:48,942 - Parsed config items:
cert-keypair:	cert/key/ICVSBContent.pem
cert-keypair-pwd:	cert/key/ICVSBContent.pwd
load-verify-scheme:	0
crypto-type:	0
aes-ce-id:	0
aes-enc-key:	cert/key/KCEICV.txt
images-table:	cert/Images.txt
nvcounter-val:	1
cert-pkg:	cert/ICVSBContent.crt
2023-12-05 17:12:48,942 - **** Creating Content Certificate ****
2023-12-05 17:12:48,950 - **** Certificate file (context) creation has been completed successfully ****
2023-12-05 17:12:49,196 - Content Certificate Generation Utility started (Logging to sb_content_cert.log)
2023-12-05 17:12:49,196 - Parsing config file: cert/cfg/ICVSBContent.cfg
2023-12-05 17:12:49,196 - Parsed config items:
cert-keypair:	cert/key/ICVSBContent.pem
cert-keypair-pwd:	cert/key/ICVSBContent.pwd
load-verify-scheme:	0
crypto-type:	0
aes-ce-id:	0
aes-enc-key:	cert/key/KCEICV.txt
images-table:	cert/Images.txt
nvcounter-val:	1
cert-pkg:	cert/ICVSBContent.crt
2023-12-05 17:12:49,197 - **** Creating Content Certificate ****
2023-12-05 17:12:49,204 - **** Certificate file (context) creation has been completed successfully ****
2023-12-05 17:12:49,472 - Content Certificate Generation Utility started (Logging to sb_content_cert.log)
2023-12-05 17:12:49,472 - Parsing config file: cert/cfg/ICVSBContent.cfg
2023-12-05 17:12:49,473 - Parsed config items:
cert-keypair:	cert/key/ICVSBContent.pem
cert-keypair-pwd:	cert/key/ICVSBContent.pwd
load-verify-scheme:	0
crypto-type:	0
aes-ce-id:	0
aes-enc-key:	cert/key/KCEICV.txt
images-table:	cert/Images.txt
nvcounter-val:	1
cert-pkg:	cert/ICVSBContent.crt
2023-12-05 17:12:49,473 - **** Creating Content Certificate ****
2023-12-05 17:12:49,481 - **** Certificate file (context) creation has been completed successfully ****
2023-12-05 17:12:49,741 - Content Certificate Generation Utility started (Logging to sb_content_cert.log)
2023-12-05 17:12:49,741 - Parsing config file: cert/cfg/ICVSBContent.cfg
2023-12-05 17:12:49,742 - Parsed config items:
cert-keypair:	cert/key/ICVSBContent.pem
cert-keypair-pwd:	cert/key/ICVSBContent.pwd
load-verify-scheme:	0
crypto-type:	0
aes-ce-id:	0
aes-enc-key:	cert/key/KCEICV.txt
images-table:	cert/Images.txt
nvcounter-val:	1
cert-pkg:	cert/ICVSBContent.crt
2023-12-05 17:12:49,742 - **** Creating Content Certificate ****
2023-12-05 17:12:49,749 - **** Certificate file (context) creation has been completed successfully ****
2023-12-05 17:12:50,902 - Content Certificate Generation Utility started (Logging to sb_content_cert.log)
2023-12-05 17:12:50,902 - Parsing config file: cert/cfg/ICVSBContent.cfg
2023-12-05 17:12:50,903 - Parsed config items:
cert-keypair:	cert/key/ICVSBContent.pem
cert-keypair-pwd:	cert/key/ICVSBContent.pwd
load-verify-scheme:	0
crypto-type:	0
aes-ce-id:	0
aes-enc-key:	cert/key/KCEICV.txt
images-table:	cert/Images.txt
nvcounter-val:	1
cert-pkg:	cert/ICVSBContent.crt
2023-12-05 17:12:50,903 - **** Creating Content Certificate ****
2023-12-05 17:12:50,909 - **** Certificate file (context) creation has been completed successfully ****
2023-12-05 17:12:51,148 - Content Certificate Generation Utility started (Logging to sb_content_cert.log)
2023-12-05 17:12:51,148 - Parsing config file: cert/cfg/ICVSBContent.cfg
2023-12-05 17:12:51,149 - Parsed config items:
cert-keypair:	cert/key/ICVSBContent.pem
cert-keypair-pwd:	cert/key/ICVSBContent.pwd
load-verify-scheme:	0
crypto-type:	0
aes-ce-id:	0
aes-enc-key:	cert/key/KCEICV.txt
images-table:	cert/Images.txt
nvcounter-val:	1
cert-pkg:	cert/ICVSBContent.crt
2023-12-05 17:12:51,149 - **** Creating Content Certificate ****
2023-12-05 17:12:51,156 - **** Certificate file (context) creation has been completed successfully ****
2023-12-05 17:15:39,380 - Content Certificate Generation Utility started (Logging to sb_content_cert.log)
2023-12-05 17:15:39,381 - Parsing config file: cert/cfg/ICVSBContent.cfg
2023-12-05 17:15:39,381 - Parsed config items:
cert-keypair:	cert/key/ICVSBContent.pem
cert-keypair-pwd:	cert/key/ICVSBContent.pwd
load-verify-scheme:	0
crypto-type:	0
aes-ce-id:	0
aes-enc-key:	cert/key/KCEICV.txt
images-table:	cert/Images.txt
nvcounter-val:	1
cert-pkg:	cert/ICVSBContent.crt
2023-12-05 17:15:39,381 - **** Creating Content Certificate ****
2023-12-05 17:15:39,388 - **** Certificate file (context) creation has been completed successfully ****
2023-12-05 17:15:39,654 - Content Certificate Generation Utility started (Logging to sb_content_cert.log)
2023-12-05 17:15:39,655 - Parsing config file: cert/cfg/ICVSBContent.cfg
2023-12-05 17:15:39,655 - Parsed config items:
cert-keypair:	cert/key/ICVSBContent.pem
cert-keypair-pwd:	cert/key/ICVSBContent.pwd
load-verify-scheme:	0
crypto-type:	0
aes-ce-id:	0
aes-enc-key:	cert/key/KCEICV.txt
images-table:	cert/Images.txt
nvcounter-val:	1
cert-pkg:	cert/ICVSBContent.crt
2023-12-05 17:15:39,655 - **** Creating Content Certificate ****
2023-12-05 17:15:39,664 - **** Certificate file (context) creation has been completed successfully ****
2023-12-05 17:15:39,932 - Content Certificate Generation Utility started (Logging to sb_content_cert.log)
2023-12-05 17:15:39,932 - Parsing config file: cert/cfg/ICVSBContent.cfg
2023-12-05 17:15:39,932 - Parsed config items:
cert-keypair:	cert/key/ICVSBContent.pem
cert-keypair-pwd:	cert/key/ICVSBContent.pwd
load-verify-scheme:	0
crypto-type:	0
aes-ce-id:	0
aes-enc-key:	cert/key/KCEICV.txt
images-table:	cert/Images.txt
nvcounter-val:	1
cert-pkg:	cert/ICVSBContent.crt
2023-12-05 17:15:39,932 - **** Creating Content Certificate ****
2023-12-05 17:15:39,940 - **** Certificate file (context) creation has been completed successfully ****
2023-12-05 17:15:40,201 - Content Certificate Generation Utility started (Logging to sb_content_cert.log)
2023-12-05 17:15:40,201 - Parsing config file: cert/cfg/ICVSBContent.cfg
2023-12-05 17:15:40,201 - Parsed config items:
cert-keypair:	cert/key/ICVSBContent.pem
cert-keypair-pwd:	cert/key/ICVSBContent.pwd
load-verify-scheme:	0
crypto-type:	0
aes-ce-id:	0
aes-enc-key:	cert/key/KCEICV.txt
images-table:	cert/Images.txt
nvcounter-val:	1
cert-pkg:	cert/ICVSBContent.crt
2023-12-05 17:15:40,202 - **** Creating Content Certificate ****
2023-12-05 17:15:40,209 - **** Certificate file (context) creation has been completed successfully ****
2023-12-05 17:15:41,039 - Content Certificate Generation Utility started (Logging to sb_content_cert.log)
2023-12-05 17:15:41,040 - Parsing config file: cert/cfg/ICVSBContent.cfg
2023-12-05 17:15:41,040 - Parsed config items:
cert-keypair:	cert/key/ICVSBContent.pem
cert-keypair-pwd:	cert/key/ICVSBContent.pwd
load-verify-scheme:	0
crypto-type:	0
aes-ce-id:	0
aes-enc-key:	cert/key/KCEICV.txt
images-table:	cert/Images.txt
nvcounter-val:	1
cert-pkg:	cert/ICVSBContent.crt
2023-12-05 17:15:41,040 - **** Creating Content Certificate ****
2023-12-05 17:15:41,046 - **** Certificate file (context) creation has been completed successfully ****
2023-12-05 17:15:41,304 - Content Certificate Generation Utility started (Logging to sb_content_cert.log)
2023-12-05 17:15:41,304 - Parsing config file: cert/cfg/ICVSBContent.cfg
2023-12-05 17:15:41,305 - Parsed config items:
cert-keypair:	cert/key/ICVSBContent.pem
cert-keypair-pwd:	cert/key/ICVSBContent.pwd
load-verify-scheme:	0
crypto-type:	0
aes-ce-id:	0
aes-enc-key:	cert/key/KCEICV.txt
images-table:	cert/Images.txt
nvcounter-val:	1
cert-pkg:	cert/ICVSBContent.crt
2023-12-05 17:15:41,305 - **** Creating Content Certificate ****
2023-12-05 17:15:41,311 - **** Certificate file (context) creation has been completed successfully ****
2023-12-05 17:19:52,289 - Content Certificate Generation Utility started (Logging to sb_content_cert.log)
2023-12-05 17:19:52,289 - Parsing config file: cert/cfg/ICVSBContent.cfg
2023-12-05 17:19:52,289 - Parsed config items:
cert-keypair:	cert/key/ICVSBContent.pem
cert-keypair-pwd:	cert/key/ICVSBContent.pwd
load-verify-scheme:	0
crypto-type:	0
aes-ce-id:	0
aes-enc-key:	cert/key/KCEICV.txt
images-table:	cert/Images.txt
nvcounter-val:	1
cert-pkg:	cert/ICVSBContent.crt
2023-12-05 17:19:52,290 - **** Creating Content Certificate ****
2023-12-05 17:19:52,296 - **** Certificate file (context) creation has been completed successfully ****
2023-12-05 17:19:52,571 - Content Certificate Generation Utility started (Logging to sb_content_cert.log)
2023-12-05 17:19:52,571 - Parsing config file: cert/cfg/ICVSBContent.cfg
2023-12-05 17:19:52,571 - Parsed config items:
cert-keypair:	cert/key/ICVSBContent.pem
cert-keypair-pwd:	cert/key/ICVSBContent.pwd
load-verify-scheme:	0
crypto-type:	0
aes-ce-id:	0
aes-enc-key:	cert/key/KCEICV.txt
images-table:	cert/Images.txt
nvcounter-val:	1
cert-pkg:	cert/ICVSBContent.crt
2023-12-05 17:19:52,572 - **** Creating Content Certificate ****
2023-12-05 17:19:52,578 - **** Certificate file (context) creation has been completed successfully ****
2023-12-05 17:19:52,904 - Content Certificate Generation Utility started (Logging to sb_content_cert.log)
2023-12-05 17:19:52,904 - Parsing config file: cert/cfg/ICVSBContent.cfg
2023-12-05 17:19:52,905 - Parsed config items:
cert-keypair:	cert/key/ICVSBContent.pem
cert-keypair-pwd:	cert/key/ICVSBContent.pwd
load-verify-scheme:	0
crypto-type:	0
aes-ce-id:	0
aes-enc-key:	cert/key/KCEICV.txt
images-table:	cert/Images.txt
nvcounter-val:	1
cert-pkg:	cert/ICVSBContent.crt
2023-12-05 17:19:52,905 - **** Creating Content Certificate ****
2023-12-05 17:19:52,916 - **** Certificate file (context) creation has been completed successfully ****
2023-12-05 17:19:53,148 - Content Certificate Generation Utility started (Logging to sb_content_cert.log)
2023-12-05 17:19:53,148 - Parsing config file: cert/cfg/ICVSBContent.cfg
2023-12-05 17:19:53,148 - Parsed config items:
cert-keypair:	cert/key/ICVSBContent.pem
cert-keypair-pwd:	cert/key/ICVSBContent.pwd
load-verify-scheme:	0
crypto-type:	0
aes-ce-id:	0
aes-enc-key:	cert/key/KCEICV.txt
images-table:	cert/Images.txt
nvcounter-val:	1
cert-pkg:	cert/ICVSBContent.crt
2023-12-05 17:19:53,149 - **** Creating Content Certificate ****
2023-12-05 17:19:53,155 - **** Certificate file (context) creation has been completed successfully ****
2023-12-05 17:19:55,027 - Content Certificate Generation Utility started (Logging to sb_content_cert.log)
2023-12-05 17:19:55,027 - Parsing config file: cert/cfg/ICVSBContent.cfg
2023-12-05 17:19:55,027 - Parsed config items:
cert-keypair:	cert/key/ICVSBContent.pem
cert-keypair-pwd:	cert/key/ICVSBContent.pwd
load-verify-scheme:	0
crypto-type:	0
aes-ce-id:	0
aes-enc-key:	cert/key/KCEICV.txt
images-table:	cert/Images.txt
nvcounter-val:	1
cert-pkg:	cert/ICVSBContent.crt
2023-12-05 17:19:55,028 - **** Creating Content Certificate ****
2023-12-05 17:19:55,034 - **** Certificate file (context) creation has been completed successfully ****
2023-12-05 17:19:55,305 - Content Certificate Generation Utility started (Logging to sb_content_cert.log)
2023-12-05 17:19:55,305 - Parsing config file: cert/cfg/ICVSBContent.cfg
2023-12-05 17:19:55,305 - Parsed config items:
cert-keypair:	cert/key/ICVSBContent.pem
cert-keypair-pwd:	cert/key/ICVSBContent.pwd
load-verify-scheme:	0
crypto-type:	0
aes-ce-id:	0
aes-enc-key:	cert/key/KCEICV.txt
images-table:	cert/Images.txt
nvcounter-val:	1
cert-pkg:	cert/ICVSBContent.crt
2023-12-05 17:19:55,306 - **** Creating Content Certificate ****
2023-12-05 17:19:55,313 - **** Certificate file (context) creation has been completed successfully ****
2023-12-06 09:48:59,837 - Content Certificate Generation Utility started (Logging to sb_content_cert.log)
2023-12-06 09:48:59,837 - Parsing config file: cert/cfg/ICVSBContent.cfg
2023-12-06 09:48:59,838 - Parsed config items:
cert-keypair:	cert/key/ICVSBContent.pem
cert-keypair-pwd:	cert/key/ICVSBContent.pwd
load-verify-scheme:	0
crypto-type:	0
aes-ce-id:	0
aes-enc-key:	cert/key/KCEICV.txt
images-table:	cert/Images.txt
nvcounter-val:	1
cert-pkg:	cert/ICVSBContent.crt
2023-12-06 09:48:59,838 - **** Creating Content Certificate ****
2023-12-06 09:48:59,847 - **** Certificate file (context) creation has been completed successfully ****
2023-12-06 09:49:00,115 - Content Certificate Generation Utility started (Logging to sb_content_cert.log)
2023-12-06 09:49:00,115 - Parsing config file: cert/cfg/ICVSBContent.cfg
2023-12-06 09:49:00,116 - Parsed config items:
cert-keypair:	cert/key/ICVSBContent.pem
cert-keypair-pwd:	cert/key/ICVSBContent.pwd
load-verify-scheme:	0
crypto-type:	0
aes-ce-id:	0
aes-enc-key:	cert/key/KCEICV.txt
images-table:	cert/Images.txt
nvcounter-val:	1
cert-pkg:	cert/ICVSBContent.crt
2023-12-06 09:49:00,116 - **** Creating Content Certificate ****
2023-12-06 09:49:00,123 - **** Certificate file (context) creation has been completed successfully ****
2023-12-06 09:49:00,428 - Content Certificate Generation Utility started (Logging to sb_content_cert.log)
2023-12-06 09:49:00,428 - Parsing config file: cert/cfg/ICVSBContent.cfg
2023-12-06 09:49:00,429 - Parsed config items:
cert-keypair:	cert/key/ICVSBContent.pem
cert-keypair-pwd:	cert/key/ICVSBContent.pwd
load-verify-scheme:	0
crypto-type:	0
aes-ce-id:	0
aes-enc-key:	cert/key/KCEICV.txt
images-table:	cert/Images.txt
nvcounter-val:	1
cert-pkg:	cert/ICVSBContent.crt
2023-12-06 09:49:00,429 - **** Creating Content Certificate ****
2023-12-06 09:49:00,436 - **** Certificate file (context) creation has been completed successfully ****
2023-12-06 09:49:00,662 - Content Certificate Generation Utility started (Logging to sb_content_cert.log)
2023-12-06 09:49:00,662 - Parsing config file: cert/cfg/ICVSBContent.cfg
2023-12-06 09:49:00,662 - Parsed config items:
cert-keypair:	cert/key/ICVSBContent.pem
cert-keypair-pwd:	cert/key/ICVSBContent.pwd
load-verify-scheme:	0
crypto-type:	0
aes-ce-id:	0
aes-enc-key:	cert/key/KCEICV.txt
images-table:	cert/Images.txt
nvcounter-val:	1
cert-pkg:	cert/ICVSBContent.crt
2023-12-06 09:49:00,662 - **** Creating Content Certificate ****
2023-12-06 09:49:00,669 - **** Certificate file (context) creation has been completed successfully ****
2023-12-06 09:49:01,580 - Content Certificate Generation Utility started (Logging to sb_content_cert.log)
2023-12-06 09:49:01,580 - Parsing config file: cert/cfg/ICVSBContent.cfg
2023-12-06 09:49:01,581 - Parsed config items:
cert-keypair:	cert/key/ICVSBContent.pem
cert-keypair-pwd:	cert/key/ICVSBContent.pwd
load-verify-scheme:	0
crypto-type:	0
aes-ce-id:	0
aes-enc-key:	cert/key/KCEICV.txt
images-table:	cert/Images.txt
nvcounter-val:	1
cert-pkg:	cert/ICVSBContent.crt
2023-12-06 09:49:01,581 - **** Creating Content Certificate ****
2023-12-06 09:49:01,588 - **** Certificate file (context) creation has been completed successfully ****
2023-12-06 09:49:01,831 - Content Certificate Generation Utility started (Logging to sb_content_cert.log)
2023-12-06 09:49:01,831 - Parsing config file: cert/cfg/ICVSBContent.cfg
2023-12-06 09:49:01,831 - Parsed config items:
cert-keypair:	cert/key/ICVSBContent.pem
cert-keypair-pwd:	cert/key/ICVSBContent.pwd
load-verify-scheme:	0
crypto-type:	0
aes-ce-id:	0
aes-enc-key:	cert/key/KCEICV.txt
images-table:	cert/Images.txt
nvcounter-val:	1
cert-pkg:	cert/ICVSBContent.crt
2023-12-06 09:49:01,832 - **** Creating Content Certificate ****
2023-12-06 09:49:01,838 - **** Certificate file (context) creation has been completed successfully ****
2023-12-06 15:31:51,773 - Content Certificate Generation Utility started (Logging to sb_content_cert.log)
2023-12-06 15:31:51,773 - Parsing config file: cert/cfg/ICVSBContent.cfg
2023-12-06 15:31:51,773 - Parsed config items:
cert-keypair:	cert/key/ICVSBContent.pem
cert-keypair-pwd:	cert/key/ICVSBContent.pwd
load-verify-scheme:	0
crypto-type:	0
aes-ce-id:	0
aes-enc-key:	cert/key/KCEICV.txt
images-table:	cert/Images.txt
nvcounter-val:	1
cert-pkg:	cert/ICVSBContent.crt
2023-12-06 15:31:51,774 - **** Creating Content Certificate ****
2023-12-06 15:31:51,783 - **** Certificate file (context) creation has been completed successfully ****
2023-12-06 15:31:52,075 - Content Certificate Generation Utility started (Logging to sb_content_cert.log)
2023-12-06 15:31:52,075 - Parsing config file: cert/cfg/ICVSBContent.cfg
2023-12-06 15:31:52,076 - Parsed config items:
cert-keypair:	cert/key/ICVSBContent.pem
cert-keypair-pwd:	cert/key/ICVSBContent.pwd
load-verify-scheme:	0
crypto-type:	0
aes-ce-id:	0
aes-enc-key:	cert/key/KCEICV.txt
images-table:	cert/Images.txt
nvcounter-val:	1
cert-pkg:	cert/ICVSBContent.crt
2023-12-06 15:31:52,076 - **** Creating Content Certificate ****
2023-12-06 15:31:52,085 - **** Certificate file (context) creation has been completed successfully ****
2023-12-06 15:31:52,381 - Content Certificate Generation Utility started (Logging to sb_content_cert.log)
2023-12-06 15:31:52,381 - Parsing config file: cert/cfg/ICVSBContent.cfg
2023-12-06 15:31:52,382 - Parsed config items:
cert-keypair:	cert/key/ICVSBContent.pem
cert-keypair-pwd:	cert/key/ICVSBContent.pwd
load-verify-scheme:	0
crypto-type:	0
aes-ce-id:	0
aes-enc-key:	cert/key/KCEICV.txt
images-table:	cert/Images.txt
nvcounter-val:	1
cert-pkg:	cert/ICVSBContent.crt
2023-12-06 15:31:52,382 - **** Creating Content Certificate ****
2023-12-06 15:31:52,389 - **** Certificate file (context) creation has been completed successfully ****
2023-12-06 15:31:52,618 - Content Certificate Generation Utility started (Logging to sb_content_cert.log)
2023-12-06 15:31:52,618 - Parsing config file: cert/cfg/ICVSBContent.cfg
2023-12-06 15:31:52,618 - Parsed config items:
cert-keypair:	cert/key/ICVSBContent.pem
cert-keypair-pwd:	cert/key/ICVSBContent.pwd
load-verify-scheme:	0
crypto-type:	0
aes-ce-id:	0
aes-enc-key:	cert/key/KCEICV.txt
images-table:	cert/Images.txt
nvcounter-val:	1
cert-pkg:	cert/ICVSBContent.crt
2023-12-06 15:31:52,619 - **** Creating Content Certificate ****
2023-12-06 15:31:52,625 - **** Certificate file (context) creation has been completed successfully ****
2023-12-06 15:31:53,510 - Content Certificate Generation Utility started (Logging to sb_content_cert.log)
2023-12-06 15:31:53,511 - Parsing config file: cert/cfg/ICVSBContent.cfg
2023-12-06 15:31:53,511 - Parsed config items:
cert-keypair:	cert/key/ICVSBContent.pem
cert-keypair-pwd:	cert/key/ICVSBContent.pwd
load-verify-scheme:	0
crypto-type:	0
aes-ce-id:	0
aes-enc-key:	cert/key/KCEICV.txt
images-table:	cert/Images.txt
nvcounter-val:	1
cert-pkg:	cert/ICVSBContent.crt
2023-12-06 15:31:53,511 - **** Creating Content Certificate ****
2023-12-06 15:31:53,518 - **** Certificate file (context) creation has been completed successfully ****
2023-12-06 15:31:53,794 - Content Certificate Generation Utility started (Logging to sb_content_cert.log)
2023-12-06 15:31:53,794 - Parsing config file: cert/cfg/ICVSBContent.cfg
2023-12-06 15:31:53,795 - Parsed config items:
cert-keypair:	cert/key/ICVSBContent.pem
cert-keypair-pwd:	cert/key/ICVSBContent.pwd
load-verify-scheme:	0
crypto-type:	0
aes-ce-id:	0
aes-enc-key:	cert/key/KCEICV.txt
images-table:	cert/Images.txt
nvcounter-val:	1
cert-pkg:	cert/ICVSBContent.crt
2023-12-06 15:31:53,795 - **** Creating Content Certificate ****
2023-12-06 15:31:53,804 - **** Certificate file (context) creation has been completed successfully ****
2023-12-06 15:33:06,311 - Content Certificate Generation Utility started (Logging to sb_content_cert.log)
2023-12-06 15:33:06,312 - Parsing config file: cert/cfg/ICVSBContent.cfg
2023-12-06 15:33:06,312 - Parsed config items:
cert-keypair:	cert/key/ICVSBContent.pem
cert-keypair-pwd:	cert/key/ICVSBContent.pwd
load-verify-scheme:	0
crypto-type:	0
aes-ce-id:	0
aes-enc-key:	cert/key/KCEICV.txt
images-table:	cert/Images.txt
nvcounter-val:	1
cert-pkg:	cert/ICVSBContent.crt
2023-12-06 15:33:06,312 - **** Creating Content Certificate ****
2023-12-06 15:33:06,319 - **** Certificate file (context) creation has been completed successfully ****
2023-12-06 15:33:06,568 - Content Certificate Generation Utility started (Logging to sb_content_cert.log)
2023-12-06 15:33:06,569 - Parsing config file: cert/cfg/ICVSBContent.cfg
2023-12-06 15:33:06,569 - Parsed config items:
cert-keypair:	cert/key/ICVSBContent.pem
cert-keypair-pwd:	cert/key/ICVSBContent.pwd
load-verify-scheme:	0
crypto-type:	0
aes-ce-id:	0
aes-enc-key:	cert/key/KCEICV.txt
images-table:	cert/Images.txt
nvcounter-val:	1
cert-pkg:	cert/ICVSBContent.crt
2023-12-06 15:33:06,569 - **** Creating Content Certificate ****
2023-12-06 15:33:06,576 - **** Certificate file (context) creation has been completed successfully ****
2023-12-06 15:33:06,846 - Content Certificate Generation Utility started (Logging to sb_content_cert.log)
2023-12-06 15:33:06,846 - Parsing config file: cert/cfg/ICVSBContent.cfg
2023-12-06 15:33:06,847 - Parsed config items:
cert-keypair:	cert/key/ICVSBContent.pem
cert-keypair-pwd:	cert/key/ICVSBContent.pwd
load-verify-scheme:	0
crypto-type:	0
aes-ce-id:	0
aes-enc-key:	cert/key/KCEICV.txt
images-table:	cert/Images.txt
nvcounter-val:	1
cert-pkg:	cert/ICVSBContent.crt
2023-12-06 15:33:06,847 - **** Creating Content Certificate ****
2023-12-06 15:33:06,855 - **** Certificate file (context) creation has been completed successfully ****
2023-12-06 15:33:07,079 - Content Certificate Generation Utility started (Logging to sb_content_cert.log)
2023-12-06 15:33:07,080 - Parsing config file: cert/cfg/ICVSBContent.cfg
2023-12-06 15:33:07,080 - Parsed config items:
cert-keypair:	cert/key/ICVSBContent.pem
cert-keypair-pwd:	cert/key/ICVSBContent.pwd
load-verify-scheme:	0
crypto-type:	0
aes-ce-id:	0
aes-enc-key:	cert/key/KCEICV.txt
images-table:	cert/Images.txt
nvcounter-val:	1
cert-pkg:	cert/ICVSBContent.crt
2023-12-06 15:33:07,080 - **** Creating Content Certificate ****
2023-12-06 15:33:07,087 - **** Certificate file (context) creation has been completed successfully ****
2023-12-06 15:33:08,223 - Content Certificate Generation Utility started (Logging to sb_content_cert.log)
2023-12-06 15:33:08,223 - Parsing config file: cert/cfg/ICVSBContent.cfg
2023-12-06 15:33:08,223 - Parsed config items:
cert-keypair:	cert/key/ICVSBContent.pem
cert-keypair-pwd:	cert/key/ICVSBContent.pwd
load-verify-scheme:	0
crypto-type:	0
aes-ce-id:	0
aes-enc-key:	cert/key/KCEICV.txt
images-table:	cert/Images.txt
nvcounter-val:	1
cert-pkg:	cert/ICVSBContent.crt
2023-12-06 15:33:08,224 - **** Creating Content Certificate ****
2023-12-06 15:33:08,230 - **** Certificate file (context) creation has been completed successfully ****
2023-12-06 15:33:08,474 - Content Certificate Generation Utility started (Logging to sb_content_cert.log)
2023-12-06 15:33:08,474 - Parsing config file: cert/cfg/ICVSBContent.cfg
2023-12-06 15:33:08,475 - Parsed config items:
cert-keypair:	cert/key/ICVSBContent.pem
cert-keypair-pwd:	cert/key/ICVSBContent.pwd
load-verify-scheme:	0
crypto-type:	0
aes-ce-id:	0
aes-enc-key:	cert/key/KCEICV.txt
images-table:	cert/Images.txt
nvcounter-val:	1
cert-pkg:	cert/ICVSBContent.crt
2023-12-06 15:33:08,475 - **** Creating Content Certificate ****
2023-12-06 15:33:08,481 - **** Certificate file (context) creation has been completed successfully ****
2023-12-06 15:34:08,079 - Content Certificate Generation Utility started (Logging to sb_content_cert.log)
2023-12-06 15:34:08,079 - Parsing config file: cert/cfg/ICVSBContent.cfg
2023-12-06 15:34:08,080 - Parsed config items:
cert-keypair:	cert/key/ICVSBContent.pem
cert-keypair-pwd:	cert/key/ICVSBContent.pwd
load-verify-scheme:	0
crypto-type:	0
aes-ce-id:	0
aes-enc-key:	cert/key/KCEICV.txt
images-table:	cert/Images.txt
nvcounter-val:	1
cert-pkg:	cert/ICVSBContent.crt
2023-12-06 15:34:08,080 - **** Creating Content Certificate ****
2023-12-06 15:34:08,089 - **** Certificate file (context) creation has been completed successfully ****
2023-12-06 15:34:08,382 - Content Certificate Generation Utility started (Logging to sb_content_cert.log)
2023-12-06 15:34:08,382 - Parsing config file: cert/cfg/ICVSBContent.cfg
2023-12-06 15:34:08,382 - Parsed config items:
cert-keypair:	cert/key/ICVSBContent.pem
cert-keypair-pwd:	cert/key/ICVSBContent.pwd
load-verify-scheme:	0
crypto-type:	0
aes-ce-id:	0
aes-enc-key:	cert/key/KCEICV.txt
images-table:	cert/Images.txt
nvcounter-val:	1
cert-pkg:	cert/ICVSBContent.crt
2023-12-06 15:34:08,383 - **** Creating Content Certificate ****
2023-12-06 15:34:08,389 - **** Certificate file (context) creation has been completed successfully ****
2023-12-06 15:34:08,740 - Content Certificate Generation Utility started (Logging to sb_content_cert.log)
2023-12-06 15:34:08,741 - Parsing config file: cert/cfg/ICVSBContent.cfg
2023-12-06 15:34:08,741 - Parsed config items:
cert-keypair:	cert/key/ICVSBContent.pem
cert-keypair-pwd:	cert/key/ICVSBContent.pwd
load-verify-scheme:	0
crypto-type:	0
aes-ce-id:	0
aes-enc-key:	cert/key/KCEICV.txt
images-table:	cert/Images.txt
nvcounter-val:	1
cert-pkg:	cert/ICVSBContent.crt
2023-12-06 15:34:08,741 - **** Creating Content Certificate ****
2023-12-06 15:34:08,750 - **** Certificate file (context) creation has been completed successfully ****
2023-12-06 15:34:08,997 - Content Certificate Generation Utility started (Logging to sb_content_cert.log)
2023-12-06 15:34:08,997 - Parsing config file: cert/cfg/ICVSBContent.cfg
2023-12-06 15:34:08,998 - Parsed config items:
cert-keypair:	cert/key/ICVSBContent.pem
cert-keypair-pwd:	cert/key/ICVSBContent.pwd
load-verify-scheme:	0
crypto-type:	0
aes-ce-id:	0
aes-enc-key:	cert/key/KCEICV.txt
images-table:	cert/Images.txt
nvcounter-val:	1
cert-pkg:	cert/ICVSBContent.crt
2023-12-06 15:34:08,998 - **** Creating Content Certificate ****
2023-12-06 15:34:09,004 - **** Certificate file (context) creation has been completed successfully ****
2023-12-06 15:34:10,876 - Content Certificate Generation Utility started (Logging to sb_content_cert.log)
2023-12-06 15:34:10,877 - Parsing config file: cert/cfg/ICVSBContent.cfg
2023-12-06 15:34:10,877 - Parsed config items:
cert-keypair:	cert/key/ICVSBContent.pem
cert-keypair-pwd:	cert/key/ICVSBContent.pwd
load-verify-scheme:	0
crypto-type:	0
aes-ce-id:	0
aes-enc-key:	cert/key/KCEICV.txt
images-table:	cert/Images.txt
nvcounter-val:	1
cert-pkg:	cert/ICVSBContent.crt
2023-12-06 15:34:10,877 - **** Creating Content Certificate ****
2023-12-06 15:34:10,884 - **** Certificate file (context) creation has been completed successfully ****
2023-12-06 15:34:11,124 - Content Certificate Generation Utility started (Logging to sb_content_cert.log)
2023-12-06 15:34:11,124 - Parsing config file: cert/cfg/ICVSBContent.cfg
2023-12-06 15:34:11,124 - Parsed config items:
cert-keypair:	cert/key/ICVSBContent.pem
cert-keypair-pwd:	cert/key/ICVSBContent.pwd
load-verify-scheme:	0
crypto-type:	0
aes-ce-id:	0
aes-enc-key:	cert/key/KCEICV.txt
images-table:	cert/Images.txt
nvcounter-val:	1
cert-pkg:	cert/ICVSBContent.crt
2023-12-06 15:34:11,125 - **** Creating Content Certificate ****
2023-12-06 15:34:11,131 - **** Certificate file (context) creation has been completed successfully ****
2023-12-06 17:06:35,342 - Content Certificate Generation Utility started (Logging to sb_content_cert.log)
2023-12-06 17:06:35,343 - Parsing config file: cert/cfg/ICVSBContent.cfg
2023-12-06 17:06:35,343 - Parsed config items:
cert-keypair:	cert/key/ICVSBContent.pem
cert-keypair-pwd:	cert/key/ICVSBContent.pwd
load-verify-scheme:	0
crypto-type:	0
aes-ce-id:	0
aes-enc-key:	cert/key/KCEICV.txt
images-table:	cert/Images.txt
nvcounter-val:	1
cert-pkg:	cert/ICVSBContent.crt
2023-12-06 17:06:35,344 - **** Creating Content Certificate ****
2023-12-06 17:06:35,353 - **** Certificate file (context) creation has been completed successfully ****
2023-12-06 17:06:35,657 - Content Certificate Generation Utility started (Logging to sb_content_cert.log)
2023-12-06 17:06:35,658 - Parsing config file: cert/cfg/ICVSBContent.cfg
2023-12-06 17:06:35,658 - Parsed config items:
cert-keypair:	cert/key/ICVSBContent.pem
cert-keypair-pwd:	cert/key/ICVSBContent.pwd
load-verify-scheme:	0
crypto-type:	0
aes-ce-id:	0
aes-enc-key:	cert/key/KCEICV.txt
images-table:	cert/Images.txt
nvcounter-val:	1
cert-pkg:	cert/ICVSBContent.crt
2023-12-06 17:06:35,658 - **** Creating Content Certificate ****
2023-12-06 17:06:35,665 - **** Certificate file (context) creation has been completed successfully ****
2023-12-06 17:06:36,023 - Content Certificate Generation Utility started (Logging to sb_content_cert.log)
2023-12-06 17:06:36,023 - Parsing config file: cert/cfg/ICVSBContent.cfg
2023-12-06 17:06:36,023 - Parsed config items:
cert-keypair:	cert/key/ICVSBContent.pem
cert-keypair-pwd:	cert/key/ICVSBContent.pwd
load-verify-scheme:	0
crypto-type:	0
aes-ce-id:	0
aes-enc-key:	cert/key/KCEICV.txt
images-table:	cert/Images.txt
nvcounter-val:	1
cert-pkg:	cert/ICVSBContent.crt
2023-12-06 17:06:36,024 - **** Creating Content Certificate ****
2023-12-06 17:06:36,032 - **** Certificate file (context) creation has been completed successfully ****
2023-12-06 17:06:36,290 - Content Certificate Generation Utility started (Logging to sb_content_cert.log)
2023-12-06 17:06:36,290 - Parsing config file: cert/cfg/ICVSBContent.cfg
2023-12-06 17:06:36,290 - Parsed config items:
cert-keypair:	cert/key/ICVSBContent.pem
cert-keypair-pwd:	cert/key/ICVSBContent.pwd
load-verify-scheme:	0
crypto-type:	0
aes-ce-id:	0
aes-enc-key:	cert/key/KCEICV.txt
images-table:	cert/Images.txt
nvcounter-val:	1
cert-pkg:	cert/ICVSBContent.crt
2023-12-06 17:06:36,291 - **** Creating Content Certificate ****
2023-12-06 17:06:36,298 - **** Certificate file (context) creation has been completed successfully ****
2023-12-06 17:06:38,138 - Content Certificate Generation Utility started (Logging to sb_content_cert.log)
2023-12-06 17:06:38,138 - Parsing config file: cert/cfg/ICVSBContent.cfg
2023-12-06 17:06:38,138 - Parsed config items:
cert-keypair:	cert/key/ICVSBContent.pem
cert-keypair-pwd:	cert/key/ICVSBContent.pwd
load-verify-scheme:	0
crypto-type:	0
aes-ce-id:	0
aes-enc-key:	cert/key/KCEICV.txt
images-table:	cert/Images.txt
nvcounter-val:	1
cert-pkg:	cert/ICVSBContent.crt
2023-12-06 17:06:38,138 - **** Creating Content Certificate ****
2023-12-06 17:06:38,145 - **** Certificate file (context) creation has been completed successfully ****
2023-12-06 17:06:38,415 - Content Certificate Generation Utility started (Logging to sb_content_cert.log)
2023-12-06 17:06:38,415 - Parsing config file: cert/cfg/ICVSBContent.cfg
2023-12-06 17:06:38,415 - Parsed config items:
cert-keypair:	cert/key/ICVSBContent.pem
cert-keypair-pwd:	cert/key/ICVSBContent.pwd
load-verify-scheme:	0
crypto-type:	0
aes-ce-id:	0
aes-enc-key:	cert/key/KCEICV.txt
images-table:	cert/Images.txt
nvcounter-val:	1
cert-pkg:	cert/ICVSBContent.crt
2023-12-06 17:06:38,415 - **** Creating Content Certificate ****
2023-12-06 17:06:38,422 - **** Certificate file (context) creation has been completed successfully ****
2025-12-03 16:37:44,906 - Content Certificate Generation Utility started (Logging to sb_content_cert.log)
2025-12-03 16:37:44,907 - Parsing config file: cert/cfg/ICVSBContent.cfg
2025-12-03 16:37:44,907 - Parsed config items:
cert-keypair:	cert/key/ICVSBContent.pem
cert-keypair-pwd:	cert/key/ICVSBContent.pwd
load-verify-scheme:	0
crypto-type:	0
aes-ce-id:	0
aes-enc-key:	cert/key/KCEICV.txt
images-table:	cert/Images.txt
nvcounter-val:	1
cert-pkg:	cert/ICVSBContent.crt
2025-12-03 16:37:44,907 - **** Creating Content Certificate ****
2025-12-03 16:37:44,910 - **** Certificate file (context) creation has been completed successfully ****
2025-12-03 16:37:45,025 - Content Certificate Generation Utility started (Logging to sb_content_cert.log)
2025-12-03 16:37:45,025 - Parsing config file: cert/cfg/ICVSBContent.cfg
2025-12-03 16:37:45,025 - Parsed config items:
cert-keypair:	cert/key/ICVSBContent.pem
cert-keypair-pwd:	cert/key/ICVSBContent.pwd
load-verify-scheme:	0
crypto-type:	0
aes-ce-id:	0
aes-enc-key:	cert/key/KCEICV.txt
images-table:	cert/Images.txt
nvcounter-val:	1
cert-pkg:	cert/ICVSBContent.crt
2025-12-03 16:37:45,025 - **** Creating Content Certificate ****
2025-12-03 16:37:45,029 - **** Certificate file (context) creation has been completed successfully ****
2025-12-03 16:37:45,162 - Content Certificate Generation Utility started (Logging to sb_content_cert.log)
2025-12-03 16:37:45,162 - Parsing config file: cert/cfg/ICVSBContent.cfg
2025-12-03 16:37:45,162 - Parsed config items:
cert-keypair:	cert/key/ICVSBContent.pem
cert-keypair-pwd:	cert/key/ICVSBContent.pwd
load-verify-scheme:	0
crypto-type:	0
aes-ce-id:	0
aes-enc-key:	cert/key/KCEICV.txt
images-table:	cert/Images.txt
nvcounter-val:	1
cert-pkg:	cert/ICVSBContent.crt
2025-12-03 16:37:45,163 - **** Creating Content Certificate ****
2025-12-03 16:37:45,165 - **** Certificate file (context) creation has been completed successfully ****
2025-12-03 16:37:45,282 - Content Certificate Generation Utility started (Logging to sb_content_cert.log)
2025-12-03 16:37:45,282 - Parsing config file: cert/cfg/ICVSBContent.cfg
2025-12-03 16:37:45,282 - Parsed config items:
cert-keypair:	cert/key/ICVSBContent.pem
cert-keypair-pwd:	cert/key/ICVSBContent.pwd
load-verify-scheme:	0
crypto-type:	0
aes-ce-id:	0
aes-enc-key:	cert/key/KCEICV.txt
images-table:	cert/Images.txt
nvcounter-val:	1
cert-pkg:	cert/ICVSBContent.crt
2025-12-03 16:37:45,282 - **** Creating Content Certificate ****
2025-12-03 16:37:45,284 - **** Certificate file (context) creation has been completed successfully ****
2025-12-03 16:37:45,964 - Content Certificate Generation Utility started (Logging to sb_content_cert.log)
2025-12-03 16:37:45,964 - Parsing config file: cert/cfg/ICVSBContent.cfg
2025-12-03 16:37:45,965 - Parsed config items:
cert-keypair:	cert/key/ICVSBContent.pem
cert-keypair-pwd:	cert/key/ICVSBContent.pwd
load-verify-scheme:	0
crypto-type:	0
aes-ce-id:	0
aes-enc-key:	cert/key/KCEICV.txt
images-table:	cert/Images.txt
nvcounter-val:	1
cert-pkg:	cert/ICVSBContent.crt
2025-12-03 16:37:45,965 - **** Creating Content Certificate ****
2025-12-03 16:37:45,967 - **** Certificate file (context) creation has been completed successfully ****
2025-12-03 16:37:46,082 - Content Certificate Generation Utility started (Logging to sb_content_cert.log)
2025-12-03 16:37:46,083 - Parsing config file: cert/cfg/ICVSBContent.cfg
2025-12-03 16:37:46,083 - Parsed config items:
cert-keypair:	cert/key/ICVSBContent.pem
cert-keypair-pwd:	cert/key/ICVSBContent.pwd
load-verify-scheme:	0
crypto-type:	0
aes-ce-id:	0
aes-enc-key:	cert/key/KCEICV.txt
images-table:	cert/Images.txt
nvcounter-val:	1
cert-pkg:	cert/ICVSBContent.crt
2025-12-03 16:37:46,083 - **** Creating Content Certificate ****
2025-12-03 16:37:46,086 - **** Certificate file (context) creation has been completed successfully ****
2025-12-08 15:45:43,177 - Content Certificate Generation Utility started (Logging to sb_content_cert.log)
2025-12-08 15:45:43,177 - Parsing config file: cert/cfg/ICVSBContent.cfg
2025-12-08 15:45:43,178 - Parsed config items:
cert-keypair:	cert/key/ICVSBContent.pem
cert-keypair-pwd:	cert/key/ICVSBContent.pwd
load-verify-scheme:	0
crypto-type:	0
aes-ce-id:	0
aes-enc-key:	cert/key/KCEICV.txt
images-table:	cert/Images.txt
nvcounter-val:	1
cert-pkg:	cert/ICVSBContent.crt
2025-12-08 15:45:43,178 - **** Creating Content Certificate ****
2025-12-08 15:45:43,180 - **** Certificate file (context) creation has been completed successfully ****
2025-12-08 15:45:43,306 - Content Certificate Generation Utility started (Logging to sb_content_cert.log)
2025-12-08 15:45:43,306 - Parsing config file: cert/cfg/ICVSBContent.cfg
2025-12-08 15:45:43,306 - Parsed config items:
cert-keypair:	cert/key/ICVSBContent.pem
cert-keypair-pwd:	cert/key/ICVSBContent.pwd
load-verify-scheme:	0
crypto-type:	0
aes-ce-id:	0
aes-enc-key:	cert/key/KCEICV.txt
images-table:	cert/Images.txt
nvcounter-val:	1
cert-pkg:	cert/ICVSBContent.crt
2025-12-08 15:45:43,306 - **** Creating Content Certificate ****
2025-12-08 15:45:43,309 - **** Certificate file (context) creation has been completed successfully ****
2025-12-08 15:45:43,484 - Content Certificate Generation Utility started (Logging to sb_content_cert.log)
2025-12-08 15:45:43,484 - Parsing config file: cert/cfg/ICVSBContent.cfg
2025-12-08 15:45:43,484 - Parsed config items:
cert-keypair:	cert/key/ICVSBContent.pem
cert-keypair-pwd:	cert/key/ICVSBContent.pwd
load-verify-scheme:	0
crypto-type:	0
aes-ce-id:	0
aes-enc-key:	cert/key/KCEICV.txt
images-table:	cert/Images.txt
nvcounter-val:	1
cert-pkg:	cert/ICVSBContent.crt
2025-12-08 15:45:43,484 - **** Creating Content Certificate ****
2025-12-08 15:45:43,488 - **** Certificate file (context) creation has been completed successfully ****
2025-12-08 15:45:43,637 - Content Certificate Generation Utility started (Logging to sb_content_cert.log)
2025-12-08 15:45:43,637 - Parsing config file: cert/cfg/ICVSBContent.cfg
2025-12-08 15:45:43,638 - Parsed config items:
cert-keypair:	cert/key/ICVSBContent.pem
cert-keypair-pwd:	cert/key/ICVSBContent.pwd
load-verify-scheme:	0
crypto-type:	0
aes-ce-id:	0
aes-enc-key:	cert/key/KCEICV.txt
images-table:	cert/Images.txt
nvcounter-val:	1
cert-pkg:	cert/ICVSBContent.crt
2025-12-08 15:45:43,638 - **** Creating Content Certificate ****
2025-12-08 15:45:43,641 - **** Certificate file (context) creation has been completed successfully ****
2025-12-08 15:45:44,289 - Content Certificate Generation Utility started (Logging to sb_content_cert.log)
2025-12-08 15:45:44,290 - Parsing config file: cert/cfg/ICVSBContent.cfg
2025-12-08 15:45:44,290 - Parsed config items:
cert-keypair:	cert/key/ICVSBContent.pem
cert-keypair-pwd:	cert/key/ICVSBContent.pwd
load-verify-scheme:	0
crypto-type:	0
aes-ce-id:	0
aes-enc-key:	cert/key/KCEICV.txt
images-table:	cert/Images.txt
nvcounter-val:	1
cert-pkg:	cert/ICVSBContent.crt
2025-12-08 15:45:44,290 - **** Creating Content Certificate ****
2025-12-08 15:45:44,293 - **** Certificate file (context) creation has been completed successfully ****
2025-12-08 15:45:44,430 - Content Certificate Generation Utility started (Logging to sb_content_cert.log)
2025-12-08 15:45:44,430 - Parsing config file: cert/cfg/ICVSBContent.cfg
2025-12-08 15:45:44,431 - Parsed config items:
cert-keypair:	cert/key/ICVSBContent.pem
cert-keypair-pwd:	cert/key/ICVSBContent.pwd
load-verify-scheme:	0
crypto-type:	0
aes-ce-id:	0
aes-enc-key:	cert/key/KCEICV.txt
images-table:	cert/Images.txt
nvcounter-val:	1
cert-pkg:	cert/ICVSBContent.crt
2025-12-08 15:45:44,431 - **** Creating Content Certificate ****
2025-12-08 15:45:44,434 - **** Certificate file (context) creation has been completed successfully ****
2025-12-08 16:19:44,733 - Content Certificate Generation Utility started (Logging to sb_content_cert.log)
2025-12-08 16:19:44,733 - Parsing config file: cert/cfg/ICVSBContent.cfg
2025-12-08 16:19:44,734 - Parsed config items:
cert-keypair:	cert/key/ICVSBContent.pem
cert-keypair-pwd:	cert/key/ICVSBContent.pwd
load-verify-scheme:	0
crypto-type:	0
aes-ce-id:	0
aes-enc-key:	cert/key/KCEICV.txt
images-table:	cert/Images.txt
nvcounter-val:	1
cert-pkg:	cert/ICVSBContent.crt
2025-12-08 16:19:44,734 - **** Creating Content Certificate ****
2025-12-08 16:19:44,736 - **** Certificate file (context) creation has been completed successfully ****
2025-12-08 16:19:44,862 - Content Certificate Generation Utility started (Logging to sb_content_cert.log)
2025-12-08 16:19:44,862 - Parsing config file: cert/cfg/ICVSBContent.cfg
2025-12-08 16:19:44,862 - Parsed config items:
cert-keypair:	cert/key/ICVSBContent.pem
cert-keypair-pwd:	cert/key/ICVSBContent.pwd
load-verify-scheme:	0
crypto-type:	0
aes-ce-id:	0
aes-enc-key:	cert/key/KCEICV.txt
images-table:	cert/Images.txt
nvcounter-val:	1
cert-pkg:	cert/ICVSBContent.crt
2025-12-08 16:19:44,862 - **** Creating Content Certificate ****
2025-12-08 16:19:44,865 - **** Certificate file (context) creation has been completed successfully ****
2025-12-08 16:19:45,016 - Content Certificate Generation Utility started (Logging to sb_content_cert.log)
2025-12-08 16:19:45,016 - Parsing config file: cert/cfg/ICVSBContent.cfg
2025-12-08 16:19:45,016 - Parsed config items:
cert-keypair:	cert/key/ICVSBContent.pem
cert-keypair-pwd:	cert/key/ICVSBContent.pwd
load-verify-scheme:	0
crypto-type:	0
aes-ce-id:	0
aes-enc-key:	cert/key/KCEICV.txt
images-table:	cert/Images.txt
nvcounter-val:	1
cert-pkg:	cert/ICVSBContent.crt
2025-12-08 16:19:45,017 - **** Creating Content Certificate ****
2025-12-08 16:19:45,019 - **** Certificate file (context) creation has been completed successfully ****
2025-12-08 16:19:45,147 - Content Certificate Generation Utility started (Logging to sb_content_cert.log)
2025-12-08 16:19:45,148 - Parsing config file: cert/cfg/ICVSBContent.cfg
2025-12-08 16:19:45,148 - Parsed config items:
cert-keypair:	cert/key/ICVSBContent.pem
cert-keypair-pwd:	cert/key/ICVSBContent.pwd
load-verify-scheme:	0
crypto-type:	0
aes-ce-id:	0
aes-enc-key:	cert/key/KCEICV.txt
images-table:	cert/Images.txt
nvcounter-val:	1
cert-pkg:	cert/ICVSBContent.crt
2025-12-08 16:19:45,148 - **** Creating Content Certificate ****
2025-12-08 16:19:45,151 - **** Certificate file (context) creation has been completed successfully ****
2025-12-08 16:19:45,821 - Content Certificate Generation Utility started (Logging to sb_content_cert.log)
2025-12-08 16:19:45,822 - Parsing config file: cert/cfg/ICVSBContent.cfg
2025-12-08 16:19:45,822 - Parsed config items:
cert-keypair:	cert/key/ICVSBContent.pem
cert-keypair-pwd:	cert/key/ICVSBContent.pwd
load-verify-scheme:	0
crypto-type:	0
aes-ce-id:	0
aes-enc-key:	cert/key/KCEICV.txt
images-table:	cert/Images.txt
nvcounter-val:	1
cert-pkg:	cert/ICVSBContent.crt
2025-12-08 16:19:45,822 - **** Creating Content Certificate ****
2025-12-08 16:19:45,824 - **** Certificate file (context) creation has been completed successfully ****
2025-12-08 16:19:45,957 - Content Certificate Generation Utility started (Logging to sb_content_cert.log)
2025-12-08 16:19:45,958 - Parsing config file: cert/cfg/ICVSBContent.cfg
2025-12-08 16:19:45,958 - Parsed config items:
cert-keypair:	cert/key/ICVSBContent.pem
cert-keypair-pwd:	cert/key/ICVSBContent.pwd
load-verify-scheme:	0
crypto-type:	0
aes-ce-id:	0
aes-enc-key:	cert/key/KCEICV.txt
images-table:	cert/Images.txt
nvcounter-val:	1
cert-pkg:	cert/ICVSBContent.crt
2025-12-08 16:19:45,958 - **** Creating Content Certificate ****
2025-12-08 16:19:45,961 - **** Certificate file (context) creation has been completed successfully ****
2025-12-08 16:22:47,900 - Content Certificate Generation Utility started (Logging to sb_content_cert.log)
2025-12-08 16:22:47,900 - Parsing config file: cert/cfg/ICVSBContent.cfg
2025-12-08 16:22:47,900 - Parsed config items:
cert-keypair:	cert/key/ICVSBContent.pem
cert-keypair-pwd:	cert/key/ICVSBContent.pwd
load-verify-scheme:	0
crypto-type:	0
aes-ce-id:	0
aes-enc-key:	cert/key/KCEICV.txt
images-table:	cert/Images.txt
nvcounter-val:	1
cert-pkg:	cert/ICVSBContent.crt
2025-12-08 16:22:47,900 - **** Creating Content Certificate ****
2025-12-08 16:22:47,903 - **** Certificate file (context) creation has been completed successfully ****
2025-12-08 16:22:48,029 - Content Certificate Generation Utility started (Logging to sb_content_cert.log)
2025-12-08 16:22:48,029 - Parsing config file: cert/cfg/ICVSBContent.cfg
2025-12-08 16:22:48,030 - Parsed config items:
cert-keypair:	cert/key/ICVSBContent.pem
cert-keypair-pwd:	cert/key/ICVSBContent.pwd
load-verify-scheme:	0
crypto-type:	0
aes-ce-id:	0
aes-enc-key:	cert/key/KCEICV.txt
images-table:	cert/Images.txt
nvcounter-val:	1
cert-pkg:	cert/ICVSBContent.crt
2025-12-08 16:22:48,030 - **** Creating Content Certificate ****
2025-12-08 16:22:48,033 - **** Certificate file (context) creation has been completed successfully ****
2025-12-08 16:22:48,181 - Content Certificate Generation Utility started (Logging to sb_content_cert.log)
2025-12-08 16:22:48,181 - Parsing config file: cert/cfg/ICVSBContent.cfg
2025-12-08 16:22:48,181 - Parsed config items:
cert-keypair:	cert/key/ICVSBContent.pem
cert-keypair-pwd:	cert/key/ICVSBContent.pwd
load-verify-scheme:	0
crypto-type:	0
aes-ce-id:	0
aes-enc-key:	cert/key/KCEICV.txt
images-table:	cert/Images.txt
nvcounter-val:	1
cert-pkg:	cert/ICVSBContent.crt
2025-12-08 16:22:48,181 - **** Creating Content Certificate ****
2025-12-08 16:22:48,184 - **** Certificate file (context) creation has been completed successfully ****
2025-12-08 16:22:48,305 - Content Certificate Generation Utility started (Logging to sb_content_cert.log)
2025-12-08 16:22:48,305 - Parsing config file: cert/cfg/ICVSBContent.cfg
2025-12-08 16:22:48,305 - Parsed config items:
cert-keypair:	cert/key/ICVSBContent.pem
cert-keypair-pwd:	cert/key/ICVSBContent.pwd
load-verify-scheme:	0
crypto-type:	0
aes-ce-id:	0
aes-enc-key:	cert/key/KCEICV.txt
images-table:	cert/Images.txt
nvcounter-val:	1
cert-pkg:	cert/ICVSBContent.crt
2025-12-08 16:22:48,305 - **** Creating Content Certificate ****
2025-12-08 16:22:48,308 - **** Certificate file (context) creation has been completed successfully ****
2025-12-08 16:22:48,930 - Content Certificate Generation Utility started (Logging to sb_content_cert.log)
2025-12-08 16:22:48,931 - Parsing config file: cert/cfg/ICVSBContent.cfg
2025-12-08 16:22:48,931 - Parsed config items:
cert-keypair:	cert/key/ICVSBContent.pem
cert-keypair-pwd:	cert/key/ICVSBContent.pwd
load-verify-scheme:	0
crypto-type:	0
aes-ce-id:	0
aes-enc-key:	cert/key/KCEICV.txt
images-table:	cert/Images.txt
nvcounter-val:	1
cert-pkg:	cert/ICVSBContent.crt
2025-12-08 16:22:48,931 - **** Creating Content Certificate ****
2025-12-08 16:22:48,934 - **** Certificate file (context) creation has been completed successfully ****
2025-12-08 16:22:49,062 - Content Certificate Generation Utility started (Logging to sb_content_cert.log)
2025-12-08 16:22:49,062 - Parsing config file: cert/cfg/ICVSBContent.cfg
2025-12-08 16:22:49,062 - Parsed config items:
cert-keypair:	cert/key/ICVSBContent.pem
cert-keypair-pwd:	cert/key/ICVSBContent.pwd
load-verify-scheme:	0
crypto-type:	0
aes-ce-id:	0
aes-enc-key:	cert/key/KCEICV.txt
images-table:	cert/Images.txt
nvcounter-val:	1
cert-pkg:	cert/ICVSBContent.crt
2025-12-08 16:22:49,062 - **** Creating Content Certificate ****
2025-12-08 16:22:49,065 - **** Certificate file (context) creation has been completed successfully ****
2025-12-08 16:25:38,819 - Content Certificate Generation Utility started (Logging to sb_content_cert.log)
2025-12-08 16:25:38,819 - Parsing config file: cert/cfg/ICVSBContent.cfg
2025-12-08 16:25:38,819 - Parsed config items:
cert-keypair:	cert/key/ICVSBContent.pem
cert-keypair-pwd:	cert/key/ICVSBContent.pwd
load-verify-scheme:	0
crypto-type:	0
aes-ce-id:	0
aes-enc-key:	cert/key/KCEICV.txt
images-table:	cert/Images.txt
nvcounter-val:	1
cert-pkg:	cert/ICVSBContent.crt
2025-12-08 16:25:38,819 - **** Creating Content Certificate ****
2025-12-08 16:25:38,822 - **** Certificate file (context) creation has been completed successfully ****
2025-12-08 16:25:38,940 - Content Certificate Generation Utility started (Logging to sb_content_cert.log)
2025-12-08 16:25:38,941 - Parsing config file: cert/cfg/ICVSBContent.cfg
2025-12-08 16:25:38,941 - Parsed config items:
cert-keypair:	cert/key/ICVSBContent.pem
cert-keypair-pwd:	cert/key/ICVSBContent.pwd
load-verify-scheme:	0
crypto-type:	0
aes-ce-id:	0
aes-enc-key:	cert/key/KCEICV.txt
images-table:	cert/Images.txt
nvcounter-val:	1
cert-pkg:	cert/ICVSBContent.crt
2025-12-08 16:25:38,941 - **** Creating Content Certificate ****
2025-12-08 16:25:38,943 - **** Certificate file (context) creation has been completed successfully ****
2025-12-08 16:25:39,117 - Content Certificate Generation Utility started (Logging to sb_content_cert.log)
2025-12-08 16:25:39,117 - Parsing config file: cert/cfg/ICVSBContent.cfg
2025-12-08 16:25:39,117 - Parsed config items:
cert-keypair:	cert/key/ICVSBContent.pem
cert-keypair-pwd:	cert/key/ICVSBContent.pwd
load-verify-scheme:	0
crypto-type:	0
aes-ce-id:	0
aes-enc-key:	cert/key/KCEICV.txt
images-table:	cert/Images.txt
nvcounter-val:	1
cert-pkg:	cert/ICVSBContent.crt
2025-12-08 16:25:39,118 - **** Creating Content Certificate ****
2025-12-08 16:25:39,121 - **** Certificate file (context) creation has been completed successfully ****
2025-12-08 16:25:39,264 - Content Certificate Generation Utility started (Logging to sb_content_cert.log)
2025-12-08 16:25:39,264 - Parsing config file: cert/cfg/ICVSBContent.cfg
2025-12-08 16:25:39,264 - Parsed config items:
cert-keypair:	cert/key/ICVSBContent.pem
cert-keypair-pwd:	cert/key/ICVSBContent.pwd
load-verify-scheme:	0
crypto-type:	0
aes-ce-id:	0
aes-enc-key:	cert/key/KCEICV.txt
images-table:	cert/Images.txt
nvcounter-val:	1
cert-pkg:	cert/ICVSBContent.crt
2025-12-08 16:25:39,264 - **** Creating Content Certificate ****
2025-12-08 16:25:39,267 - **** Certificate file (context) creation has been completed successfully ****
2025-12-08 16:25:39,895 - Content Certificate Generation Utility started (Logging to sb_content_cert.log)
2025-12-08 16:25:39,895 - Parsing config file: cert/cfg/ICVSBContent.cfg
2025-12-08 16:25:39,896 - Parsed config items:
cert-keypair:	cert/key/ICVSBContent.pem
cert-keypair-pwd:	cert/key/ICVSBContent.pwd
load-verify-scheme:	0
crypto-type:	0
aes-ce-id:	0
aes-enc-key:	cert/key/KCEICV.txt
images-table:	cert/Images.txt
nvcounter-val:	1
cert-pkg:	cert/ICVSBContent.crt
2025-12-08 16:25:39,896 - **** Creating Content Certificate ****
2025-12-08 16:25:39,898 - **** Certificate file (context) creation has been completed successfully ****
2025-12-08 16:25:40,023 - Content Certificate Generation Utility started (Logging to sb_content_cert.log)
2025-12-08 16:25:40,023 - Parsing config file: cert/cfg/ICVSBContent.cfg
2025-12-08 16:25:40,023 - Parsed config items:
cert-keypair:	cert/key/ICVSBContent.pem
cert-keypair-pwd:	cert/key/ICVSBContent.pwd
load-verify-scheme:	0
crypto-type:	0
aes-ce-id:	0
aes-enc-key:	cert/key/KCEICV.txt
images-table:	cert/Images.txt
nvcounter-val:	1
cert-pkg:	cert/ICVSBContent.crt
2025-12-08 16:25:40,023 - **** Creating Content Certificate ****
2025-12-08 16:25:40,026 - **** Certificate file (context) creation has been completed successfully ****
2025-12-08 16:46:48,918 - Content Certificate Generation Utility started (Logging to sb_content_cert.log)
2025-12-08 16:46:48,918 - Parsing config file: cert/cfg/ICVSBContent.cfg
2025-12-08 16:46:48,918 - Parsed config items:
cert-keypair:	cert/key/ICVSBContent.pem
cert-keypair-pwd:	cert/key/ICVSBContent.pwd
load-verify-scheme:	0
crypto-type:	0
aes-ce-id:	0
aes-enc-key:	cert/key/KCEICV.txt
images-table:	cert/Images.txt
nvcounter-val:	1
cert-pkg:	cert/ICVSBContent.crt
2025-12-08 16:46:48,918 - **** Creating Content Certificate ****
2025-12-08 16:46:48,921 - **** Certificate file (context) creation has been completed successfully ****
2025-12-08 16:46:49,040 - Content Certificate Generation Utility started (Logging to sb_content_cert.log)
2025-12-08 16:46:49,040 - Parsing config file: cert/cfg/ICVSBContent.cfg
2025-12-08 16:46:49,040 - Parsed config items:
cert-keypair:	cert/key/ICVSBContent.pem
cert-keypair-pwd:	cert/key/ICVSBContent.pwd
load-verify-scheme:	0
crypto-type:	0
aes-ce-id:	0
aes-enc-key:	cert/key/KCEICV.txt
images-table:	cert/Images.txt
nvcounter-val:	1
cert-pkg:	cert/ICVSBContent.crt
2025-12-08 16:46:49,040 - **** Creating Content Certificate ****
2025-12-08 16:46:49,043 - **** Certificate file (context) creation has been completed successfully ****
2025-12-08 16:46:49,208 - Content Certificate Generation Utility started (Logging to sb_content_cert.log)
2025-12-08 16:46:49,209 - Parsing config file: cert/cfg/ICVSBContent.cfg
2025-12-08 16:46:49,209 - Parsed config items:
cert-keypair:	cert/key/ICVSBContent.pem
cert-keypair-pwd:	cert/key/ICVSBContent.pwd
load-verify-scheme:	0
crypto-type:	0
aes-ce-id:	0
aes-enc-key:	cert/key/KCEICV.txt
images-table:	cert/Images.txt
nvcounter-val:	1
cert-pkg:	cert/ICVSBContent.crt
2025-12-08 16:46:49,209 - **** Creating Content Certificate ****
2025-12-08 16:46:49,213 - **** Certificate file (context) creation has been completed successfully ****
2025-12-08 16:46:49,345 - Content Certificate Generation Utility started (Logging to sb_content_cert.log)
2025-12-08 16:46:49,345 - Parsing config file: cert/cfg/ICVSBContent.cfg
2025-12-08 16:46:49,345 - Parsed config items:
cert-keypair:	cert/key/ICVSBContent.pem
cert-keypair-pwd:	cert/key/ICVSBContent.pwd
load-verify-scheme:	0
crypto-type:	0
aes-ce-id:	0
aes-enc-key:	cert/key/KCEICV.txt
images-table:	cert/Images.txt
nvcounter-val:	1
cert-pkg:	cert/ICVSBContent.crt
2025-12-08 16:46:49,345 - **** Creating Content Certificate ****
2025-12-08 16:46:49,348 - **** Certificate file (context) creation has been completed successfully ****
2025-12-08 16:46:49,955 - Content Certificate Generation Utility started (Logging to sb_content_cert.log)
2025-12-08 16:46:49,955 - Parsing config file: cert/cfg/ICVSBContent.cfg
2025-12-08 16:46:49,955 - Parsed config items:
cert-keypair:	cert/key/ICVSBContent.pem
cert-keypair-pwd:	cert/key/ICVSBContent.pwd
load-verify-scheme:	0
crypto-type:	0
aes-ce-id:	0
aes-enc-key:	cert/key/KCEICV.txt
images-table:	cert/Images.txt
nvcounter-val:	1
cert-pkg:	cert/ICVSBContent.crt
2025-12-08 16:46:49,956 - **** Creating Content Certificate ****
2025-12-08 16:46:49,958 - **** Certificate file (context) creation has been completed successfully ****
2025-12-08 16:46:50,086 - Content Certificate Generation Utility started (Logging to sb_content_cert.log)
2025-12-08 16:46:50,087 - Parsing config file: cert/cfg/ICVSBContent.cfg
2025-12-08 16:46:50,087 - Parsed config items:
cert-keypair:	cert/key/ICVSBContent.pem
cert-keypair-pwd:	cert/key/ICVSBContent.pwd
load-verify-scheme:	0
crypto-type:	0
aes-ce-id:	0
aes-enc-key:	cert/key/KCEICV.txt
images-table:	cert/Images.txt
nvcounter-val:	1
cert-pkg:	cert/ICVSBContent.crt
2025-12-08 16:46:50,087 - **** Creating Content Certificate ****
2025-12-08 16:46:50,090 - **** Certificate file (context) creation has been completed successfully ****
2025-12-08 16:54:22,556 - Content Certificate Generation Utility started (Logging to sb_content_cert.log)
2025-12-08 16:54:22,556 - Parsing config file: cert/cfg/ICVSBContent.cfg
2025-12-08 16:54:22,556 - Parsed config items:
cert-keypair:	cert/key/ICVSBContent.pem
cert-keypair-pwd:	cert/key/ICVSBContent.pwd
load-verify-scheme:	0
crypto-type:	0
aes-ce-id:	0
aes-enc-key:	cert/key/KCEICV.txt
images-table:	cert/Images.txt
nvcounter-val:	1
cert-pkg:	cert/ICVSBContent.crt
2025-12-08 16:54:22,556 - **** Creating Content Certificate ****
2025-12-08 16:54:22,559 - **** Certificate file (context) creation has been completed successfully ****
2025-12-08 16:54:22,698 - Content Certificate Generation Utility started (Logging to sb_content_cert.log)
2025-12-08 16:54:22,698 - Parsing config file: cert/cfg/ICVSBContent.cfg
2025-12-08 16:54:22,699 - Parsed config items:
cert-keypair:	cert/key/ICVSBContent.pem
cert-keypair-pwd:	cert/key/ICVSBContent.pwd
load-verify-scheme:	0
crypto-type:	0
aes-ce-id:	0
aes-enc-key:	cert/key/KCEICV.txt
images-table:	cert/Images.txt
nvcounter-val:	1
cert-pkg:	cert/ICVSBContent.crt
2025-12-08 16:54:22,699 - **** Creating Content Certificate ****
2025-12-08 16:54:22,703 - **** Certificate file (context) creation has been completed successfully ****
2025-12-08 16:54:22,884 - Content Certificate Generation Utility started (Logging to sb_content_cert.log)
2025-12-08 16:54:22,884 - Parsing config file: cert/cfg/ICVSBContent.cfg
2025-12-08 16:54:22,884 - Parsed config items:
cert-keypair:	cert/key/ICVSBContent.pem
cert-keypair-pwd:	cert/key/ICVSBContent.pwd
load-verify-scheme:	0
crypto-type:	0
aes-ce-id:	0
aes-enc-key:	cert/key/KCEICV.txt
images-table:	cert/Images.txt
nvcounter-val:	1
cert-pkg:	cert/ICVSBContent.crt
2025-12-08 16:54:22,884 - **** Creating Content Certificate ****
2025-12-08 16:54:22,887 - **** Certificate file (context) creation has been completed successfully ****
2025-12-08 16:54:23,010 - Content Certificate Generation Utility started (Logging to sb_content_cert.log)
2025-12-08 16:54:23,011 - Parsing config file: cert/cfg/ICVSBContent.cfg
2025-12-08 16:54:23,011 - Parsed config items:
cert-keypair:	cert/key/ICVSBContent.pem
cert-keypair-pwd:	cert/key/ICVSBContent.pwd
load-verify-scheme:	0
crypto-type:	0
aes-ce-id:	0
aes-enc-key:	cert/key/KCEICV.txt
images-table:	cert/Images.txt
nvcounter-val:	1
cert-pkg:	cert/ICVSBContent.crt
2025-12-08 16:54:23,011 - **** Creating Content Certificate ****
2025-12-08 16:54:23,014 - **** Certificate file (context) creation has been completed successfully ****
2025-12-08 16:54:23,692 - Content Certificate Generation Utility started (Logging to sb_content_cert.log)
2025-12-08 16:54:23,692 - Parsing config file: cert/cfg/ICVSBContent.cfg
2025-12-08 16:54:23,692 - Parsed config items:
cert-keypair:	cert/key/ICVSBContent.pem
cert-keypair-pwd:	cert/key/ICVSBContent.pwd
load-verify-scheme:	0
crypto-type:	0
aes-ce-id:	0
aes-enc-key:	cert/key/KCEICV.txt
images-table:	cert/Images.txt
nvcounter-val:	1
cert-pkg:	cert/ICVSBContent.crt
2025-12-08 16:54:23,692 - **** Creating Content Certificate ****
2025-12-08 16:54:23,694 - **** Certificate file (context) creation has been completed successfully ****
2025-12-08 16:54:23,818 - Content Certificate Generation Utility started (Logging to sb_content_cert.log)
2025-12-08 16:54:23,818 - Parsing config file: cert/cfg/ICVSBContent.cfg
2025-12-08 16:54:23,818 - Parsed config items:
cert-keypair:	cert/key/ICVSBContent.pem
cert-keypair-pwd:	cert/key/ICVSBContent.pwd
load-verify-scheme:	0
crypto-type:	0
aes-ce-id:	0
aes-enc-key:	cert/key/KCEICV.txt
images-table:	cert/Images.txt
nvcounter-val:	1
cert-pkg:	cert/ICVSBContent.crt
2025-12-08 16:54:23,818 - **** Creating Content Certificate ****
2025-12-08 16:54:23,821 - **** Certificate file (context) creation has been completed successfully ****
2025-12-08 17:33:46,132 - Content Certificate Generation Utility started (Logging to sb_content_cert.log)
2025-12-08 17:33:46,132 - Parsing config file: cert/cfg/ICVSBContent.cfg
2025-12-08 17:33:46,133 - Parsed config items:
cert-keypair:	cert/key/ICVSBContent.pem
cert-keypair-pwd:	cert/key/ICVSBContent.pwd
load-verify-scheme:	0
crypto-type:	0
aes-ce-id:	0
aes-enc-key:	cert/key/KCEICV.txt
images-table:	cert/Images.txt
nvcounter-val:	1
cert-pkg:	cert/ICVSBContent.crt
2025-12-08 17:33:46,133 - **** Creating Content Certificate ****
2025-12-08 17:33:46,135 - **** Certificate file (context) creation has been completed successfully ****
2025-12-08 17:33:46,269 - Content Certificate Generation Utility started (Logging to sb_content_cert.log)
2025-12-08 17:33:46,269 - Parsing config file: cert/cfg/ICVSBContent.cfg
2025-12-08 17:33:46,269 - Parsed config items:
cert-keypair:	cert/key/ICVSBContent.pem
cert-keypair-pwd:	cert/key/ICVSBContent.pwd
load-verify-scheme:	0
crypto-type:	0
aes-ce-id:	0
aes-enc-key:	cert/key/KCEICV.txt
images-table:	cert/Images.txt
nvcounter-val:	1
cert-pkg:	cert/ICVSBContent.crt
2025-12-08 17:33:46,270 - **** Creating Content Certificate ****
2025-12-08 17:33:46,274 - **** Certificate file (context) creation has been completed successfully ****
2025-12-08 17:33:46,437 - Content Certificate Generation Utility started (Logging to sb_content_cert.log)
2025-12-08 17:33:46,437 - Parsing config file: cert/cfg/ICVSBContent.cfg
2025-12-08 17:33:46,437 - Parsed config items:
cert-keypair:	cert/key/ICVSBContent.pem
cert-keypair-pwd:	cert/key/ICVSBContent.pwd
load-verify-scheme:	0
crypto-type:	0
aes-ce-id:	0
aes-enc-key:	cert/key/KCEICV.txt
images-table:	cert/Images.txt
nvcounter-val:	1
cert-pkg:	cert/ICVSBContent.crt
2025-12-08 17:33:46,438 - **** Creating Content Certificate ****
2025-12-08 17:33:46,441 - **** Certificate file (context) creation has been completed successfully ****
2025-12-08 17:33:46,561 - Content Certificate Generation Utility started (Logging to sb_content_cert.log)
2025-12-08 17:33:46,561 - Parsing config file: cert/cfg/ICVSBContent.cfg
2025-12-08 17:33:46,561 - Parsed config items:
cert-keypair:	cert/key/ICVSBContent.pem
cert-keypair-pwd:	cert/key/ICVSBContent.pwd
load-verify-scheme:	0
crypto-type:	0
aes-ce-id:	0
aes-enc-key:	cert/key/KCEICV.txt
images-table:	cert/Images.txt
nvcounter-val:	1
cert-pkg:	cert/ICVSBContent.crt
2025-12-08 17:33:46,561 - **** Creating Content Certificate ****
2025-12-08 17:33:46,564 - **** Certificate file (context) creation has been completed successfully ****
2025-12-08 17:33:46,957 - Content Certificate Generation Utility started (Logging to sb_content_cert.log)
2025-12-08 17:33:46,957 - Parsing config file: cert/cfg/ICVSBContent.cfg
2025-12-08 17:33:46,958 - Parsed config items:
cert-keypair:	cert/key/ICVSBContent.pem
cert-keypair-pwd:	cert/key/ICVSBContent.pwd
load-verify-scheme:	0
crypto-type:	0
aes-ce-id:	0
aes-enc-key:	cert/key/KCEICV.txt
images-table:	cert/Images.txt
nvcounter-val:	1
cert-pkg:	cert/ICVSBContent.crt
2025-12-08 17:33:46,958 - **** Creating Content Certificate ****
2025-12-08 17:33:46,960 - **** Certificate file (context) creation has been completed successfully ****
2025-12-08 17:33:47,083 - Content Certificate Generation Utility started (Logging to sb_content_cert.log)
2025-12-08 17:33:47,083 - Parsing config file: cert/cfg/ICVSBContent.cfg
2025-12-08 17:33:47,083 - Parsed config items:
cert-keypair:	cert/key/ICVSBContent.pem
cert-keypair-pwd:	cert/key/ICVSBContent.pwd
load-verify-scheme:	0
crypto-type:	0
aes-ce-id:	0
aes-enc-key:	cert/key/KCEICV.txt
images-table:	cert/Images.txt
nvcounter-val:	1
cert-pkg:	cert/ICVSBContent.crt
2025-12-08 17:33:47,083 - **** Creating Content Certificate ****
2025-12-08 17:33:47,086 - **** Certificate file (context) creation has been completed successfully ****
2025-12-08 17:42:37,263 - Content Certificate Generation Utility started (Logging to sb_content_cert.log)
2025-12-08 17:42:37,263 - Parsing config file: cert/cfg/ICVSBContent.cfg
2025-12-08 17:42:37,263 - Parsed config items:
cert-keypair:	cert/key/ICVSBContent.pem
cert-keypair-pwd:	cert/key/ICVSBContent.pwd
load-verify-scheme:	0
crypto-type:	0
aes-ce-id:	0
aes-enc-key:	cert/key/KCEICV.txt
images-table:	cert/Images.txt
nvcounter-val:	1
cert-pkg:	cert/ICVSBContent.crt
2025-12-08 17:42:37,263 - **** Creating Content Certificate ****
2025-12-08 17:42:37,267 - **** Certificate file (context) creation has been completed successfully ****
2025-12-08 17:42:37,390 - Content Certificate Generation Utility started (Logging to sb_content_cert.log)
2025-12-08 17:42:37,390 - Parsing config file: cert/cfg/ICVSBContent.cfg
2025-12-08 17:42:37,390 - Parsed config items:
cert-keypair:	cert/key/ICVSBContent.pem
cert-keypair-pwd:	cert/key/ICVSBContent.pwd
load-verify-scheme:	0
crypto-type:	0
aes-ce-id:	0
aes-enc-key:	cert/key/KCEICV.txt
images-table:	cert/Images.txt
nvcounter-val:	1
cert-pkg:	cert/ICVSBContent.crt
2025-12-08 17:42:37,390 - **** Creating Content Certificate ****
2025-12-08 17:42:37,393 - **** Certificate file (context) creation has been completed successfully ****
2025-12-08 17:42:37,554 - Content Certificate Generation Utility started (Logging to sb_content_cert.log)
2025-12-08 17:42:37,555 - Parsing config file: cert/cfg/ICVSBContent.cfg
2025-12-08 17:42:37,555 - Parsed config items:
cert-keypair:	cert/key/ICVSBContent.pem
cert-keypair-pwd:	cert/key/ICVSBContent.pwd
load-verify-scheme:	0
crypto-type:	0
aes-ce-id:	0
aes-enc-key:	cert/key/KCEICV.txt
images-table:	cert/Images.txt
nvcounter-val:	1
cert-pkg:	cert/ICVSBContent.crt
2025-12-08 17:42:37,555 - **** Creating Content Certificate ****
2025-12-08 17:42:37,558 - **** Certificate file (context) creation has been completed successfully ****
2025-12-08 17:42:37,690 - Content Certificate Generation Utility started (Logging to sb_content_cert.log)
2025-12-08 17:42:37,690 - Parsing config file: cert/cfg/ICVSBContent.cfg
2025-12-08 17:42:37,690 - Parsed config items:
cert-keypair:	cert/key/ICVSBContent.pem
cert-keypair-pwd:	cert/key/ICVSBContent.pwd
load-verify-scheme:	0
crypto-type:	0
aes-ce-id:	0
aes-enc-key:	cert/key/KCEICV.txt
images-table:	cert/Images.txt
nvcounter-val:	1
cert-pkg:	cert/ICVSBContent.crt
2025-12-08 17:42:37,690 - **** Creating Content Certificate ****
2025-12-08 17:42:37,693 - **** Certificate file (context) creation has been completed successfully ****
2025-12-08 17:42:38,086 - Content Certificate Generation Utility started (Logging to sb_content_cert.log)
2025-12-08 17:42:38,086 - Parsing config file: cert/cfg/ICVSBContent.cfg
2025-12-08 17:42:38,086 - Parsed config items:
cert-keypair:	cert/key/ICVSBContent.pem
cert-keypair-pwd:	cert/key/ICVSBContent.pwd
load-verify-scheme:	0
crypto-type:	0
aes-ce-id:	0
aes-enc-key:	cert/key/KCEICV.txt
images-table:	cert/Images.txt
nvcounter-val:	1
cert-pkg:	cert/ICVSBContent.crt
2025-12-08 17:42:38,087 - **** Creating Content Certificate ****
2025-12-08 17:42:38,090 - **** Certificate file (context) creation has been completed successfully ****
2025-12-08 17:42:38,210 - Content Certificate Generation Utility started (Logging to sb_content_cert.log)
2025-12-08 17:42:38,210 - Parsing config file: cert/cfg/ICVSBContent.cfg
2025-12-08 17:42:38,210 - Parsed config items:
cert-keypair:	cert/key/ICVSBContent.pem
cert-keypair-pwd:	cert/key/ICVSBContent.pwd
load-verify-scheme:	0
crypto-type:	0
aes-ce-id:	0
aes-enc-key:	cert/key/KCEICV.txt
images-table:	cert/Images.txt
nvcounter-val:	1
cert-pkg:	cert/ICVSBContent.crt
2025-12-08 17:42:38,211 - **** Creating Content Certificate ****
2025-12-08 17:42:38,214 - **** Certificate file (context) creation has been completed successfully ****
2025-12-08 17:50:47,474 - Content Certificate Generation Utility started (Logging to sb_content_cert.log)
2025-12-08 17:50:47,474 - Parsing config file: cert/cfg/ICVSBContent.cfg
2025-12-08 17:50:47,474 - Parsed config items:
cert-keypair:	cert/key/ICVSBContent.pem
cert-keypair-pwd:	cert/key/ICVSBContent.pwd
load-verify-scheme:	0
crypto-type:	0
aes-ce-id:	0
aes-enc-key:	cert/key/KCEICV.txt
images-table:	cert/Images.txt
nvcounter-val:	1
cert-pkg:	cert/ICVSBContent.crt
2025-12-08 17:50:47,474 - **** Creating Content Certificate ****
2025-12-08 17:50:47,477 - **** Certificate file (context) creation has been completed successfully ****
2025-12-08 17:50:47,627 - Content Certificate Generation Utility started (Logging to sb_content_cert.log)
2025-12-08 17:50:47,627 - Parsing config file: cert/cfg/ICVSBContent.cfg
2025-12-08 17:50:47,628 - Parsed config items:
cert-keypair:	cert/key/ICVSBContent.pem
cert-keypair-pwd:	cert/key/ICVSBContent.pwd
load-verify-scheme:	0
crypto-type:	0
aes-ce-id:	0
aes-enc-key:	cert/key/KCEICV.txt
images-table:	cert/Images.txt
nvcounter-val:	1
cert-pkg:	cert/ICVSBContent.crt
2025-12-08 17:50:47,628 - **** Creating Content Certificate ****
2025-12-08 17:50:47,632 - **** Certificate file (context) creation has been completed successfully ****
2025-12-08 17:50:47,789 - Content Certificate Generation Utility started (Logging to sb_content_cert.log)
2025-12-08 17:50:47,789 - Parsing config file: cert/cfg/ICVSBContent.cfg
2025-12-08 17:50:47,789 - Parsed config items:
cert-keypair:	cert/key/ICVSBContent.pem
cert-keypair-pwd:	cert/key/ICVSBContent.pwd
load-verify-scheme:	0
crypto-type:	0
aes-ce-id:	0
aes-enc-key:	cert/key/KCEICV.txt
images-table:	cert/Images.txt
nvcounter-val:	1
cert-pkg:	cert/ICVSBContent.crt
2025-12-08 17:50:47,789 - **** Creating Content Certificate ****
2025-12-08 17:50:47,792 - **** Certificate file (context) creation has been completed successfully ****
2025-12-08 17:50:46,423 - Content Certificate Generation Utility started (Logging to sb_content_cert.log)
2025-12-08 17:50:46,423 - Parsing config file: cert/cfg/ICVSBContent.cfg
2025-12-08 17:50:46,423 - Parsed config items:
cert-keypair:	cert/key/ICVSBContent.pem
cert-keypair-pwd:	cert/key/ICVSBContent.pwd
load-verify-scheme:	0
crypto-type:	0
aes-ce-id:	0
aes-enc-key:	cert/key/KCEICV.txt
images-table:	cert/Images.txt
nvcounter-val:	1
cert-pkg:	cert/ICVSBContent.crt
2025-12-08 17:50:46,424 - **** Creating Content Certificate ****
2025-12-08 17:50:46,427 - **** Certificate file (context) creation has been completed successfully ****
2025-12-08 17:50:46,846 - Content Certificate Generation Utility started (Logging to sb_content_cert.log)
2025-12-08 17:50:46,847 - Parsing config file: cert/cfg/ICVSBContent.cfg
2025-12-08 17:50:46,847 - Parsed config items:
cert-keypair:	cert/key/ICVSBContent.pem
cert-keypair-pwd:	cert/key/ICVSBContent.pwd
load-verify-scheme:	0
crypto-type:	0
aes-ce-id:	0
aes-enc-key:	cert/key/KCEICV.txt
images-table:	cert/Images.txt
nvcounter-val:	1
cert-pkg:	cert/ICVSBContent.crt
2025-12-08 17:50:46,847 - **** Creating Content Certificate ****
2025-12-08 17:50:46,849 - **** Certificate file (context) creation has been completed successfully ****
2025-12-08 17:50:46,984 - Content Certificate Generation Utility started (Logging to sb_content_cert.log)
2025-12-08 17:50:46,984 - Parsing config file: cert/cfg/ICVSBContent.cfg
2025-12-08 17:50:46,984 - Parsed config items:
cert-keypair:	cert/key/ICVSBContent.pem
cert-keypair-pwd:	cert/key/ICVSBContent.pwd
load-verify-scheme:	0
crypto-type:	0
aes-ce-id:	0
aes-enc-key:	cert/key/KCEICV.txt
images-table:	cert/Images.txt
nvcounter-val:	1
cert-pkg:	cert/ICVSBContent.crt
2025-12-08 17:50:46,985 - **** Creating Content Certificate ****
2025-12-08 17:50:46,988 - **** Certificate file (context) creation has been completed successfully ****
2025-12-08 17:58:21,136 - Content Certificate Generation Utility started (Logging to sb_content_cert.log)
2025-12-08 17:58:21,136 - Parsing config file: cert/cfg/ICVSBContent.cfg
2025-12-08 17:58:21,136 - Parsed config items:
cert-keypair:	cert/key/ICVSBContent.pem
cert-keypair-pwd:	cert/key/ICVSBContent.pwd
load-verify-scheme:	0
crypto-type:	0
aes-ce-id:	0
aes-enc-key:	cert/key/KCEICV.txt
images-table:	cert/Images.txt
nvcounter-val:	1
cert-pkg:	cert/ICVSBContent.crt
2025-12-08 17:58:21,137 - **** Creating Content Certificate ****
2025-12-08 17:58:21,139 - **** Certificate file (context) creation has been completed successfully ****
2025-12-08 17:58:21,289 - Content Certificate Generation Utility started (Logging to sb_content_cert.log)
2025-12-08 17:58:21,289 - Parsing config file: cert/cfg/ICVSBContent.cfg
2025-12-08 17:58:21,289 - Parsed config items:
cert-keypair:	cert/key/ICVSBContent.pem
cert-keypair-pwd:	cert/key/ICVSBContent.pwd
load-verify-scheme:	0
crypto-type:	0
aes-ce-id:	0
aes-enc-key:	cert/key/KCEICV.txt
images-table:	cert/Images.txt
nvcounter-val:	1
cert-pkg:	cert/ICVSBContent.crt
2025-12-08 17:58:21,290 - **** Creating Content Certificate ****
2025-12-08 17:58:21,294 - **** Certificate file (context) creation has been completed successfully ****
2025-12-08 17:58:21,440 - Content Certificate Generation Utility started (Logging to sb_content_cert.log)
2025-12-08 17:58:21,440 - Parsing config file: cert/cfg/ICVSBContent.cfg
2025-12-08 17:58:21,440 - Parsed config items:
cert-keypair:	cert/key/ICVSBContent.pem
cert-keypair-pwd:	cert/key/ICVSBContent.pwd
load-verify-scheme:	0
crypto-type:	0
aes-ce-id:	0
aes-enc-key:	cert/key/KCEICV.txt
images-table:	cert/Images.txt
nvcounter-val:	1
cert-pkg:	cert/ICVSBContent.crt
2025-12-08 17:58:21,440 - **** Creating Content Certificate ****
2025-12-08 17:58:21,443 - **** Certificate file (context) creation has been completed successfully ****
2025-12-08 17:58:21,568 - Content Certificate Generation Utility started (Logging to sb_content_cert.log)
2025-12-08 17:58:21,568 - Parsing config file: cert/cfg/ICVSBContent.cfg
2025-12-08 17:58:21,568 - Parsed config items:
cert-keypair:	cert/key/ICVSBContent.pem
cert-keypair-pwd:	cert/key/ICVSBContent.pwd
load-verify-scheme:	0
crypto-type:	0
aes-ce-id:	0
aes-enc-key:	cert/key/KCEICV.txt
images-table:	cert/Images.txt
nvcounter-val:	1
cert-pkg:	cert/ICVSBContent.crt
2025-12-08 17:58:21,569 - **** Creating Content Certificate ****
2025-12-08 17:58:21,572 - **** Certificate file (context) creation has been completed successfully ****
2025-12-08 17:58:21,961 - Content Certificate Generation Utility started (Logging to sb_content_cert.log)
2025-12-08 17:58:21,961 - Parsing config file: cert/cfg/ICVSBContent.cfg
2025-12-08 17:58:21,962 - Parsed config items:
cert-keypair:	cert/key/ICVSBContent.pem
cert-keypair-pwd:	cert/key/ICVSBContent.pwd
load-verify-scheme:	0
crypto-type:	0
aes-ce-id:	0
aes-enc-key:	cert/key/KCEICV.txt
images-table:	cert/Images.txt
nvcounter-val:	1
cert-pkg:	cert/ICVSBContent.crt
2025-12-08 17:58:21,962 - **** Creating Content Certificate ****
2025-12-08 17:58:21,964 - **** Certificate file (context) creation has been completed successfully ****
2025-12-08 17:58:22,091 - Content Certificate Generation Utility started (Logging to sb_content_cert.log)
2025-12-08 17:58:22,091 - Parsing config file: cert/cfg/ICVSBContent.cfg
2025-12-08 17:58:22,091 - Parsed config items:
cert-keypair:	cert/key/ICVSBContent.pem
cert-keypair-pwd:	cert/key/ICVSBContent.pwd
load-verify-scheme:	0
crypto-type:	0
aes-ce-id:	0
aes-enc-key:	cert/key/KCEICV.txt
images-table:	cert/Images.txt
nvcounter-val:	1
cert-pkg:	cert/ICVSBContent.crt
2025-12-08 17:58:22,093 - **** Creating Content Certificate ****
2025-12-08 17:58:22,096 - **** Certificate file (context) creation has been completed successfully ****
2025-12-08 18:00:07,531 - Content Certificate Generation Utility started (Logging to sb_content_cert.log)
2025-12-08 18:00:07,531 - Parsing config file: cert/cfg/ICVSBContent.cfg
2025-12-08 18:00:07,531 - Parsed config items:
cert-keypair:	cert/key/ICVSBContent.pem
cert-keypair-pwd:	cert/key/ICVSBContent.pwd
load-verify-scheme:	0
crypto-type:	0
aes-ce-id:	0
aes-enc-key:	cert/key/KCEICV.txt
images-table:	cert/Images.txt
nvcounter-val:	1
cert-pkg:	cert/ICVSBContent.crt
2025-12-08 18:00:07,531 - **** Creating Content Certificate ****
2025-12-08 18:00:07,534 - **** Certificate file (context) creation has been completed successfully ****
2025-12-08 18:00:07,667 - Content Certificate Generation Utility started (Logging to sb_content_cert.log)
2025-12-08 18:00:07,667 - Parsing config file: cert/cfg/ICVSBContent.cfg
2025-12-08 18:00:07,667 - Parsed config items:
cert-keypair:	cert/key/ICVSBContent.pem
cert-keypair-pwd:	cert/key/ICVSBContent.pwd
load-verify-scheme:	0
crypto-type:	0
aes-ce-id:	0
aes-enc-key:	cert/key/KCEICV.txt
images-table:	cert/Images.txt
nvcounter-val:	1
cert-pkg:	cert/ICVSBContent.crt
2025-12-08 18:00:07,668 - **** Creating Content Certificate ****
2025-12-08 18:00:07,670 - **** Certificate file (context) creation has been completed successfully ****
2025-12-08 18:00:07,827 - Content Certificate Generation Utility started (Logging to sb_content_cert.log)
2025-12-08 18:00:07,828 - Parsing config file: cert/cfg/ICVSBContent.cfg
2025-12-08 18:00:07,828 - Parsed config items:
cert-keypair:	cert/key/ICVSBContent.pem
cert-keypair-pwd:	cert/key/ICVSBContent.pwd
load-verify-scheme:	0
crypto-type:	0
aes-ce-id:	0
aes-enc-key:	cert/key/KCEICV.txt
images-table:	cert/Images.txt
nvcounter-val:	1
cert-pkg:	cert/ICVSBContent.crt
2025-12-08 18:00:07,828 - **** Creating Content Certificate ****
2025-12-08 18:00:07,831 - **** Certificate file (context) creation has been completed successfully ****
2025-12-08 18:00:07,975 - Content Certificate Generation Utility started (Logging to sb_content_cert.log)
2025-12-08 18:00:07,975 - Parsing config file: cert/cfg/ICVSBContent.cfg
2025-12-08 18:00:07,975 - Parsed config items:
cert-keypair:	cert/key/ICVSBContent.pem
cert-keypair-pwd:	cert/key/ICVSBContent.pwd
load-verify-scheme:	0
crypto-type:	0
aes-ce-id:	0
aes-enc-key:	cert/key/KCEICV.txt
images-table:	cert/Images.txt
nvcounter-val:	1
cert-pkg:	cert/ICVSBContent.crt
2025-12-08 18:00:07,975 - **** Creating Content Certificate ****
2025-12-08 18:00:07,978 - **** Certificate file (context) creation has been completed successfully ****
2025-12-08 18:00:08,375 - Content Certificate Generation Utility started (Logging to sb_content_cert.log)
2025-12-08 18:00:08,375 - Parsing config file: cert/cfg/ICVSBContent.cfg
2025-12-08 18:00:08,375 - Parsed config items:
cert-keypair:	cert/key/ICVSBContent.pem
cert-keypair-pwd:	cert/key/ICVSBContent.pwd
load-verify-scheme:	0
crypto-type:	0
aes-ce-id:	0
aes-enc-key:	cert/key/KCEICV.txt
images-table:	cert/Images.txt
nvcounter-val:	1
cert-pkg:	cert/ICVSBContent.crt
2025-12-08 18:00:08,375 - **** Creating Content Certificate ****
2025-12-08 18:00:08,378 - **** Certificate file (context) creation has been completed successfully ****
2025-12-08 18:00:08,501 - Content Certificate Generation Utility started (Logging to sb_content_cert.log)
2025-12-08 18:00:08,501 - Parsing config file: cert/cfg/ICVSBContent.cfg
2025-12-08 18:00:08,501 - Parsed config items:
cert-keypair:	cert/key/ICVSBContent.pem
cert-keypair-pwd:	cert/key/ICVSBContent.pwd
load-verify-scheme:	0
crypto-type:	0
aes-ce-id:	0
aes-enc-key:	cert/key/KCEICV.txt
images-table:	cert/Images.txt
nvcounter-val:	1
cert-pkg:	cert/ICVSBContent.crt
2025-12-08 18:00:08,501 - **** Creating Content Certificate ****
2025-12-08 18:00:08,503 - **** Certificate file (context) creation has been completed successfully ****
2025-12-09 11:33:07,863 - Content Certificate Generation Utility started (Logging to sb_content_cert.log)
2025-12-09 11:33:07,864 - Parsing config file: cert/cfg/ICVSBContent.cfg
2025-12-09 11:33:07,864 - Parsed config items:
cert-keypair:	cert/key/ICVSBContent.pem
cert-keypair-pwd:	cert/key/ICVSBContent.pwd
load-verify-scheme:	0
crypto-type:	0
aes-ce-id:	0
aes-enc-key:	cert/key/KCEICV.txt
images-table:	cert/Images.txt
nvcounter-val:	1
cert-pkg:	cert/ICVSBContent.crt
2025-12-09 11:33:07,864 - **** Creating Content Certificate ****
2025-12-09 11:33:07,868 - **** Certificate file (context) creation has been completed successfully ****
2025-12-09 11:33:07,986 - Content Certificate Generation Utility started (Logging to sb_content_cert.log)
2025-12-09 11:33:07,986 - Parsing config file: cert/cfg/ICVSBContent.cfg
2025-12-09 11:33:07,987 - Parsed config items:
cert-keypair:	cert/key/ICVSBContent.pem
cert-keypair-pwd:	cert/key/ICVSBContent.pwd
load-verify-scheme:	0
crypto-type:	0
aes-ce-id:	0
aes-enc-key:	cert/key/KCEICV.txt
images-table:	cert/Images.txt
nvcounter-val:	1
cert-pkg:	cert/ICVSBContent.crt
2025-12-09 11:33:07,987 - **** Creating Content Certificate ****
2025-12-09 11:33:07,990 - **** Certificate file (context) creation has been completed successfully ****
2025-12-09 11:33:08,152 - Content Certificate Generation Utility started (Logging to sb_content_cert.log)
2025-12-09 11:33:08,153 - Parsing config file: cert/cfg/ICVSBContent.cfg
2025-12-09 11:33:08,153 - Parsed config items:
cert-keypair:	cert/key/ICVSBContent.pem
cert-keypair-pwd:	cert/key/ICVSBContent.pwd
load-verify-scheme:	0
crypto-type:	0
aes-ce-id:	0
aes-enc-key:	cert/key/KCEICV.txt
images-table:	cert/Images.txt
nvcounter-val:	1
cert-pkg:	cert/ICVSBContent.crt
2025-12-09 11:33:08,153 - **** Creating Content Certificate ****
2025-12-09 11:33:08,156 - **** Certificate file (context) creation has been completed successfully ****
2025-12-09 11:33:08,288 - Content Certificate Generation Utility started (Logging to sb_content_cert.log)
2025-12-09 11:33:08,288 - Parsing config file: cert/cfg/ICVSBContent.cfg
2025-12-09 11:33:08,288 - Parsed config items:
cert-keypair:	cert/key/ICVSBContent.pem
cert-keypair-pwd:	cert/key/ICVSBContent.pwd
load-verify-scheme:	0
crypto-type:	0
aes-ce-id:	0
aes-enc-key:	cert/key/KCEICV.txt
images-table:	cert/Images.txt
nvcounter-val:	1
cert-pkg:	cert/ICVSBContent.crt
2025-12-09 11:33:08,288 - **** Creating Content Certificate ****
2025-12-09 11:33:08,291 - **** Certificate file (context) creation has been completed successfully ****
2025-12-09 11:33:08,780 - Content Certificate Generation Utility started (Logging to sb_content_cert.log)
2025-12-09 11:33:08,780 - Parsing config file: cert/cfg/ICVSBContent.cfg
2025-12-09 11:33:08,781 - Parsed config items:
cert-keypair:	cert/key/ICVSBContent.pem
cert-keypair-pwd:	cert/key/ICVSBContent.pwd
load-verify-scheme:	0
crypto-type:	0
aes-ce-id:	0
aes-enc-key:	cert/key/KCEICV.txt
images-table:	cert/Images.txt
nvcounter-val:	1
cert-pkg:	cert/ICVSBContent.crt
2025-12-09 11:33:08,781 - **** Creating Content Certificate ****
2025-12-09 11:33:08,783 - **** Certificate file (context) creation has been completed successfully ****
2025-12-09 11:33:08,903 - Content Certificate Generation Utility started (Logging to sb_content_cert.log)
2025-12-09 11:33:08,903 - Parsing config file: cert/cfg/ICVSBContent.cfg
2025-12-09 11:33:08,904 - Parsed config items:
cert-keypair:	cert/key/ICVSBContent.pem
cert-keypair-pwd:	cert/key/ICVSBContent.pwd
load-verify-scheme:	0
crypto-type:	0
aes-ce-id:	0
aes-enc-key:	cert/key/KCEICV.txt
images-table:	cert/Images.txt
nvcounter-val:	1
cert-pkg:	cert/ICVSBContent.crt
2025-12-09 11:33:08,904 - **** Creating Content Certificate ****
2025-12-09 11:33:08,906 - **** Certificate file (context) creation has been completed successfully ****
2025-12-09 11:56:59,426 - Content Certificate Generation Utility started (Logging to sb_content_cert.log)
2025-12-09 11:56:59,427 - Parsing config file: cert/cfg/ICVSBContent.cfg
2025-12-09 11:56:59,427 - Parsed config items:
cert-keypair:	cert/key/ICVSBContent.pem
cert-keypair-pwd:	cert/key/ICVSBContent.pwd
load-verify-scheme:	0
crypto-type:	0
aes-ce-id:	0
aes-enc-key:	cert/key/KCEICV.txt
images-table:	cert/Images.txt
nvcounter-val:	1
cert-pkg:	cert/ICVSBContent.crt
2025-12-09 11:56:59,427 - **** Creating Content Certificate ****
2025-12-09 11:56:59,430 - **** Certificate file (context) creation has been completed successfully ****
2025-12-09 11:56:59,549 - Content Certificate Generation Utility started (Logging to sb_content_cert.log)
2025-12-09 11:56:59,549 - Parsing config file: cert/cfg/ICVSBContent.cfg
2025-12-09 11:56:59,549 - Parsed config items:
cert-keypair:	cert/key/ICVSBContent.pem
cert-keypair-pwd:	cert/key/ICVSBContent.pwd
load-verify-scheme:	0
crypto-type:	0
aes-ce-id:	0
aes-enc-key:	cert/key/KCEICV.txt
images-table:	cert/Images.txt
nvcounter-val:	1
cert-pkg:	cert/ICVSBContent.crt
2025-12-09 11:56:59,549 - **** Creating Content Certificate ****
2025-12-09 11:56:59,552 - **** Certificate file (context) creation has been completed successfully ****
2025-12-09 11:56:59,685 - Content Certificate Generation Utility started (Logging to sb_content_cert.log)
2025-12-09 11:56:59,685 - Parsing config file: cert/cfg/ICVSBContent.cfg
2025-12-09 11:56:59,685 - Parsed config items:
cert-keypair:	cert/key/ICVSBContent.pem
cert-keypair-pwd:	cert/key/ICVSBContent.pwd
load-verify-scheme:	0
crypto-type:	0
aes-ce-id:	0
aes-enc-key:	cert/key/KCEICV.txt
images-table:	cert/Images.txt
nvcounter-val:	1
cert-pkg:	cert/ICVSBContent.crt
2025-12-09 11:56:59,686 - **** Creating Content Certificate ****
2025-12-09 11:56:59,689 - **** Certificate file (context) creation has been completed successfully ****
2025-12-09 11:56:59,809 - Content Certificate Generation Utility started (Logging to sb_content_cert.log)
2025-12-09 11:56:59,810 - Parsing config file: cert/cfg/ICVSBContent.cfg
2025-12-09 11:56:59,810 - Parsed config items:
cert-keypair:	cert/key/ICVSBContent.pem
cert-keypair-pwd:	cert/key/ICVSBContent.pwd
load-verify-scheme:	0
crypto-type:	0
aes-ce-id:	0
aes-enc-key:	cert/key/KCEICV.txt
images-table:	cert/Images.txt
nvcounter-val:	1
cert-pkg:	cert/ICVSBContent.crt
2025-12-09 11:56:59,810 - **** Creating Content Certificate ****
2025-12-09 11:56:59,812 - **** Certificate file (context) creation has been completed successfully ****
2025-12-09 11:57:00,251 - Content Certificate Generation Utility started (Logging to sb_content_cert.log)
2025-12-09 11:57:00,251 - Parsing config file: cert/cfg/ICVSBContent.cfg
2025-12-09 11:57:00,251 - Parsed config items:
cert-keypair:	cert/key/ICVSBContent.pem
cert-keypair-pwd:	cert/key/ICVSBContent.pwd
load-verify-scheme:	0
crypto-type:	0
aes-ce-id:	0
aes-enc-key:	cert/key/KCEICV.txt
images-table:	cert/Images.txt
nvcounter-val:	1
cert-pkg:	cert/ICVSBContent.crt
2025-12-09 11:57:00,251 - **** Creating Content Certificate ****
2025-12-09 11:57:00,254 - **** Certificate file (context) creation has been completed successfully ****
2025-12-09 11:57:00,379 - Content Certificate Generation Utility started (Logging to sb_content_cert.log)
2025-12-09 11:57:00,380 - Parsing config file: cert/cfg/ICVSBContent.cfg
2025-12-09 11:57:00,380 - Parsed config items:
cert-keypair:	cert/key/ICVSBContent.pem
cert-keypair-pwd:	cert/key/ICVSBContent.pwd
load-verify-scheme:	0
crypto-type:	0
aes-ce-id:	0
aes-enc-key:	cert/key/KCEICV.txt
images-table:	cert/Images.txt
nvcounter-val:	1
cert-pkg:	cert/ICVSBContent.crt
2025-12-09 11:57:00,380 - **** Creating Content Certificate ****
2025-12-09 11:57:00,383 - **** Certificate file (context) creation has been completed successfully ****
2025-12-09 12:00:26,991 - Content Certificate Generation Utility started (Logging to sb_content_cert.log)
2025-12-09 12:00:26,991 - Parsing config file: cert/cfg/ICVSBContent.cfg
2025-12-09 12:00:26,991 - Parsed config items:
cert-keypair:	cert/key/ICVSBContent.pem
cert-keypair-pwd:	cert/key/ICVSBContent.pwd
load-verify-scheme:	0
crypto-type:	0
aes-ce-id:	0
aes-enc-key:	cert/key/KCEICV.txt
images-table:	cert/Images.txt
nvcounter-val:	1
cert-pkg:	cert/ICVSBContent.crt
2025-12-09 12:00:26,992 - **** Creating Content Certificate ****
2025-12-09 12:00:26,994 - **** Certificate file (context) creation has been completed successfully ****
2025-12-09 12:00:27,114 - Content Certificate Generation Utility started (Logging to sb_content_cert.log)
2025-12-09 12:00:27,114 - Parsing config file: cert/cfg/ICVSBContent.cfg
2025-12-09 12:00:27,114 - Parsed config items:
cert-keypair:	cert/key/ICVSBContent.pem
cert-keypair-pwd:	cert/key/ICVSBContent.pwd
load-verify-scheme:	0
crypto-type:	0
aes-ce-id:	0
aes-enc-key:	cert/key/KCEICV.txt
images-table:	cert/Images.txt
nvcounter-val:	1
cert-pkg:	cert/ICVSBContent.crt
2025-12-09 12:00:27,115 - **** Creating Content Certificate ****
2025-12-09 12:00:27,117 - **** Certificate file (context) creation has been completed successfully ****
2025-12-09 12:00:27,254 - Content Certificate Generation Utility started (Logging to sb_content_cert.log)
2025-12-09 12:00:27,254 - Parsing config file: cert/cfg/ICVSBContent.cfg
2025-12-09 12:00:27,254 - Parsed config items:
cert-keypair:	cert/key/ICVSBContent.pem
cert-keypair-pwd:	cert/key/ICVSBContent.pwd
load-verify-scheme:	0
crypto-type:	0
aes-ce-id:	0
aes-enc-key:	cert/key/KCEICV.txt
images-table:	cert/Images.txt
nvcounter-val:	1
cert-pkg:	cert/ICVSBContent.crt
2025-12-09 12:00:27,254 - **** Creating Content Certificate ****
2025-12-09 12:00:27,257 - **** Certificate file (context) creation has been completed successfully ****
2025-12-09 12:00:27,383 - Content Certificate Generation Utility started (Logging to sb_content_cert.log)
2025-12-09 12:00:27,384 - Parsing config file: cert/cfg/ICVSBContent.cfg
2025-12-09 12:00:27,384 - Parsed config items:
cert-keypair:	cert/key/ICVSBContent.pem
cert-keypair-pwd:	cert/key/ICVSBContent.pwd
load-verify-scheme:	0
crypto-type:	0
aes-ce-id:	0
aes-enc-key:	cert/key/KCEICV.txt
images-table:	cert/Images.txt
nvcounter-val:	1
cert-pkg:	cert/ICVSBContent.crt
2025-12-09 12:00:27,384 - **** Creating Content Certificate ****
2025-12-09 12:00:27,386 - **** Certificate file (context) creation has been completed successfully ****
2025-12-09 12:00:27,831 - Content Certificate Generation Utility started (Logging to sb_content_cert.log)
2025-12-09 12:00:27,831 - Parsing config file: cert/cfg/ICVSBContent.cfg
2025-12-09 12:00:27,831 - Parsed config items:
cert-keypair:	cert/key/ICVSBContent.pem
cert-keypair-pwd:	cert/key/ICVSBContent.pwd
load-verify-scheme:	0
crypto-type:	0
aes-ce-id:	0
aes-enc-key:	cert/key/KCEICV.txt
images-table:	cert/Images.txt
nvcounter-val:	1
cert-pkg:	cert/ICVSBContent.crt
2025-12-09 12:00:27,831 - **** Creating Content Certificate ****
2025-12-09 12:00:27,834 - **** Certificate file (context) creation has been completed successfully ****
2025-12-09 12:00:27,954 - Content Certificate Generation Utility started (Logging to sb_content_cert.log)
2025-12-09 12:00:27,954 - Parsing config file: cert/cfg/ICVSBContent.cfg
2025-12-09 12:00:27,954 - Parsed config items:
cert-keypair:	cert/key/ICVSBContent.pem
cert-keypair-pwd:	cert/key/ICVSBContent.pwd
load-verify-scheme:	0
crypto-type:	0
aes-ce-id:	0
aes-enc-key:	cert/key/KCEICV.txt
images-table:	cert/Images.txt
nvcounter-val:	1
cert-pkg:	cert/ICVSBContent.crt
2025-12-09 12:00:27,954 - **** Creating Content Certificate ****
2025-12-09 12:00:27,957 - **** Certificate file (context) creation has been completed successfully ****
2025-12-09 12:05:16,192 - Content Certificate Generation Utility started (Logging to sb_content_cert.log)
2025-12-09 12:05:16,192 - Parsing config file: cert/cfg/ICVSBContent.cfg
2025-12-09 12:05:16,192 - Parsed config items:
cert-keypair:	cert/key/ICVSBContent.pem
cert-keypair-pwd:	cert/key/ICVSBContent.pwd
load-verify-scheme:	0
crypto-type:	0
aes-ce-id:	0
aes-enc-key:	cert/key/KCEICV.txt
images-table:	cert/Images.txt
nvcounter-val:	1
cert-pkg:	cert/ICVSBContent.crt
2025-12-09 12:05:16,193 - **** Creating Content Certificate ****
2025-12-09 12:05:16,195 - **** Certificate file (context) creation has been completed successfully ****
2025-12-09 12:05:16,368 - Content Certificate Generation Utility started (Logging to sb_content_cert.log)
2025-12-09 12:05:16,368 - Parsing config file: cert/cfg/ICVSBContent.cfg
2025-12-09 12:05:16,368 - Parsed config items:
cert-keypair:	cert/key/ICVSBContent.pem
cert-keypair-pwd:	cert/key/ICVSBContent.pwd
load-verify-scheme:	0
crypto-type:	0
aes-ce-id:	0
aes-enc-key:	cert/key/KCEICV.txt
images-table:	cert/Images.txt
nvcounter-val:	1
cert-pkg:	cert/ICVSBContent.crt
2025-12-09 12:05:16,368 - **** Creating Content Certificate ****
2025-12-09 12:05:16,371 - **** Certificate file (context) creation has been completed successfully ****
2025-12-09 12:05:16,539 - Content Certificate Generation Utility started (Logging to sb_content_cert.log)
2025-12-09 12:05:16,539 - Parsing config file: cert/cfg/ICVSBContent.cfg
2025-12-09 12:05:16,539 - Parsed config items:
cert-keypair:	cert/key/ICVSBContent.pem
cert-keypair-pwd:	cert/key/ICVSBContent.pwd
load-verify-scheme:	0
crypto-type:	0
aes-ce-id:	0
aes-enc-key:	cert/key/KCEICV.txt
images-table:	cert/Images.txt
nvcounter-val:	1
cert-pkg:	cert/ICVSBContent.crt
2025-12-09 12:05:16,540 - **** Creating Content Certificate ****
2025-12-09 12:05:16,545 - **** Certificate file (context) creation has been completed successfully ****
2025-12-09 12:05:16,680 - Content Certificate Generation Utility started (Logging to sb_content_cert.log)
2025-12-09 12:05:16,680 - Parsing config file: cert/cfg/ICVSBContent.cfg
2025-12-09 12:05:16,680 - Parsed config items:
cert-keypair:	cert/key/ICVSBContent.pem
cert-keypair-pwd:	cert/key/ICVSBContent.pwd
load-verify-scheme:	0
crypto-type:	0
aes-ce-id:	0
aes-enc-key:	cert/key/KCEICV.txt
images-table:	cert/Images.txt
nvcounter-val:	1
cert-pkg:	cert/ICVSBContent.crt
2025-12-09 12:05:16,680 - **** Creating Content Certificate ****
2025-12-09 12:05:16,684 - **** Certificate file (context) creation has been completed successfully ****
2025-12-09 12:05:17,126 - Content Certificate Generation Utility started (Logging to sb_content_cert.log)
2025-12-09 12:05:17,127 - Parsing config file: cert/cfg/ICVSBContent.cfg
2025-12-09 12:05:17,127 - Parsed config items:
cert-keypair:	cert/key/ICVSBContent.pem
cert-keypair-pwd:	cert/key/ICVSBContent.pwd
load-verify-scheme:	0
crypto-type:	0
aes-ce-id:	0
aes-enc-key:	cert/key/KCEICV.txt
images-table:	cert/Images.txt
nvcounter-val:	1
cert-pkg:	cert/ICVSBContent.crt
2025-12-09 12:05:17,127 - **** Creating Content Certificate ****
2025-12-09 12:05:17,129 - **** Certificate file (context) creation has been completed successfully ****
2025-12-09 12:05:17,252 - Content Certificate Generation Utility started (Logging to sb_content_cert.log)
2025-12-09 12:05:17,252 - Parsing config file: cert/cfg/ICVSBContent.cfg
2025-12-09 12:05:17,252 - Parsed config items:
cert-keypair:	cert/key/ICVSBContent.pem
cert-keypair-pwd:	cert/key/ICVSBContent.pwd
load-verify-scheme:	0
crypto-type:	0
aes-ce-id:	0
aes-enc-key:	cert/key/KCEICV.txt
images-table:	cert/Images.txt
nvcounter-val:	1
cert-pkg:	cert/ICVSBContent.crt
2025-12-09 12:05:17,252 - **** Creating Content Certificate ****
2025-12-09 12:05:17,255 - **** Certificate file (context) creation has been completed successfully ****
2025-12-09 12:12:59,403 - Content Certificate Generation Utility started (Logging to sb_content_cert.log)
2025-12-09 12:12:59,403 - Parsing config file: cert/cfg/ICVSBContent.cfg
2025-12-09 12:12:59,404 - Parsed config items:
cert-keypair:	cert/key/ICVSBContent.pem
cert-keypair-pwd:	cert/key/ICVSBContent.pwd
load-verify-scheme:	0
crypto-type:	0
aes-ce-id:	0
aes-enc-key:	cert/key/KCEICV.txt
images-table:	cert/Images.txt
nvcounter-val:	1
cert-pkg:	cert/ICVSBContent.crt
2025-12-09 12:12:59,404 - **** Creating Content Certificate ****
2025-12-09 12:12:59,407 - **** Certificate file (context) creation has been completed successfully ****
2025-12-09 12:12:59,543 - Content Certificate Generation Utility started (Logging to sb_content_cert.log)
2025-12-09 12:12:59,543 - Parsing config file: cert/cfg/ICVSBContent.cfg
2025-12-09 12:12:59,543 - Parsed config items:
cert-keypair:	cert/key/ICVSBContent.pem
cert-keypair-pwd:	cert/key/ICVSBContent.pwd
load-verify-scheme:	0
crypto-type:	0
aes-ce-id:	0
aes-enc-key:	cert/key/KCEICV.txt
images-table:	cert/Images.txt
nvcounter-val:	1
cert-pkg:	cert/ICVSBContent.crt
2025-12-09 12:12:59,543 - **** Creating Content Certificate ****
2025-12-09 12:12:59,547 - **** Certificate file (context) creation has been completed successfully ****
2025-12-09 12:12:59,744 - Content Certificate Generation Utility started (Logging to sb_content_cert.log)
2025-12-09 12:12:59,744 - Parsing config file: cert/cfg/ICVSBContent.cfg
2025-12-09 12:12:59,744 - Parsed config items:
cert-keypair:	cert/key/ICVSBContent.pem
cert-keypair-pwd:	cert/key/ICVSBContent.pwd
load-verify-scheme:	0
crypto-type:	0
aes-ce-id:	0
aes-enc-key:	cert/key/KCEICV.txt
images-table:	cert/Images.txt
nvcounter-val:	1
cert-pkg:	cert/ICVSBContent.crt
2025-12-09 12:12:59,745 - **** Creating Content Certificate ****
2025-12-09 12:12:59,747 - **** Certificate file (context) creation has been completed successfully ****
2025-12-09 12:12:59,867 - Content Certificate Generation Utility started (Logging to sb_content_cert.log)
2025-12-09 12:12:59,867 - Parsing config file: cert/cfg/ICVSBContent.cfg
2025-12-09 12:12:59,867 - Parsed config items:
cert-keypair:	cert/key/ICVSBContent.pem
cert-keypair-pwd:	cert/key/ICVSBContent.pwd
load-verify-scheme:	0
crypto-type:	0
aes-ce-id:	0
aes-enc-key:	cert/key/KCEICV.txt
images-table:	cert/Images.txt
nvcounter-val:	1
cert-pkg:	cert/ICVSBContent.crt
2025-12-09 12:12:59,867 - **** Creating Content Certificate ****
2025-12-09 12:12:59,870 - **** Certificate file (context) creation has been completed successfully ****
2025-12-09 12:13:00,304 - Content Certificate Generation Utility started (Logging to sb_content_cert.log)
2025-12-09 12:13:00,304 - Parsing config file: cert/cfg/ICVSBContent.cfg
2025-12-09 12:13:00,304 - Parsed config items:
cert-keypair:	cert/key/ICVSBContent.pem
cert-keypair-pwd:	cert/key/ICVSBContent.pwd
load-verify-scheme:	0
crypto-type:	0
aes-ce-id:	0
aes-enc-key:	cert/key/KCEICV.txt
images-table:	cert/Images.txt
nvcounter-val:	1
cert-pkg:	cert/ICVSBContent.crt
2025-12-09 12:13:00,304 - **** Creating Content Certificate ****
2025-12-09 12:13:00,306 - **** Certificate file (context) creation has been completed successfully ****
2025-12-09 12:13:00,432 - Content Certificate Generation Utility started (Logging to sb_content_cert.log)
2025-12-09 12:13:00,432 - Parsing config file: cert/cfg/ICVSBContent.cfg
2025-12-09 12:13:00,432 - Parsed config items:
cert-keypair:	cert/key/ICVSBContent.pem
cert-keypair-pwd:	cert/key/ICVSBContent.pwd
load-verify-scheme:	0
crypto-type:	0
aes-ce-id:	0
aes-enc-key:	cert/key/KCEICV.txt
images-table:	cert/Images.txt
nvcounter-val:	1
cert-pkg:	cert/ICVSBContent.crt
2025-12-09 12:13:00,432 - **** Creating Content Certificate ****
2025-12-09 12:13:00,435 - **** Certificate file (context) creation has been completed successfully ****
2025-12-30 23:08:15,425 - Content Certificate Generation Utility started (Logging to sb_content_cert.log)
2025-12-30 23:08:15,425 - Parsing config file: cert/cfg/ICVSBContent.cfg
2025-12-30 23:08:15,425 - Parsed config items:
cert-keypair:	cert/key/ICVSBContent.pem
cert-keypair-pwd:	cert/key/ICVSBContent.pwd
load-verify-scheme:	0
crypto-type:	0
aes-ce-id:	0
aes-enc-key:	cert/key/KCEICV.txt
images-table:	cert/Images.txt
nvcounter-val:	1
cert-pkg:	cert/ICVSBContent.crt
2025-12-30 23:08:15,425 - **** Creating Content Certificate ****
2025-12-30 23:08:15,429 - **** Certificate file (context) creation has been completed successfully ****
2025-12-30 23:08:15,568 - Content Certificate Generation Utility started (Logging to sb_content_cert.log)
2025-12-30 23:08:15,569 - Parsing config file: cert/cfg/ICVSBContent.cfg
2025-12-30 23:08:15,569 - Parsed config items:
cert-keypair:	cert/key/ICVSBContent.pem
cert-keypair-pwd:	cert/key/ICVSBContent.pwd
load-verify-scheme:	0
crypto-type:	0
aes-ce-id:	0
aes-enc-key:	cert/key/KCEICV.txt
images-table:	cert/Images.txt
nvcounter-val:	1
cert-pkg:	cert/ICVSBContent.crt
2025-12-30 23:08:15,569 - **** Creating Content Certificate ****
2025-12-30 23:08:15,573 - **** Certificate file (context) creation has been completed successfully ****
2025-12-30 23:08:15,747 - Content Certificate Generation Utility started (Logging to sb_content_cert.log)
2025-12-30 23:08:15,748 - Parsing config file: cert/cfg/ICVSBContent.cfg
2025-12-30 23:08:15,748 - Parsed config items:
cert-keypair:	cert/key/ICVSBContent.pem
cert-keypair-pwd:	cert/key/ICVSBContent.pwd
load-verify-scheme:	0
crypto-type:	0
aes-ce-id:	0
aes-enc-key:	cert/key/KCEICV.txt
images-table:	cert/Images.txt
nvcounter-val:	1
cert-pkg:	cert/ICVSBContent.crt
2025-12-30 23:08:15,748 - **** Creating Content Certificate ****
2025-12-30 23:08:15,751 - **** Certificate file (context) creation has been completed successfully ****
2025-12-30 23:08:15,882 - Content Certificate Generation Utility started (Logging to sb_content_cert.log)
2025-12-30 23:08:15,882 - Parsing config file: cert/cfg/ICVSBContent.cfg
2025-12-30 23:08:15,882 - Parsed config items:
cert-keypair:	cert/key/ICVSBContent.pem
cert-keypair-pwd:	cert/key/ICVSBContent.pwd
load-verify-scheme:	0
crypto-type:	0
aes-ce-id:	0
aes-enc-key:	cert/key/KCEICV.txt
images-table:	cert/Images.txt
nvcounter-val:	1
cert-pkg:	cert/ICVSBContent.crt
2025-12-30 23:08:15,882 - **** Creating Content Certificate ****
2025-12-30 23:08:15,885 - **** Certificate file (context) creation has been completed successfully ****
2025-12-30 23:08:16,362 - Content Certificate Generation Utility started (Logging to sb_content_cert.log)
2025-12-30 23:08:16,362 - Parsing config file: cert/cfg/ICVSBContent.cfg
2025-12-30 23:08:16,362 - Parsed config items:
cert-keypair:	cert/key/ICVSBContent.pem
cert-keypair-pwd:	cert/key/ICVSBContent.pwd
load-verify-scheme:	0
crypto-type:	0
aes-ce-id:	0
aes-enc-key:	cert/key/KCEICV.txt
images-table:	cert/Images.txt
nvcounter-val:	1
cert-pkg:	cert/ICVSBContent.crt
2025-12-30 23:08:16,362 - **** Creating Content Certificate ****
2025-12-30 23:08:16,364 - **** Certificate file (context) creation has been completed successfully ****
2025-12-30 23:08:16,514 - Content Certificate Generation Utility started (Logging to sb_content_cert.log)
2025-12-30 23:08:16,514 - Parsing config file: cert/cfg/ICVSBContent.cfg
2025-12-30 23:08:16,514 - Parsed config items:
cert-keypair:	cert/key/ICVSBContent.pem
cert-keypair-pwd:	cert/key/ICVSBContent.pwd
load-verify-scheme:	0
crypto-type:	0
aes-ce-id:	0
aes-enc-key:	cert/key/KCEICV.txt
images-table:	cert/Images.txt
nvcounter-val:	1
cert-pkg:	cert/ICVSBContent.crt
2025-12-30 23:08:16,515 - **** Creating Content Certificate ****
2025-12-30 23:08:16,517 - **** Certificate file (context) creation has been completed successfully ****
2025-12-30 23:17:27,635 - Content Certificate Generation Utility started (Logging to sb_content_cert.log)
2025-12-30 23:17:27,635 - Parsing config file: cert/cfg/ICVSBContent.cfg
2025-12-30 23:17:27,636 - Parsed config items:
cert-keypair:	cert/key/ICVSBContent.pem
cert-keypair-pwd:	cert/key/ICVSBContent.pwd
load-verify-scheme:	0
crypto-type:	0
aes-ce-id:	0
aes-enc-key:	cert/key/KCEICV.txt
images-table:	cert/Images.txt
nvcounter-val:	1
cert-pkg:	cert/ICVSBContent.crt
2025-12-30 23:17:27,636 - **** Creating Content Certificate ****
2025-12-30 23:17:27,639 - **** Certificate file (context) creation has been completed successfully ****
2025-12-30 23:17:27,790 - Content Certificate Generation Utility started (Logging to sb_content_cert.log)
2025-12-30 23:17:27,790 - Parsing config file: cert/cfg/ICVSBContent.cfg
2025-12-30 23:17:27,790 - Parsed config items:
cert-keypair:	cert/key/ICVSBContent.pem
cert-keypair-pwd:	cert/key/ICVSBContent.pwd
load-verify-scheme:	0
crypto-type:	0
aes-ce-id:	0
aes-enc-key:	cert/key/KCEICV.txt
images-table:	cert/Images.txt
nvcounter-val:	1
cert-pkg:	cert/ICVSBContent.crt
2025-12-30 23:17:27,791 - **** Creating Content Certificate ****
2025-12-30 23:17:27,794 - **** Certificate file (context) creation has been completed successfully ****
2025-12-30 23:17:27,978 - Content Certificate Generation Utility started (Logging to sb_content_cert.log)
2025-12-30 23:17:27,978 - Parsing config file: cert/cfg/ICVSBContent.cfg
2025-12-30 23:17:27,979 - Parsed config items:
cert-keypair:	cert/key/ICVSBContent.pem
cert-keypair-pwd:	cert/key/ICVSBContent.pwd
load-verify-scheme:	0
crypto-type:	0
aes-ce-id:	0
aes-enc-key:	cert/key/KCEICV.txt
images-table:	cert/Images.txt
nvcounter-val:	1
cert-pkg:	cert/ICVSBContent.crt
2025-12-30 23:17:27,979 - **** Creating Content Certificate ****
2025-12-30 23:17:27,987 - **** Certificate file (context) creation has been completed successfully ****
2025-12-30 23:17:28,148 - Content Certificate Generation Utility started (Logging to sb_content_cert.log)
2025-12-30 23:17:28,148 - Parsing config file: cert/cfg/ICVSBContent.cfg
2025-12-30 23:17:28,148 - Parsed config items:
cert-keypair:	cert/key/ICVSBContent.pem
cert-keypair-pwd:	cert/key/ICVSBContent.pwd
load-verify-scheme:	0
crypto-type:	0
aes-ce-id:	0
aes-enc-key:	cert/key/KCEICV.txt
images-table:	cert/Images.txt
nvcounter-val:	1
cert-pkg:	cert/ICVSBContent.crt
2025-12-30 23:17:28,149 - **** Creating Content Certificate ****
2025-12-30 23:17:28,151 - **** Certificate file (context) creation has been completed successfully ****
2025-12-30 23:17:28,623 - Content Certificate Generation Utility started (Logging to sb_content_cert.log)
2025-12-30 23:17:28,623 - Parsing config file: cert/cfg/ICVSBContent.cfg
2025-12-30 23:17:28,623 - Parsed config items:
cert-keypair:	cert/key/ICVSBContent.pem
cert-keypair-pwd:	cert/key/ICVSBContent.pwd
load-verify-scheme:	0
crypto-type:	0
aes-ce-id:	0
aes-enc-key:	cert/key/KCEICV.txt
images-table:	cert/Images.txt
nvcounter-val:	1
cert-pkg:	cert/ICVSBContent.crt
2025-12-30 23:17:28,623 - **** Creating Content Certificate ****
2025-12-30 23:17:28,626 - **** Certificate file (context) creation has been completed successfully ****
2025-12-30 23:17:28,766 - Content Certificate Generation Utility started (Logging to sb_content_cert.log)
2025-12-30 23:17:28,766 - Parsing config file: cert/cfg/ICVSBContent.cfg
2025-12-30 23:17:28,766 - Parsed config items:
cert-keypair:	cert/key/ICVSBContent.pem
cert-keypair-pwd:	cert/key/ICVSBContent.pwd
load-verify-scheme:	0
crypto-type:	0
aes-ce-id:	0
aes-enc-key:	cert/key/KCEICV.txt
images-table:	cert/Images.txt
nvcounter-val:	1
cert-pkg:	cert/ICVSBContent.crt
2025-12-30 23:17:28,766 - **** Creating Content Certificate ****
2025-12-30 23:17:28,769 - **** Certificate file (context) creation has been completed successfully ****
2025-12-30 23:23:50,801 - Content Certificate Generation Utility started (Logging to sb_content_cert.log)
2025-12-30 23:23:50,801 - Parsing config file: cert/cfg/ICVSBContent.cfg
2025-12-30 23:23:50,801 - Parsed config items:
cert-keypair:	cert/key/ICVSBContent.pem
cert-keypair-pwd:	cert/key/ICVSBContent.pwd
load-verify-scheme:	0
crypto-type:	0
aes-ce-id:	0
aes-enc-key:	cert/key/KCEICV.txt
images-table:	cert/Images.txt
nvcounter-val:	1
cert-pkg:	cert/ICVSBContent.crt
2025-12-30 23:23:50,801 - **** Creating Content Certificate ****
2025-12-30 23:23:50,804 - **** Certificate file (context) creation has been completed successfully ****
2025-12-30 23:23:50,938 - Content Certificate Generation Utility started (Logging to sb_content_cert.log)
2025-12-30 23:23:50,938 - Parsing config file: cert/cfg/ICVSBContent.cfg
2025-12-30 23:23:50,938 - Parsed config items:
cert-keypair:	cert/key/ICVSBContent.pem
cert-keypair-pwd:	cert/key/ICVSBContent.pwd
load-verify-scheme:	0
crypto-type:	0
aes-ce-id:	0
aes-enc-key:	cert/key/KCEICV.txt
images-table:	cert/Images.txt
nvcounter-val:	1
cert-pkg:	cert/ICVSBContent.crt
2025-12-30 23:23:50,938 - **** Creating Content Certificate ****
2025-12-30 23:23:50,941 - **** Certificate file (context) creation has been completed successfully ****
2025-12-30 23:23:51,105 - Content Certificate Generation Utility started (Logging to sb_content_cert.log)
2025-12-30 23:23:51,105 - Parsing config file: cert/cfg/ICVSBContent.cfg
2025-12-30 23:23:51,106 - Parsed config items:
cert-keypair:	cert/key/ICVSBContent.pem
cert-keypair-pwd:	cert/key/ICVSBContent.pwd
load-verify-scheme:	0
crypto-type:	0
aes-ce-id:	0
aes-enc-key:	cert/key/KCEICV.txt
images-table:	cert/Images.txt
nvcounter-val:	1
cert-pkg:	cert/ICVSBContent.crt
2025-12-30 23:23:51,106 - **** Creating Content Certificate ****
2025-12-30 23:23:51,109 - **** Certificate file (context) creation has been completed successfully ****
2025-12-30 23:23:51,248 - Content Certificate Generation Utility started (Logging to sb_content_cert.log)
2025-12-30 23:23:51,248 - Parsing config file: cert/cfg/ICVSBContent.cfg
2025-12-30 23:23:51,248 - Parsed config items:
cert-keypair:	cert/key/ICVSBContent.pem
cert-keypair-pwd:	cert/key/ICVSBContent.pwd
load-verify-scheme:	0
crypto-type:	0
aes-ce-id:	0
aes-enc-key:	cert/key/KCEICV.txt
images-table:	cert/Images.txt
nvcounter-val:	1
cert-pkg:	cert/ICVSBContent.crt
2025-12-30 23:23:51,248 - **** Creating Content Certificate ****
2025-12-30 23:23:51,251 - **** Certificate file (context) creation has been completed successfully ****
2025-12-30 23:23:51,721 - Content Certificate Generation Utility started (Logging to sb_content_cert.log)
2025-12-30 23:23:51,722 - Parsing config file: cert/cfg/ICVSBContent.cfg
2025-12-30 23:23:51,722 - Parsed config items:
cert-keypair:	cert/key/ICVSBContent.pem
cert-keypair-pwd:	cert/key/ICVSBContent.pwd
load-verify-scheme:	0
crypto-type:	0
aes-ce-id:	0
aes-enc-key:	cert/key/KCEICV.txt
images-table:	cert/Images.txt
nvcounter-val:	1
cert-pkg:	cert/ICVSBContent.crt
2025-12-30 23:23:51,722 - **** Creating Content Certificate ****
2025-12-30 23:23:51,724 - **** Certificate file (context) creation has been completed successfully ****
2025-12-30 23:23:51,861 - Content Certificate Generation Utility started (Logging to sb_content_cert.log)
2025-12-30 23:23:51,861 - Parsing config file: cert/cfg/ICVSBContent.cfg
2025-12-30 23:23:51,861 - Parsed config items:
cert-keypair:	cert/key/ICVSBContent.pem
cert-keypair-pwd:	cert/key/ICVSBContent.pwd
load-verify-scheme:	0
crypto-type:	0
aes-ce-id:	0
aes-enc-key:	cert/key/KCEICV.txt
images-table:	cert/Images.txt
nvcounter-val:	1
cert-pkg:	cert/ICVSBContent.crt
2025-12-30 23:23:51,861 - **** Creating Content Certificate ****
2025-12-30 23:23:51,864 - **** Certificate file (context) creation has been completed successfully ****
2025-12-30 23:29:19,807 - Content Certificate Generation Utility started (Logging to sb_content_cert.log)
2025-12-30 23:29:19,808 - Parsing config file: cert/cfg/ICVSBContent.cfg
2025-12-30 23:29:19,808 - Parsed config items:
cert-keypair:	cert/key/ICVSBContent.pem
cert-keypair-pwd:	cert/key/ICVSBContent.pwd
load-verify-scheme:	0
crypto-type:	0
aes-ce-id:	0
aes-enc-key:	cert/key/KCEICV.txt
images-table:	cert/Images.txt
nvcounter-val:	1
cert-pkg:	cert/ICVSBContent.crt
2025-12-30 23:29:19,808 - **** Creating Content Certificate ****
2025-12-30 23:29:19,811 - **** Certificate file (context) creation has been completed successfully ****
2025-12-30 23:29:19,986 - Content Certificate Generation Utility started (Logging to sb_content_cert.log)
2025-12-30 23:29:19,986 - Parsing config file: cert/cfg/ICVSBContent.cfg
2025-12-30 23:29:19,986 - Parsed config items:
cert-keypair:	cert/key/ICVSBContent.pem
cert-keypair-pwd:	cert/key/ICVSBContent.pwd
load-verify-scheme:	0
crypto-type:	0
aes-ce-id:	0
aes-enc-key:	cert/key/KCEICV.txt
images-table:	cert/Images.txt
nvcounter-val:	1
cert-pkg:	cert/ICVSBContent.crt
2025-12-30 23:29:19,987 - **** Creating Content Certificate ****
2025-12-30 23:29:19,990 - **** Certificate file (context) creation has been completed successfully ****
2025-12-30 23:29:20,156 - Content Certificate Generation Utility started (Logging to sb_content_cert.log)
2025-12-30 23:29:20,156 - Parsing config file: cert/cfg/ICVSBContent.cfg
2025-12-30 23:29:20,156 - Parsed config items:
cert-keypair:	cert/key/ICVSBContent.pem
cert-keypair-pwd:	cert/key/ICVSBContent.pwd
load-verify-scheme:	0
crypto-type:	0
aes-ce-id:	0
aes-enc-key:	cert/key/KCEICV.txt
images-table:	cert/Images.txt
nvcounter-val:	1
cert-pkg:	cert/ICVSBContent.crt
2025-12-30 23:29:20,156 - **** Creating Content Certificate ****
2025-12-30 23:29:20,159 - **** Certificate file (context) creation has been completed successfully ****
2025-12-30 23:29:20,294 - Content Certificate Generation Utility started (Logging to sb_content_cert.log)
2025-12-30 23:29:20,294 - Parsing config file: cert/cfg/ICVSBContent.cfg
2025-12-30 23:29:20,294 - Parsed config items:
cert-keypair:	cert/key/ICVSBContent.pem
cert-keypair-pwd:	cert/key/ICVSBContent.pwd
load-verify-scheme:	0
crypto-type:	0
aes-ce-id:	0
aes-enc-key:	cert/key/KCEICV.txt
images-table:	cert/Images.txt
nvcounter-val:	1
cert-pkg:	cert/ICVSBContent.crt
2025-12-30 23:29:20,295 - **** Creating Content Certificate ****
2025-12-30 23:29:20,297 - **** Certificate file (context) creation has been completed successfully ****
2025-12-30 23:29:20,774 - Content Certificate Generation Utility started (Logging to sb_content_cert.log)
2025-12-30 23:29:20,774 - Parsing config file: cert/cfg/ICVSBContent.cfg
2025-12-30 23:29:20,774 - Parsed config items:
cert-keypair:	cert/key/ICVSBContent.pem
cert-keypair-pwd:	cert/key/ICVSBContent.pwd
load-verify-scheme:	0
crypto-type:	0
aes-ce-id:	0
aes-enc-key:	cert/key/KCEICV.txt
images-table:	cert/Images.txt
nvcounter-val:	1
cert-pkg:	cert/ICVSBContent.crt
2025-12-30 23:29:20,775 - **** Creating Content Certificate ****
2025-12-30 23:29:20,777 - **** Certificate file (context) creation has been completed successfully ****
2025-12-30 23:29:20,912 - Content Certificate Generation Utility started (Logging to sb_content_cert.log)
2025-12-30 23:29:20,912 - Parsing config file: cert/cfg/ICVSBContent.cfg
2025-12-30 23:29:20,912 - Parsed config items:
cert-keypair:	cert/key/ICVSBContent.pem
cert-keypair-pwd:	cert/key/ICVSBContent.pwd
load-verify-scheme:	0
crypto-type:	0
aes-ce-id:	0
aes-enc-key:	cert/key/KCEICV.txt
images-table:	cert/Images.txt
nvcounter-val:	1
cert-pkg:	cert/ICVSBContent.crt
2025-12-30 23:29:20,912 - **** Creating Content Certificate ****
2025-12-30 23:29:20,915 - **** Certificate file (context) creation has been completed successfully ****
2025-12-30 23:33:49,620 - Content Certificate Generation Utility started (Logging to sb_content_cert.log)
2025-12-30 23:33:49,621 - Parsing config file: cert/cfg/ICVSBContent.cfg
2025-12-30 23:33:49,621 - Parsed config items:
cert-keypair:	cert/key/ICVSBContent.pem
cert-keypair-pwd:	cert/key/ICVSBContent.pwd
load-verify-scheme:	0
crypto-type:	0
aes-ce-id:	0
aes-enc-key:	cert/key/KCEICV.txt
images-table:	cert/Images.txt
nvcounter-val:	1
cert-pkg:	cert/ICVSBContent.crt
2025-12-30 23:33:49,621 - **** Creating Content Certificate ****
2025-12-30 23:33:49,625 - **** Certificate file (context) creation has been completed successfully ****
2025-12-30 23:33:49,775 - Content Certificate Generation Utility started (Logging to sb_content_cert.log)
2025-12-30 23:33:49,775 - Parsing config file: cert/cfg/ICVSBContent.cfg
2025-12-30 23:33:49,776 - Parsed config items:
cert-keypair:	cert/key/ICVSBContent.pem
cert-keypair-pwd:	cert/key/ICVSBContent.pwd
load-verify-scheme:	0
crypto-type:	0
aes-ce-id:	0
aes-enc-key:	cert/key/KCEICV.txt
images-table:	cert/Images.txt
nvcounter-val:	1
cert-pkg:	cert/ICVSBContent.crt
2025-12-30 23:33:49,776 - **** Creating Content Certificate ****
2025-12-30 23:33:49,779 - **** Certificate file (context) creation has been completed successfully ****
2025-12-30 23:33:49,935 - Content Certificate Generation Utility started (Logging to sb_content_cert.log)
2025-12-30 23:33:49,935 - Parsing config file: cert/cfg/ICVSBContent.cfg
2025-12-30 23:33:49,935 - Parsed config items:
cert-keypair:	cert/key/ICVSBContent.pem
cert-keypair-pwd:	cert/key/ICVSBContent.pwd
load-verify-scheme:	0
crypto-type:	0
aes-ce-id:	0
aes-enc-key:	cert/key/KCEICV.txt
images-table:	cert/Images.txt
nvcounter-val:	1
cert-pkg:	cert/ICVSBContent.crt
2025-12-30 23:33:49,935 - **** Creating Content Certificate ****
2025-12-30 23:33:49,938 - **** Certificate file (context) creation has been completed successfully ****
2025-12-30 23:33:50,103 - Content Certificate Generation Utility started (Logging to sb_content_cert.log)
2025-12-30 23:33:50,103 - Parsing config file: cert/cfg/ICVSBContent.cfg
2025-12-30 23:33:50,103 - Parsed config items:
cert-keypair:	cert/key/ICVSBContent.pem
cert-keypair-pwd:	cert/key/ICVSBContent.pwd
load-verify-scheme:	0
crypto-type:	0
aes-ce-id:	0
aes-enc-key:	cert/key/KCEICV.txt
images-table:	cert/Images.txt
nvcounter-val:	1
cert-pkg:	cert/ICVSBContent.crt
2025-12-30 23:33:50,104 - **** Creating Content Certificate ****
2025-12-30 23:33:50,106 - **** Certificate file (context) creation has been completed successfully ****
2025-12-30 23:33:50,573 - Content Certificate Generation Utility started (Logging to sb_content_cert.log)
2025-12-30 23:33:50,573 - Parsing config file: cert/cfg/ICVSBContent.cfg
2025-12-30 23:33:50,573 - Parsed config items:
cert-keypair:	cert/key/ICVSBContent.pem
cert-keypair-pwd:	cert/key/ICVSBContent.pwd
load-verify-scheme:	0
crypto-type:	0
aes-ce-id:	0
aes-enc-key:	cert/key/KCEICV.txt
images-table:	cert/Images.txt
nvcounter-val:	1
cert-pkg:	cert/ICVSBContent.crt
2025-12-30 23:33:50,573 - **** Creating Content Certificate ****
2025-12-30 23:33:50,576 - **** Certificate file (context) creation has been completed successfully ****
2025-12-30 23:33:50,711 - Content Certificate Generation Utility started (Logging to sb_content_cert.log)
2025-12-30 23:33:50,711 - Parsing config file: cert/cfg/ICVSBContent.cfg
2025-12-30 23:33:50,712 - Parsed config items:
cert-keypair:	cert/key/ICVSBContent.pem
cert-keypair-pwd:	cert/key/ICVSBContent.pwd
load-verify-scheme:	0
crypto-type:	0
aes-ce-id:	0
aes-enc-key:	cert/key/KCEICV.txt
images-table:	cert/Images.txt
nvcounter-val:	1
cert-pkg:	cert/ICVSBContent.crt
2025-12-30 23:33:50,712 - **** Creating Content Certificate ****
2025-12-30 23:33:50,714 - **** Certificate file (context) creation has been completed successfully ****
2025-12-31 10:04:02,010 - Content Certificate Generation Utility started (Logging to sb_content_cert.log)
2025-12-31 10:04:02,011 - Parsing config file: cert/cfg/ICVSBContent.cfg
2025-12-31 10:04:02,011 - Parsed config items:
cert-keypair:	cert/key/ICVSBContent.pem
cert-keypair-pwd:	cert/key/ICVSBContent.pwd
load-verify-scheme:	0
crypto-type:	0
aes-ce-id:	0
aes-enc-key:	cert/key/KCEICV.txt
images-table:	cert/Images.txt
nvcounter-val:	1
cert-pkg:	cert/ICVSBContent.crt
2025-12-31 10:04:02,011 - **** Creating Content Certificate ****
2025-12-31 10:04:02,014 - **** Certificate file (context) creation has been completed successfully ****
2025-12-31 10:04:02,154 - Content Certificate Generation Utility started (Logging to sb_content_cert.log)
2025-12-31 10:04:02,154 - Parsing config file: cert/cfg/ICVSBContent.cfg
2025-12-31 10:04:02,154 - Parsed config items:
cert-keypair:	cert/key/ICVSBContent.pem
cert-keypair-pwd:	cert/key/ICVSBContent.pwd
load-verify-scheme:	0
crypto-type:	0
aes-ce-id:	0
aes-enc-key:	cert/key/KCEICV.txt
images-table:	cert/Images.txt
nvcounter-val:	1
cert-pkg:	cert/ICVSBContent.crt
2025-12-31 10:04:02,155 - **** Creating Content Certificate ****
2025-12-31 10:04:02,159 - **** Certificate file (context) creation has been completed successfully ****
2025-12-31 10:04:02,364 - Content Certificate Generation Utility started (Logging to sb_content_cert.log)
2025-12-31 10:04:02,364 - Parsing config file: cert/cfg/ICVSBContent.cfg
2025-12-31 10:04:02,364 - Parsed config items:
cert-keypair:	cert/key/ICVSBContent.pem
cert-keypair-pwd:	cert/key/ICVSBContent.pwd
load-verify-scheme:	0
crypto-type:	0
aes-ce-id:	0
aes-enc-key:	cert/key/KCEICV.txt
images-table:	cert/Images.txt
nvcounter-val:	1
cert-pkg:	cert/ICVSBContent.crt
2025-12-31 10:04:02,365 - **** Creating Content Certificate ****
2025-12-31 10:04:02,368 - **** Certificate file (context) creation has been completed successfully ****
2025-12-31 10:04:02,543 - Content Certificate Generation Utility started (Logging to sb_content_cert.log)
2025-12-31 10:04:02,543 - Parsing config file: cert/cfg/ICVSBContent.cfg
2025-12-31 10:04:02,543 - Parsed config items:
cert-keypair:	cert/key/ICVSBContent.pem
cert-keypair-pwd:	cert/key/ICVSBContent.pwd
load-verify-scheme:	0
crypto-type:	0
aes-ce-id:	0
aes-enc-key:	cert/key/KCEICV.txt
images-table:	cert/Images.txt
nvcounter-val:	1
cert-pkg:	cert/ICVSBContent.crt
2025-12-31 10:04:02,544 - **** Creating Content Certificate ****
2025-12-31 10:04:02,546 - **** Certificate file (context) creation has been completed successfully ****
2025-12-31 10:04:03,037 - Content Certificate Generation Utility started (Logging to sb_content_cert.log)
2025-12-31 10:04:03,038 - Parsing config file: cert/cfg/ICVSBContent.cfg
2025-12-31 10:04:03,038 - Parsed config items:
cert-keypair:	cert/key/ICVSBContent.pem
cert-keypair-pwd:	cert/key/ICVSBContent.pwd
load-verify-scheme:	0
crypto-type:	0
aes-ce-id:	0
aes-enc-key:	cert/key/KCEICV.txt
images-table:	cert/Images.txt
nvcounter-val:	1
cert-pkg:	cert/ICVSBContent.crt
2025-12-31 10:04:03,038 - **** Creating Content Certificate ****
2025-12-31 10:04:03,041 - **** Certificate file (context) creation has been completed successfully ****
2025-12-31 10:04:03,185 - Content Certificate Generation Utility started (Logging to sb_content_cert.log)
2025-12-31 10:04:03,185 - Parsing config file: cert/cfg/ICVSBContent.cfg
2025-12-31 10:04:03,185 - Parsed config items:
cert-keypair:	cert/key/ICVSBContent.pem
cert-keypair-pwd:	cert/key/ICVSBContent.pwd
load-verify-scheme:	0
crypto-type:	0
aes-ce-id:	0
aes-enc-key:	cert/key/KCEICV.txt
images-table:	cert/Images.txt
nvcounter-val:	1
cert-pkg:	cert/ICVSBContent.crt
2025-12-31 10:04:03,185 - **** Creating Content Certificate ****
2025-12-31 10:04:03,188 - **** Certificate file (context) creation has been completed successfully ****
2025-12-31 10:14:18,632 - Content Certificate Generation Utility started (Logging to sb_content_cert.log)
2025-12-31 10:14:18,632 - Parsing config file: cert/cfg/ICVSBContent.cfg
2025-12-31 10:14:18,632 - Parsed config items:
cert-keypair:	cert/key/ICVSBContent.pem
cert-keypair-pwd:	cert/key/ICVSBContent.pwd
load-verify-scheme:	0
crypto-type:	0
aes-ce-id:	0
aes-enc-key:	cert/key/KCEICV.txt
images-table:	cert/Images.txt
nvcounter-val:	1
cert-pkg:	cert/ICVSBContent.crt
2025-12-31 10:14:18,633 - **** Creating Content Certificate ****
2025-12-31 10:14:18,637 - **** Certificate file (context) creation has been completed successfully ****
2025-12-31 10:14:18,790 - Content Certificate Generation Utility started (Logging to sb_content_cert.log)
2025-12-31 10:14:18,790 - Parsing config file: cert/cfg/ICVSBContent.cfg
2025-12-31 10:14:18,791 - Parsed config items:
cert-keypair:	cert/key/ICVSBContent.pem
cert-keypair-pwd:	cert/key/ICVSBContent.pwd
load-verify-scheme:	0
crypto-type:	0
aes-ce-id:	0
aes-enc-key:	cert/key/KCEICV.txt
images-table:	cert/Images.txt
nvcounter-val:	1
cert-pkg:	cert/ICVSBContent.crt
2025-12-31 10:14:18,791 - **** Creating Content Certificate ****
2025-12-31 10:14:18,794 - **** Certificate file (context) creation has been completed successfully ****
2025-12-31 10:14:18,973 - Content Certificate Generation Utility started (Logging to sb_content_cert.log)
2025-12-31 10:14:18,973 - Parsing config file: cert/cfg/ICVSBContent.cfg
2025-12-31 10:14:18,974 - Parsed config items:
cert-keypair:	cert/key/ICVSBContent.pem
cert-keypair-pwd:	cert/key/ICVSBContent.pwd
load-verify-scheme:	0
crypto-type:	0
aes-ce-id:	0
aes-enc-key:	cert/key/KCEICV.txt
images-table:	cert/Images.txt
nvcounter-val:	1
cert-pkg:	cert/ICVSBContent.crt
2025-12-31 10:14:18,974 - **** Creating Content Certificate ****
2025-12-31 10:14:18,977 - **** Certificate file (context) creation has been completed successfully ****
2025-12-31 10:14:19,109 - Content Certificate Generation Utility started (Logging to sb_content_cert.log)
2025-12-31 10:14:19,110 - Parsing config file: cert/cfg/ICVSBContent.cfg
2025-12-31 10:14:19,110 - Parsed config items:
cert-keypair:	cert/key/ICVSBContent.pem
cert-keypair-pwd:	cert/key/ICVSBContent.pwd
load-verify-scheme:	0
crypto-type:	0
aes-ce-id:	0
aes-enc-key:	cert/key/KCEICV.txt
images-table:	cert/Images.txt
nvcounter-val:	1
cert-pkg:	cert/ICVSBContent.crt
2025-12-31 10:14:19,110 - **** Creating Content Certificate ****
2025-12-31 10:14:19,113 - **** Certificate file (context) creation has been completed successfully ****
2025-12-31 10:14:19,622 - Content Certificate Generation Utility started (Logging to sb_content_cert.log)
2025-12-31 10:14:19,622 - Parsing config file: cert/cfg/ICVSBContent.cfg
2025-12-31 10:14:19,623 - Parsed config items:
cert-keypair:	cert/key/ICVSBContent.pem
cert-keypair-pwd:	cert/key/ICVSBContent.pwd
load-verify-scheme:	0
crypto-type:	0
aes-ce-id:	0
aes-enc-key:	cert/key/KCEICV.txt
images-table:	cert/Images.txt
nvcounter-val:	1
cert-pkg:	cert/ICVSBContent.crt
2025-12-31 10:14:19,623 - **** Creating Content Certificate ****
2025-12-31 10:14:19,625 - **** Certificate file (context) creation has been completed successfully ****
2025-12-31 10:14:19,777 - Content Certificate Generation Utility started (Logging to sb_content_cert.log)
2025-12-31 10:14:19,777 - Parsing config file: cert/cfg/ICVSBContent.cfg
2025-12-31 10:14:19,777 - Parsed config items:
cert-keypair:	cert/key/ICVSBContent.pem
cert-keypair-pwd:	cert/key/ICVSBContent.pwd
load-verify-scheme:	0
crypto-type:	0
aes-ce-id:	0
aes-enc-key:	cert/key/KCEICV.txt
images-table:	cert/Images.txt
nvcounter-val:	1
cert-pkg:	cert/ICVSBContent.crt
2025-12-31 10:14:19,777 - **** Creating Content Certificate ****
2025-12-31 10:14:19,781 - **** Certificate file (context) creation has been completed successfully ****
2025-12-31 10:22:58,622 - Content Certificate Generation Utility started (Logging to sb_content_cert.log)
2025-12-31 10:22:58,622 - Parsing config file: cert/cfg/ICVSBContent.cfg
2025-12-31 10:22:58,623 - Parsed config items:
cert-keypair:	cert/key/ICVSBContent.pem
cert-keypair-pwd:	cert/key/ICVSBContent.pwd
load-verify-scheme:	0
crypto-type:	0
aes-ce-id:	0
aes-enc-key:	cert/key/KCEICV.txt
images-table:	cert/Images.txt
nvcounter-val:	1
cert-pkg:	cert/ICVSBContent.crt
2025-12-31 10:22:58,623 - **** Creating Content Certificate ****
2025-12-31 10:22:58,626 - **** Certificate file (context) creation has been completed successfully ****
2025-12-31 10:22:58,805 - Content Certificate Generation Utility started (Logging to sb_content_cert.log)
2025-12-31 10:22:58,805 - Parsing config file: cert/cfg/ICVSBContent.cfg
2025-12-31 10:22:58,805 - Parsed config items:
cert-keypair:	cert/key/ICVSBContent.pem
cert-keypair-pwd:	cert/key/ICVSBContent.pwd
load-verify-scheme:	0
crypto-type:	0
aes-ce-id:	0
aes-enc-key:	cert/key/KCEICV.txt
images-table:	cert/Images.txt
nvcounter-val:	1
cert-pkg:	cert/ICVSBContent.crt
2025-12-31 10:22:58,805 - **** Creating Content Certificate ****
2025-12-31 10:22:58,809 - **** Certificate file (context) creation has been completed successfully ****
2025-12-31 10:22:58,970 - Content Certificate Generation Utility started (Logging to sb_content_cert.log)
2025-12-31 10:22:58,970 - Parsing config file: cert/cfg/ICVSBContent.cfg
2025-12-31 10:22:58,971 - Parsed config items:
cert-keypair:	cert/key/ICVSBContent.pem
cert-keypair-pwd:	cert/key/ICVSBContent.pwd
load-verify-scheme:	0
crypto-type:	0
aes-ce-id:	0
aes-enc-key:	cert/key/KCEICV.txt
images-table:	cert/Images.txt
nvcounter-val:	1
cert-pkg:	cert/ICVSBContent.crt
2025-12-31 10:22:58,971 - **** Creating Content Certificate ****
2025-12-31 10:22:58,974 - **** Certificate file (context) creation has been completed successfully ****
2025-12-31 10:22:59,111 - Content Certificate Generation Utility started (Logging to sb_content_cert.log)
2025-12-31 10:22:59,111 - Parsing config file: cert/cfg/ICVSBContent.cfg
2025-12-31 10:22:59,111 - Parsed config items:
cert-keypair:	cert/key/ICVSBContent.pem
cert-keypair-pwd:	cert/key/ICVSBContent.pwd
load-verify-scheme:	0
crypto-type:	0
aes-ce-id:	0
aes-enc-key:	cert/key/KCEICV.txt
images-table:	cert/Images.txt
nvcounter-val:	1
cert-pkg:	cert/ICVSBContent.crt
2025-12-31 10:22:59,111 - **** Creating Content Certificate ****
2025-12-31 10:22:59,114 - **** Certificate file (context) creation has been completed successfully ****
2025-12-31 10:22:59,586 - Content Certificate Generation Utility started (Logging to sb_content_cert.log)
2025-12-31 10:22:59,587 - Parsing config file: cert/cfg/ICVSBContent.cfg
2025-12-31 10:22:59,587 - Parsed config items:
cert-keypair:	cert/key/ICVSBContent.pem
cert-keypair-pwd:	cert/key/ICVSBContent.pwd
load-verify-scheme:	0
crypto-type:	0
aes-ce-id:	0
aes-enc-key:	cert/key/KCEICV.txt
images-table:	cert/Images.txt
nvcounter-val:	1
cert-pkg:	cert/ICVSBContent.crt
2025-12-31 10:22:59,587 - **** Creating Content Certificate ****
2025-12-31 10:22:59,590 - **** Certificate file (context) creation has been completed successfully ****
2025-12-31 10:22:59,731 - Content Certificate Generation Utility started (Logging to sb_content_cert.log)
2025-12-31 10:22:59,731 - Parsing config file: cert/cfg/ICVSBContent.cfg
2025-12-31 10:22:59,732 - Parsed config items:
cert-keypair:	cert/key/ICVSBContent.pem
cert-keypair-pwd:	cert/key/ICVSBContent.pwd
load-verify-scheme:	0
crypto-type:	0
aes-ce-id:	0
aes-enc-key:	cert/key/KCEICV.txt
images-table:	cert/Images.txt
nvcounter-val:	1
cert-pkg:	cert/ICVSBContent.crt
2025-12-31 10:22:59,732 - **** Creating Content Certificate ****
2025-12-31 10:22:59,735 - **** Certificate file (context) creation has been completed successfully ****
2026-02-10 11:32:16,149 - Content Certificate Generation Utility started (Logging to sb_content_cert.log)
2026-02-10 11:32:16,150 - Parsing config file: cert/cfg/ICVSBContent.cfg
2026-02-10 11:32:16,150 - Parsed config items:
cert-keypair:	cert/key/ICVSBContent.pem
cert-keypair-pwd:	cert/key/ICVSBContent.pwd
load-verify-scheme:	0
crypto-type:	0
aes-ce-id:	0
aes-enc-key:	cert/key/KCEICV.txt
images-table:	cert/Images.txt
nvcounter-val:	1
cert-pkg:	cert/ICVSBContent.crt
2026-02-10 11:32:16,150 - **** Creating Content Certificate ****
2026-02-10 11:32:16,154 - **** Certificate file (context) creation has been completed successfully ****
2026-02-10 11:32:16,290 - Content Certificate Generation Utility started (Logging to sb_content_cert.log)
2026-02-10 11:32:16,291 - Parsing config file: cert/cfg/ICVSBContent.cfg
2026-02-10 11:32:16,291 - Parsed config items:
cert-keypair:	cert/key/ICVSBContent.pem
cert-keypair-pwd:	cert/key/ICVSBContent.pwd
load-verify-scheme:	0
crypto-type:	0
aes-ce-id:	0
aes-enc-key:	cert/key/KCEICV.txt
images-table:	cert/Images.txt
nvcounter-val:	1
cert-pkg:	cert/ICVSBContent.crt
2026-02-10 11:32:16,291 - **** Creating Content Certificate ****
2026-02-10 11:32:16,294 - **** Certificate file (context) creation has been completed successfully ****
2026-02-10 11:32:16,447 - Content Certificate Generation Utility started (Logging to sb_content_cert.log)
2026-02-10 11:32:16,447 - Parsing config file: cert/cfg/ICVSBContent.cfg
2026-02-10 11:32:16,447 - Parsed config items:
cert-keypair:	cert/key/ICVSBContent.pem
cert-keypair-pwd:	cert/key/ICVSBContent.pwd
load-verify-scheme:	0
crypto-type:	0
aes-ce-id:	0
aes-enc-key:	cert/key/KCEICV.txt
images-table:	cert/Images.txt
nvcounter-val:	1
cert-pkg:	cert/ICVSBContent.crt
2026-02-10 11:32:16,447 - **** Creating Content Certificate ****
2026-02-10 11:32:16,450 - **** Certificate file (context) creation has been completed successfully ****
2026-02-10 11:32:16,606 - Content Certificate Generation Utility started (Logging to sb_content_cert.log)
2026-02-10 11:32:16,606 - Parsing config file: cert/cfg/ICVSBContent.cfg
2026-02-10 11:32:16,606 - Parsed config items:
cert-keypair:	cert/key/ICVSBContent.pem
cert-keypair-pwd:	cert/key/ICVSBContent.pwd
load-verify-scheme:	0
crypto-type:	0
aes-ce-id:	0
aes-enc-key:	cert/key/KCEICV.txt
images-table:	cert/Images.txt
nvcounter-val:	1
cert-pkg:	cert/ICVSBContent.crt
2026-02-10 11:32:16,607 - **** Creating Content Certificate ****
2026-02-10 11:32:16,609 - **** Certificate file (context) creation has been completed successfully ****
2026-02-10 11:32:17,083 - Content Certificate Generation Utility started (Logging to sb_content_cert.log)
2026-02-10 11:32:17,083 - Parsing config file: cert/cfg/ICVSBContent.cfg
2026-02-10 11:32:17,083 - Parsed config items:
cert-keypair:	cert/key/ICVSBContent.pem
cert-keypair-pwd:	cert/key/ICVSBContent.pwd
load-verify-scheme:	0
crypto-type:	0
aes-ce-id:	0
aes-enc-key:	cert/key/KCEICV.txt
images-table:	cert/Images.txt
nvcounter-val:	1
cert-pkg:	cert/ICVSBContent.crt
2026-02-10 11:32:17,084 - **** Creating Content Certificate ****
2026-02-10 11:32:17,086 - **** Certificate file (context) creation has been completed successfully ****
2026-02-10 11:32:17,227 - Content Certificate Generation Utility started (Logging to sb_content_cert.log)
2026-02-10 11:32:17,227 - Parsing config file: cert/cfg/ICVSBContent.cfg
2026-02-10 11:32:17,227 - Parsed config items:
cert-keypair:	cert/key/ICVSBContent.pem
cert-keypair-pwd:	cert/key/ICVSBContent.pwd
load-verify-scheme:	0
crypto-type:	0
aes-ce-id:	0
aes-enc-key:	cert/key/KCEICV.txt
images-table:	cert/Images.txt
nvcounter-val:	1
cert-pkg:	cert/ICVSBContent.crt
2026-02-10 11:32:17,228 - **** Creating Content Certificate ****
2026-02-10 11:32:17,230 - **** Certificate file (context) creation has been completed successfully ****
2026-02-10 11:51:25,436 - Content Certificate Generation Utility started (Logging to sb_content_cert.log)
2026-02-10 11:51:25,437 - Parsing config file: cert/cfg/ICVSBContent.cfg
2026-02-10 11:51:25,437 - Parsed config items:
cert-keypair:	cert/key/ICVSBContent.pem
cert-keypair-pwd:	cert/key/ICVSBContent.pwd
load-verify-scheme:	0
crypto-type:	0
aes-ce-id:	0
aes-enc-key:	cert/key/KCEICV.txt
images-table:	cert/Images.txt
nvcounter-val:	1
cert-pkg:	cert/ICVSBContent.crt
2026-02-10 11:51:25,437 - **** Creating Content Certificate ****
2026-02-10 11:51:25,441 - **** Certificate file (context) creation has been completed successfully ****
2026-02-10 11:51:25,577 - Content Certificate Generation Utility started (Logging to sb_content_cert.log)
2026-02-10 11:51:25,577 - Parsing config file: cert/cfg/ICVSBContent.cfg
2026-02-10 11:51:25,577 - Parsed config items:
cert-keypair:	cert/key/ICVSBContent.pem
cert-keypair-pwd:	cert/key/ICVSBContent.pwd
load-verify-scheme:	0
crypto-type:	0
aes-ce-id:	0
aes-enc-key:	cert/key/KCEICV.txt
images-table:	cert/Images.txt
nvcounter-val:	1
cert-pkg:	cert/ICVSBContent.crt
2026-02-10 11:51:25,577 - **** Creating Content Certificate ****
2026-02-10 11:51:25,580 - **** Certificate file (context) creation has been completed successfully ****
2026-02-10 11:51:25,746 - Content Certificate Generation Utility started (Logging to sb_content_cert.log)
2026-02-10 11:51:25,746 - Parsing config file: cert/cfg/ICVSBContent.cfg
2026-02-10 11:51:25,746 - Parsed config items:
cert-keypair:	cert/key/ICVSBContent.pem
cert-keypair-pwd:	cert/key/ICVSBContent.pwd
load-verify-scheme:	0
crypto-type:	0
aes-ce-id:	0
aes-enc-key:	cert/key/KCEICV.txt
images-table:	cert/Images.txt
nvcounter-val:	1
cert-pkg:	cert/ICVSBContent.crt
2026-02-10 11:51:25,747 - **** Creating Content Certificate ****
2026-02-10 11:51:25,750 - **** Certificate file (context) creation has been completed successfully ****
2026-02-10 11:51:25,895 - Content Certificate Generation Utility started (Logging to sb_content_cert.log)
2026-02-10 11:51:25,895 - Parsing config file: cert/cfg/ICVSBContent.cfg
2026-02-10 11:51:25,896 - Parsed config items:
cert-keypair:	cert/key/ICVSBContent.pem
cert-keypair-pwd:	cert/key/ICVSBContent.pwd
load-verify-scheme:	0
crypto-type:	0
aes-ce-id:	0
aes-enc-key:	cert/key/KCEICV.txt
images-table:	cert/Images.txt
nvcounter-val:	1
cert-pkg:	cert/ICVSBContent.crt
2026-02-10 11:51:25,896 - **** Creating Content Certificate ****
2026-02-10 11:51:25,899 - **** Certificate file (context) creation has been completed successfully ****
2026-02-10 11:51:26,388 - Content Certificate Generation Utility started (Logging to sb_content_cert.log)
2026-02-10 11:51:26,388 - Parsing config file: cert/cfg/ICVSBContent.cfg
2026-02-10 11:51:26,388 - Parsed config items:
cert-keypair:	cert/key/ICVSBContent.pem
cert-keypair-pwd:	cert/key/ICVSBContent.pwd
load-verify-scheme:	0
crypto-type:	0
aes-ce-id:	0
aes-enc-key:	cert/key/KCEICV.txt
images-table:	cert/Images.txt
nvcounter-val:	1
cert-pkg:	cert/ICVSBContent.crt
2026-02-10 11:51:26,388 - **** Creating Content Certificate ****
2026-02-10 11:51:26,391 - **** Certificate file (context) creation has been completed successfully ****
2026-02-10 11:51:26,533 - Content Certificate Generation Utility started (Logging to sb_content_cert.log)
2026-02-10 11:51:26,534 - Parsing config file: cert/cfg/ICVSBContent.cfg
2026-02-10 11:51:26,534 - Parsed config items:
cert-keypair:	cert/key/ICVSBContent.pem
cert-keypair-pwd:	cert/key/ICVSBContent.pwd
load-verify-scheme:	0
crypto-type:	0
aes-ce-id:	0
aes-enc-key:	cert/key/KCEICV.txt
images-table:	cert/Images.txt
nvcounter-val:	1
cert-pkg:	cert/ICVSBContent.crt
2026-02-10 11:51:26,534 - **** Creating Content Certificate ****
2026-02-10 11:51:26,537 - **** Certificate file (context) creation has been completed successfully ****
2026-02-10 12:18:42,653 - Content Certificate Generation Utility started (Logging to sb_content_cert.log)
2026-02-10 12:18:42,654 - Parsing config file: cert/cfg/ICVSBContent.cfg
2026-02-10 12:18:42,654 - Parsed config items:
cert-keypair:	cert/key/ICVSBContent.pem
cert-keypair-pwd:	cert/key/ICVSBContent.pwd
load-verify-scheme:	0
crypto-type:	0
aes-ce-id:	0
aes-enc-key:	cert/key/KCEICV.txt
images-table:	cert/Images.txt
nvcounter-val:	1
cert-pkg:	cert/ICVSBContent.crt
2026-02-10 12:18:42,655 - **** Creating Content Certificate ****
2026-02-10 12:18:42,660 - **** Certificate file (context) creation has been completed successfully ****
2026-02-10 12:18:42,798 - Content Certificate Generation Utility started (Logging to sb_content_cert.log)
2026-02-10 12:18:42,798 - Parsing config file: cert/cfg/ICVSBContent.cfg
2026-02-10 12:18:42,798 - Parsed config items:
cert-keypair:	cert/key/ICVSBContent.pem
cert-keypair-pwd:	cert/key/ICVSBContent.pwd
load-verify-scheme:	0
crypto-type:	0
aes-ce-id:	0
aes-enc-key:	cert/key/KCEICV.txt
images-table:	cert/Images.txt
nvcounter-val:	1
cert-pkg:	cert/ICVSBContent.crt
2026-02-10 12:18:42,798 - **** Creating Content Certificate ****
2026-02-10 12:18:42,802 - **** Certificate file (context) creation has been completed successfully ****
2026-02-10 12:18:42,977 - Content Certificate Generation Utility started (Logging to sb_content_cert.log)
2026-02-10 12:18:42,978 - Parsing config file: cert/cfg/ICVSBContent.cfg
2026-02-10 12:18:42,978 - Parsed config items:
cert-keypair:	cert/key/ICVSBContent.pem
cert-keypair-pwd:	cert/key/ICVSBContent.pwd
load-verify-scheme:	0
crypto-type:	0
aes-ce-id:	0
aes-enc-key:	cert/key/KCEICV.txt
images-table:	cert/Images.txt
nvcounter-val:	1
cert-pkg:	cert/ICVSBContent.crt
2026-02-10 12:18:42,978 - **** Creating Content Certificate ****
2026-02-10 12:18:42,981 - **** Certificate file (context) creation has been completed successfully ****
2026-02-10 12:18:43,115 - Content Certificate Generation Utility started (Logging to sb_content_cert.log)
2026-02-10 12:18:43,115 - Parsing config file: cert/cfg/ICVSBContent.cfg
2026-02-10 12:18:43,115 - Parsed config items:
cert-keypair:	cert/key/ICVSBContent.pem
cert-keypair-pwd:	cert/key/ICVSBContent.pwd
load-verify-scheme:	0
crypto-type:	0
aes-ce-id:	0
aes-enc-key:	cert/key/KCEICV.txt
images-table:	cert/Images.txt
nvcounter-val:	1
cert-pkg:	cert/ICVSBContent.crt
2026-02-10 12:18:43,116 - **** Creating Content Certificate ****
2026-02-10 12:18:43,118 - **** Certificate file (context) creation has been completed successfully ****
2026-02-10 12:18:43,606 - Content Certificate Generation Utility started (Logging to sb_content_cert.log)
2026-02-10 12:18:43,606 - Parsing config file: cert/cfg/ICVSBContent.cfg
2026-02-10 12:18:43,607 - Parsed config items:
cert-keypair:	cert/key/ICVSBContent.pem
cert-keypair-pwd:	cert/key/ICVSBContent.pwd
load-verify-scheme:	0
crypto-type:	0
aes-ce-id:	0
aes-enc-key:	cert/key/KCEICV.txt
images-table:	cert/Images.txt
nvcounter-val:	1
cert-pkg:	cert/ICVSBContent.crt
2026-02-10 12:18:43,607 - **** Creating Content Certificate ****
2026-02-10 12:18:43,609 - **** Certificate file (context) creation has been completed successfully ****
2026-02-10 12:18:43,746 - Content Certificate Generation Utility started (Logging to sb_content_cert.log)
2026-02-10 12:18:43,746 - Parsing config file: cert/cfg/ICVSBContent.cfg
2026-02-10 12:18:43,746 - Parsed config items:
cert-keypair:	cert/key/ICVSBContent.pem
cert-keypair-pwd:	cert/key/ICVSBContent.pwd
load-verify-scheme:	0
crypto-type:	0
aes-ce-id:	0
aes-enc-key:	cert/key/KCEICV.txt
images-table:	cert/Images.txt
nvcounter-val:	1
cert-pkg:	cert/ICVSBContent.crt
2026-02-10 12:18:43,747 - **** Creating Content Certificate ****
2026-02-10 12:18:43,749 - **** Certificate file (context) creation has been completed successfully ****
2026-02-10 12:38:40,722 - Content Certificate Generation Utility started (Logging to sb_content_cert.log)
2026-02-10 12:38:40,722 - Parsing config file: cert/cfg/ICVSBContent.cfg
2026-02-10 12:38:40,723 - Parsed config items:
cert-keypair:	cert/key/ICVSBContent.pem
cert-keypair-pwd:	cert/key/ICVSBContent.pwd
load-verify-scheme:	0
crypto-type:	0
aes-ce-id:	0
aes-enc-key:	cert/key/KCEICV.txt
images-table:	cert/Images.txt
nvcounter-val:	1
cert-pkg:	cert/ICVSBContent.crt
2026-02-10 12:38:40,723 - **** Creating Content Certificate ****
2026-02-10 12:38:40,726 - **** Certificate file (context) creation has been completed successfully ****
2026-02-10 12:38:40,880 - Content Certificate Generation Utility started (Logging to sb_content_cert.log)
2026-02-10 12:38:40,880 - Parsing config file: cert/cfg/ICVSBContent.cfg
2026-02-10 12:38:40,880 - Parsed config items:
cert-keypair:	cert/key/ICVSBContent.pem
cert-keypair-pwd:	cert/key/ICVSBContent.pwd
load-verify-scheme:	0
crypto-type:	0
aes-ce-id:	0
aes-enc-key:	cert/key/KCEICV.txt
images-table:	cert/Images.txt
nvcounter-val:	1
cert-pkg:	cert/ICVSBContent.crt
2026-02-10 12:38:40,880 - **** Creating Content Certificate ****
2026-02-10 12:38:40,884 - **** Certificate file (context) creation has been completed successfully ****
2026-02-10 12:38:41,065 - Content Certificate Generation Utility started (Logging to sb_content_cert.log)
2026-02-10 12:38:41,065 - Parsing config file: cert/cfg/ICVSBContent.cfg
2026-02-10 12:38:41,065 - Parsed config items:
cert-keypair:	cert/key/ICVSBContent.pem
cert-keypair-pwd:	cert/key/ICVSBContent.pwd
load-verify-scheme:	0
crypto-type:	0
aes-ce-id:	0
aes-enc-key:	cert/key/KCEICV.txt
images-table:	cert/Images.txt
nvcounter-val:	1
cert-pkg:	cert/ICVSBContent.crt
2026-02-10 12:38:41,065 - **** Creating Content Certificate ****
2026-02-10 12:38:41,068 - **** Certificate file (context) creation has been completed successfully ****
2026-02-10 12:38:41,213 - Content Certificate Generation Utility started (Logging to sb_content_cert.log)
2026-02-10 12:38:41,213 - Parsing config file: cert/cfg/ICVSBContent.cfg
2026-02-10 12:38:41,213 - Parsed config items:
cert-keypair:	cert/key/ICVSBContent.pem
cert-keypair-pwd:	cert/key/ICVSBContent.pwd
load-verify-scheme:	0
crypto-type:	0
aes-ce-id:	0
aes-enc-key:	cert/key/KCEICV.txt
images-table:	cert/Images.txt
nvcounter-val:	1
cert-pkg:	cert/ICVSBContent.crt
2026-02-10 12:38:41,213 - **** Creating Content Certificate ****
2026-02-10 12:38:41,216 - **** Certificate file (context) creation has been completed successfully ****
2026-02-10 12:38:41,762 - Content Certificate Generation Utility started (Logging to sb_content_cert.log)
2026-02-10 12:38:41,762 - Parsing config file: cert/cfg/ICVSBContent.cfg
2026-02-10 12:38:41,762 - Parsed config items:
cert-keypair:	cert/key/ICVSBContent.pem
cert-keypair-pwd:	cert/key/ICVSBContent.pwd
load-verify-scheme:	0
crypto-type:	0
aes-ce-id:	0
aes-enc-key:	cert/key/KCEICV.txt
images-table:	cert/Images.txt
nvcounter-val:	1
cert-pkg:	cert/ICVSBContent.crt
2026-02-10 12:38:41,763 - **** Creating Content Certificate ****
2026-02-10 12:38:41,769 - **** Certificate file (context) creation has been completed successfully ****
2026-02-10 12:38:41,916 - Content Certificate Generation Utility started (Logging to sb_content_cert.log)
2026-02-10 12:38:41,916 - Parsing config file: cert/cfg/ICVSBContent.cfg
2026-02-10 12:38:41,916 - Parsed config items:
cert-keypair:	cert/key/ICVSBContent.pem
cert-keypair-pwd:	cert/key/ICVSBContent.pwd
load-verify-scheme:	0
crypto-type:	0
aes-ce-id:	0
aes-enc-key:	cert/key/KCEICV.txt
images-table:	cert/Images.txt
nvcounter-val:	1
cert-pkg:	cert/ICVSBContent.crt
2026-02-10 12:38:41,916 - **** Creating Content Certificate ****
2026-02-10 12:38:41,919 - **** Certificate file (context) creation has been completed successfully ****
2026-02-10 12:45:08,130 - Content Certificate Generation Utility started (Logging to sb_content_cert.log)
2026-02-10 12:45:08,130 - Parsing config file: cert/cfg/ICVSBContent.cfg
2026-02-10 12:45:08,130 - Parsed config items:
cert-keypair:	cert/key/ICVSBContent.pem
cert-keypair-pwd:	cert/key/ICVSBContent.pwd
load-verify-scheme:	0
crypto-type:	0
aes-ce-id:	0
aes-enc-key:	cert/key/KCEICV.txt
images-table:	cert/Images.txt
nvcounter-val:	1
cert-pkg:	cert/ICVSBContent.crt
2026-02-10 12:45:08,131 - **** Creating Content Certificate ****
2026-02-10 12:45:08,133 - **** Certificate file (context) creation has been completed successfully ****
2026-02-10 12:45:08,269 - Content Certificate Generation Utility started (Logging to sb_content_cert.log)
2026-02-10 12:45:08,269 - Parsing config file: cert/cfg/ICVSBContent.cfg
2026-02-10 12:45:08,270 - Parsed config items:
cert-keypair:	cert/key/ICVSBContent.pem
cert-keypair-pwd:	cert/key/ICVSBContent.pwd
load-verify-scheme:	0
crypto-type:	0
aes-ce-id:	0
aes-enc-key:	cert/key/KCEICV.txt
images-table:	cert/Images.txt
nvcounter-val:	1
cert-pkg:	cert/ICVSBContent.crt
2026-02-10 12:45:08,270 - **** Creating Content Certificate ****
2026-02-10 12:45:08,272 - **** Certificate file (context) creation has been completed successfully ****
2026-02-10 12:45:08,428 - Content Certificate Generation Utility started (Logging to sb_content_cert.log)
2026-02-10 12:45:08,428 - Parsing config file: cert/cfg/ICVSBContent.cfg
2026-02-10 12:45:08,428 - Parsed config items:
cert-keypair:	cert/key/ICVSBContent.pem
cert-keypair-pwd:	cert/key/ICVSBContent.pwd
load-verify-scheme:	0
crypto-type:	0
aes-ce-id:	0
aes-enc-key:	cert/key/KCEICV.txt
images-table:	cert/Images.txt
nvcounter-val:	1
cert-pkg:	cert/ICVSBContent.crt
2026-02-10 12:45:08,428 - **** Creating Content Certificate ****
2026-02-10 12:45:08,432 - **** Certificate file (context) creation has been completed successfully ****
2026-02-10 12:45:08,580 - Content Certificate Generation Utility started (Logging to sb_content_cert.log)
2026-02-10 12:45:08,580 - Parsing config file: cert/cfg/ICVSBContent.cfg
2026-02-10 12:45:08,580 - Parsed config items:
cert-keypair:	cert/key/ICVSBContent.pem
cert-keypair-pwd:	cert/key/ICVSBContent.pwd
load-verify-scheme:	0
crypto-type:	0
aes-ce-id:	0
aes-enc-key:	cert/key/KCEICV.txt
images-table:	cert/Images.txt
nvcounter-val:	1
cert-pkg:	cert/ICVSBContent.crt
2026-02-10 12:45:08,580 - **** Creating Content Certificate ****
2026-02-10 12:45:08,583 - **** Certificate file (context) creation has been completed successfully ****
2026-02-10 12:45:09,076 - Content Certificate Generation Utility started (Logging to sb_content_cert.log)
2026-02-10 12:45:09,076 - Parsing config file: cert/cfg/ICVSBContent.cfg
2026-02-10 12:45:09,076 - Parsed config items:
cert-keypair:	cert/key/ICVSBContent.pem
cert-keypair-pwd:	cert/key/ICVSBContent.pwd
load-verify-scheme:	0
crypto-type:	0
aes-ce-id:	0
aes-enc-key:	cert/key/KCEICV.txt
images-table:	cert/Images.txt
nvcounter-val:	1
cert-pkg:	cert/ICVSBContent.crt
2026-02-10 12:45:09,076 - **** Creating Content Certificate ****
2026-02-10 12:45:09,079 - **** Certificate file (context) creation has been completed successfully ****
2026-02-10 12:45:09,222 - Content Certificate Generation Utility started (Logging to sb_content_cert.log)
2026-02-10 12:45:09,222 - Parsing config file: cert/cfg/ICVSBContent.cfg
2026-02-10 12:45:09,222 - Parsed config items:
cert-keypair:	cert/key/ICVSBContent.pem
cert-keypair-pwd:	cert/key/ICVSBContent.pwd
load-verify-scheme:	0
crypto-type:	0
aes-ce-id:	0
aes-enc-key:	cert/key/KCEICV.txt
images-table:	cert/Images.txt
nvcounter-val:	1
cert-pkg:	cert/ICVSBContent.crt
2026-02-10 12:45:09,223 - **** Creating Content Certificate ****
2026-02-10 12:45:09,225 - **** Certificate file (context) creation has been completed successfully ****
2026-02-10 15:49:27,578 - Content Certificate Generation Utility started (Logging to sb_content_cert.log)
2026-02-10 15:49:27,578 - Parsing config file: cert/cfg/ICVSBContent.cfg
2026-02-10 15:49:27,579 - Parsed config items:
cert-keypair:	cert/key/ICVSBContent.pem
cert-keypair-pwd:	cert/key/ICVSBContent.pwd
load-verify-scheme:	0
crypto-type:	0
aes-ce-id:	0
aes-enc-key:	cert/key/KCEICV.txt
images-table:	cert/Images.txt
nvcounter-val:	1
cert-pkg:	cert/ICVSBContent.crt
2026-02-10 15:49:27,579 - **** Creating Content Certificate ****
2026-02-10 15:49:27,582 - **** Certificate file (context) creation has been completed successfully ****
2026-02-10 15:49:27,718 - Content Certificate Generation Utility started (Logging to sb_content_cert.log)
2026-02-10 15:49:27,718 - Parsing config file: cert/cfg/ICVSBContent.cfg
2026-02-10 15:49:27,718 - Parsed config items:
cert-keypair:	cert/key/ICVSBContent.pem
cert-keypair-pwd:	cert/key/ICVSBContent.pwd
load-verify-scheme:	0
crypto-type:	0
aes-ce-id:	0
aes-enc-key:	cert/key/KCEICV.txt
images-table:	cert/Images.txt
nvcounter-val:	1
cert-pkg:	cert/ICVSBContent.crt
2026-02-10 15:49:27,718 - **** Creating Content Certificate ****
2026-02-10 15:49:27,721 - **** Certificate file (context) creation has been completed successfully ****
2026-02-10 15:49:27,879 - Content Certificate Generation Utility started (Logging to sb_content_cert.log)
2026-02-10 15:49:27,879 - Parsing config file: cert/cfg/ICVSBContent.cfg
2026-02-10 15:49:27,879 - Parsed config items:
cert-keypair:	cert/key/ICVSBContent.pem
cert-keypair-pwd:	cert/key/ICVSBContent.pwd
load-verify-scheme:	0
crypto-type:	0
aes-ce-id:	0
aes-enc-key:	cert/key/KCEICV.txt
images-table:	cert/Images.txt
nvcounter-val:	1
cert-pkg:	cert/ICVSBContent.crt
2026-02-10 15:49:27,879 - **** Creating Content Certificate ****
2026-02-10 15:49:27,882 - **** Certificate file (context) creation has been completed successfully ****
2026-02-10 15:49:28,021 - Content Certificate Generation Utility started (Logging to sb_content_cert.log)
2026-02-10 15:49:28,021 - Parsing config file: cert/cfg/ICVSBContent.cfg
2026-02-10 15:49:28,021 - Parsed config items:
cert-keypair:	cert/key/ICVSBContent.pem
cert-keypair-pwd:	cert/key/ICVSBContent.pwd
load-verify-scheme:	0
crypto-type:	0
aes-ce-id:	0
aes-enc-key:	cert/key/KCEICV.txt
images-table:	cert/Images.txt
nvcounter-val:	1
cert-pkg:	cert/ICVSBContent.crt
2026-02-10 15:49:28,022 - **** Creating Content Certificate ****
2026-02-10 15:49:28,024 - **** Certificate file (context) creation has been completed successfully ****
2026-02-10 15:49:28,495 - Content Certificate Generation Utility started (Logging to sb_content_cert.log)
2026-02-10 15:49:28,495 - Parsing config file: cert/cfg/ICVSBContent.cfg
2026-02-10 15:49:28,495 - Parsed config items:
cert-keypair:	cert/key/ICVSBContent.pem
cert-keypair-pwd:	cert/key/ICVSBContent.pwd
load-verify-scheme:	0
crypto-type:	0
aes-ce-id:	0
aes-enc-key:	cert/key/KCEICV.txt
images-table:	cert/Images.txt
nvcounter-val:	1
cert-pkg:	cert/ICVSBContent.crt
2026-02-10 15:49:28,495 - **** Creating Content Certificate ****
2026-02-10 15:49:28,498 - **** Certificate file (context) creation has been completed successfully ****
2026-02-10 15:49:28,634 - Content Certificate Generation Utility started (Logging to sb_content_cert.log)
2026-02-10 15:49:28,634 - Parsing config file: cert/cfg/ICVSBContent.cfg
2026-02-10 15:49:28,634 - Parsed config items:
cert-keypair:	cert/key/ICVSBContent.pem
cert-keypair-pwd:	cert/key/ICVSBContent.pwd
load-verify-scheme:	0
crypto-type:	0
aes-ce-id:	0
aes-enc-key:	cert/key/KCEICV.txt
images-table:	cert/Images.txt
nvcounter-val:	1
cert-pkg:	cert/ICVSBContent.crt
2026-02-10 15:49:28,634 - **** Creating Content Certificate ****
2026-02-10 15:49:28,637 - **** Certificate file (context) creation has been completed successfully ****
2026-02-10 15:56:15,421 - Content Certificate Generation Utility started (Logging to sb_content_cert.log)
2026-02-10 15:56:15,421 - Parsing config file: cert/cfg/ICVSBContent.cfg
2026-02-10 15:56:15,422 - Parsed config items:
cert-keypair:	cert/key/ICVSBContent.pem
cert-keypair-pwd:	cert/key/ICVSBContent.pwd
load-verify-scheme:	0
crypto-type:	0
aes-ce-id:	0
aes-enc-key:	cert/key/KCEICV.txt
images-table:	cert/Images.txt
nvcounter-val:	1
cert-pkg:	cert/ICVSBContent.crt
2026-02-10 15:56:15,422 - **** Creating Content Certificate ****
2026-02-10 15:56:15,425 - **** Certificate file (context) creation has been completed successfully ****
2026-02-10 15:56:15,573 - Content Certificate Generation Utility started (Logging to sb_content_cert.log)
2026-02-10 15:56:15,573 - Parsing config file: cert/cfg/ICVSBContent.cfg
2026-02-10 15:56:15,573 - Parsed config items:
cert-keypair:	cert/key/ICVSBContent.pem
cert-keypair-pwd:	cert/key/ICVSBContent.pwd
load-verify-scheme:	0
crypto-type:	0
aes-ce-id:	0
aes-enc-key:	cert/key/KCEICV.txt
images-table:	cert/Images.txt
nvcounter-val:	1
cert-pkg:	cert/ICVSBContent.crt
2026-02-10 15:56:15,573 - **** Creating Content Certificate ****
2026-02-10 15:56:15,583 - **** Certificate file (context) creation has been completed successfully ****
2026-02-10 15:56:15,741 - Content Certificate Generation Utility started (Logging to sb_content_cert.log)
2026-02-10 15:56:15,741 - Parsing config file: cert/cfg/ICVSBContent.cfg
2026-02-10 15:56:15,741 - Parsed config items:
cert-keypair:	cert/key/ICVSBContent.pem
cert-keypair-pwd:	cert/key/ICVSBContent.pwd
load-verify-scheme:	0
crypto-type:	0
aes-ce-id:	0
aes-enc-key:	cert/key/KCEICV.txt
images-table:	cert/Images.txt
nvcounter-val:	1
cert-pkg:	cert/ICVSBContent.crt
2026-02-10 15:56:15,741 - **** Creating Content Certificate ****
2026-02-10 15:56:15,753 - **** Certificate file (context) creation has been completed successfully ****
2026-02-10 15:56:15,893 - Content Certificate Generation Utility started (Logging to sb_content_cert.log)
2026-02-10 15:56:15,894 - Parsing config file: cert/cfg/ICVSBContent.cfg
2026-02-10 15:56:15,894 - Parsed config items:
cert-keypair:	cert/key/ICVSBContent.pem
cert-keypair-pwd:	cert/key/ICVSBContent.pwd
load-verify-scheme:	0
crypto-type:	0
aes-ce-id:	0
aes-enc-key:	cert/key/KCEICV.txt
images-table:	cert/Images.txt
nvcounter-val:	1
cert-pkg:	cert/ICVSBContent.crt
2026-02-10 15:56:15,894 - **** Creating Content Certificate ****
2026-02-10 15:56:15,896 - **** Certificate file (context) creation has been completed successfully ****
2026-02-10 15:56:16,363 - Content Certificate Generation Utility started (Logging to sb_content_cert.log)
2026-02-10 15:56:16,363 - Parsing config file: cert/cfg/ICVSBContent.cfg
2026-02-10 15:56:16,363 - Parsed config items:
cert-keypair:	cert/key/ICVSBContent.pem
cert-keypair-pwd:	cert/key/ICVSBContent.pwd
load-verify-scheme:	0
crypto-type:	0
aes-ce-id:	0
aes-enc-key:	cert/key/KCEICV.txt
images-table:	cert/Images.txt
nvcounter-val:	1
cert-pkg:	cert/ICVSBContent.crt
2026-02-10 15:56:16,363 - **** Creating Content Certificate ****
2026-02-10 15:56:16,366 - **** Certificate file (context) creation has been completed successfully ****
2026-02-10 15:56:16,501 - Content Certificate Generation Utility started (Logging to sb_content_cert.log)
2026-02-10 15:56:16,501 - Parsing config file: cert/cfg/ICVSBContent.cfg
2026-02-10 15:56:16,501 - Parsed config items:
cert-keypair:	cert/key/ICVSBContent.pem
cert-keypair-pwd:	cert/key/ICVSBContent.pwd
load-verify-scheme:	0
crypto-type:	0
aes-ce-id:	0
aes-enc-key:	cert/key/KCEICV.txt
images-table:	cert/Images.txt
nvcounter-val:	1
cert-pkg:	cert/ICVSBContent.crt
2026-02-10 15:56:16,501 - **** Creating Content Certificate ****
2026-02-10 15:56:16,504 - **** Certificate file (context) creation has been completed successfully ****
2026-02-10 17:15:18,861 - Content Certificate Generation Utility started (Logging to sb_content_cert.log)
2026-02-10 17:15:18,862 - Parsing config file: cert/cfg/ICVSBContent.cfg
2026-02-10 17:15:18,862 - Parsed config items:
cert-keypair:	cert/key/ICVSBContent.pem
cert-keypair-pwd:	cert/key/ICVSBContent.pwd
load-verify-scheme:	0
crypto-type:	0
aes-ce-id:	0
aes-enc-key:	cert/key/KCEICV.txt
images-table:	cert/Images.txt
nvcounter-val:	1
cert-pkg:	cert/ICVSBContent.crt
2026-02-10 17:15:18,862 - **** Creating Content Certificate ****
2026-02-10 17:15:18,866 - **** Certificate file (context) creation has been completed successfully ****
2026-02-10 17:15:19,001 - Content Certificate Generation Utility started (Logging to sb_content_cert.log)
2026-02-10 17:15:19,001 - Parsing config file: cert/cfg/ICVSBContent.cfg
2026-02-10 17:15:19,002 - Parsed config items:
cert-keypair:	cert/key/ICVSBContent.pem
cert-keypair-pwd:	cert/key/ICVSBContent.pwd
load-verify-scheme:	0
crypto-type:	0
aes-ce-id:	0
aes-enc-key:	cert/key/KCEICV.txt
images-table:	cert/Images.txt
nvcounter-val:	1
cert-pkg:	cert/ICVSBContent.crt
2026-02-10 17:15:19,002 - **** Creating Content Certificate ****
2026-02-10 17:15:19,005 - **** Certificate file (context) creation has been completed successfully ****
2026-02-10 17:15:19,162 - Content Certificate Generation Utility started (Logging to sb_content_cert.log)
2026-02-10 17:15:19,162 - Parsing config file: cert/cfg/ICVSBContent.cfg
2026-02-10 17:15:19,162 - Parsed config items:
cert-keypair:	cert/key/ICVSBContent.pem
cert-keypair-pwd:	cert/key/ICVSBContent.pwd
load-verify-scheme:	0
crypto-type:	0
aes-ce-id:	0
aes-enc-key:	cert/key/KCEICV.txt
images-table:	cert/Images.txt
nvcounter-val:	1
cert-pkg:	cert/ICVSBContent.crt
2026-02-10 17:15:19,162 - **** Creating Content Certificate ****
2026-02-10 17:15:19,165 - **** Certificate file (context) creation has been completed successfully ****
2026-02-10 17:15:19,296 - Content Certificate Generation Utility started (Logging to sb_content_cert.log)
2026-02-10 17:15:19,297 - Parsing config file: cert/cfg/ICVSBContent.cfg
2026-02-10 17:15:19,297 - Parsed config items:
cert-keypair:	cert/key/ICVSBContent.pem
cert-keypair-pwd:	cert/key/ICVSBContent.pwd
load-verify-scheme:	0
crypto-type:	0
aes-ce-id:	0
aes-enc-key:	cert/key/KCEICV.txt
images-table:	cert/Images.txt
nvcounter-val:	1
cert-pkg:	cert/ICVSBContent.crt
2026-02-10 17:15:19,297 - **** Creating Content Certificate ****
2026-02-10 17:15:19,300 - **** Certificate file (context) creation has been completed successfully ****
2026-02-10 17:15:19,767 - Content Certificate Generation Utility started (Logging to sb_content_cert.log)
2026-02-10 17:15:19,767 - Parsing config file: cert/cfg/ICVSBContent.cfg
2026-02-10 17:15:19,767 - Parsed config items:
cert-keypair:	cert/key/ICVSBContent.pem
cert-keypair-pwd:	cert/key/ICVSBContent.pwd
load-verify-scheme:	0
crypto-type:	0
aes-ce-id:	0
aes-enc-key:	cert/key/KCEICV.txt
images-table:	cert/Images.txt
nvcounter-val:	1
cert-pkg:	cert/ICVSBContent.crt
2026-02-10 17:15:19,767 - **** Creating Content Certificate ****
2026-02-10 17:15:19,770 - **** Certificate file (context) creation has been completed successfully ****
2026-02-10 17:15:19,910 - Content Certificate Generation Utility started (Logging to sb_content_cert.log)
2026-02-10 17:15:19,910 - Parsing config file: cert/cfg/ICVSBContent.cfg
2026-02-10 17:15:19,911 - Parsed config items:
cert-keypair:	cert/key/ICVSBContent.pem
cert-keypair-pwd:	cert/key/ICVSBContent.pwd
load-verify-scheme:	0
crypto-type:	0
aes-ce-id:	0
aes-enc-key:	cert/key/KCEICV.txt
images-table:	cert/Images.txt
nvcounter-val:	1
cert-pkg:	cert/ICVSBContent.crt
2026-02-10 17:15:19,911 - **** Creating Content Certificate ****
2026-02-10 17:15:19,914 - **** Certificate file (context) creation has been completed successfully ****
2026-02-10 17:23:05,147 - Content Certificate Generation Utility started (Logging to sb_content_cert.log)
2026-02-10 17:23:05,148 - Parsing config file: cert/cfg/ICVSBContent.cfg
2026-02-10 17:23:05,148 - Parsed config items:
cert-keypair:	cert/key/ICVSBContent.pem
cert-keypair-pwd:	cert/key/ICVSBContent.pwd
load-verify-scheme:	0
crypto-type:	0
aes-ce-id:	0
aes-enc-key:	cert/key/KCEICV.txt
images-table:	cert/Images.txt
nvcounter-val:	1
cert-pkg:	cert/ICVSBContent.crt
2026-02-10 17:23:05,149 - **** Creating Content Certificate ****
2026-02-10 17:23:05,153 - **** Certificate file (context) creation has been completed successfully ****
2026-02-10 17:23:05,292 - Content Certificate Generation Utility started (Logging to sb_content_cert.log)
2026-02-10 17:23:05,292 - Parsing config file: cert/cfg/ICVSBContent.cfg
2026-02-10 17:23:05,293 - Parsed config items:
cert-keypair:	cert/key/ICVSBContent.pem
cert-keypair-pwd:	cert/key/ICVSBContent.pwd
load-verify-scheme:	0
crypto-type:	0
aes-ce-id:	0
aes-enc-key:	cert/key/KCEICV.txt
images-table:	cert/Images.txt
nvcounter-val:	1
cert-pkg:	cert/ICVSBContent.crt
2026-02-10 17:23:05,293 - **** Creating Content Certificate ****
2026-02-10 17:23:05,298 - **** Certificate file (context) creation has been completed successfully ****
2026-02-10 17:23:05,457 - Content Certificate Generation Utility started (Logging to sb_content_cert.log)
2026-02-10 17:23:05,457 - Parsing config file: cert/cfg/ICVSBContent.cfg
2026-02-10 17:23:05,457 - Parsed config items:
cert-keypair:	cert/key/ICVSBContent.pem
cert-keypair-pwd:	cert/key/ICVSBContent.pwd
load-verify-scheme:	0
crypto-type:	0
aes-ce-id:	0
aes-enc-key:	cert/key/KCEICV.txt
images-table:	cert/Images.txt
nvcounter-val:	1
cert-pkg:	cert/ICVSBContent.crt
2026-02-10 17:23:05,457 - **** Creating Content Certificate ****
2026-02-10 17:23:05,460 - **** Certificate file (context) creation has been completed successfully ****
2026-02-10 17:23:05,590 - Content Certificate Generation Utility started (Logging to sb_content_cert.log)
2026-02-10 17:23:05,590 - Parsing config file: cert/cfg/ICVSBContent.cfg
2026-02-10 17:23:05,591 - Parsed config items:
cert-keypair:	cert/key/ICVSBContent.pem
cert-keypair-pwd:	cert/key/ICVSBContent.pwd
load-verify-scheme:	0
crypto-type:	0
aes-ce-id:	0
aes-enc-key:	cert/key/KCEICV.txt
images-table:	cert/Images.txt
nvcounter-val:	1
cert-pkg:	cert/ICVSBContent.crt
2026-02-10 17:23:05,591 - **** Creating Content Certificate ****
2026-02-10 17:23:05,593 - **** Certificate file (context) creation has been completed successfully ****
2026-02-10 17:23:06,072 - Content Certificate Generation Utility started (Logging to sb_content_cert.log)
2026-02-10 17:23:06,072 - Parsing config file: cert/cfg/ICVSBContent.cfg
2026-02-10 17:23:06,072 - Parsed config items:
cert-keypair:	cert/key/ICVSBContent.pem
cert-keypair-pwd:	cert/key/ICVSBContent.pwd
load-verify-scheme:	0
crypto-type:	0
aes-ce-id:	0
aes-enc-key:	cert/key/KCEICV.txt
images-table:	cert/Images.txt
nvcounter-val:	1
cert-pkg:	cert/ICVSBContent.crt
2026-02-10 17:23:06,072 - **** Creating Content Certificate ****
2026-02-10 17:23:06,075 - **** Certificate file (context) creation has been completed successfully ****
2026-02-10 17:23:06,209 - Content Certificate Generation Utility started (Logging to sb_content_cert.log)
2026-02-10 17:23:06,209 - Parsing config file: cert/cfg/ICVSBContent.cfg
2026-02-10 17:23:06,209 - Parsed config items:
cert-keypair:	cert/key/ICVSBContent.pem
cert-keypair-pwd:	cert/key/ICVSBContent.pwd
load-verify-scheme:	0
crypto-type:	0
aes-ce-id:	0
aes-enc-key:	cert/key/KCEICV.txt
images-table:	cert/Images.txt
nvcounter-val:	1
cert-pkg:	cert/ICVSBContent.crt
2026-02-10 17:23:06,209 - **** Creating Content Certificate ****
2026-02-10 17:23:06,212 - **** Certificate file (context) creation has been completed successfully ****
2026-02-10 17:28:34,076 - Content Certificate Generation Utility started (Logging to sb_content_cert.log)
2026-02-10 17:28:34,076 - Parsing config file: cert/cfg/ICVSBContent.cfg
2026-02-10 17:28:34,077 - Parsed config items:
cert-keypair:	cert/key/ICVSBContent.pem
cert-keypair-pwd:	cert/key/ICVSBContent.pwd
load-verify-scheme:	0
crypto-type:	0
aes-ce-id:	0
aes-enc-key:	cert/key/KCEICV.txt
images-table:	cert/Images.txt
nvcounter-val:	1
cert-pkg:	cert/ICVSBContent.crt
2026-02-10 17:28:34,077 - **** Creating Content Certificate ****
2026-02-10 17:28:34,081 - **** Certificate file (context) creation has been completed successfully ****
2026-02-10 17:28:34,215 - Content Certificate Generation Utility started (Logging to sb_content_cert.log)
2026-02-10 17:28:34,215 - Parsing config file: cert/cfg/ICVSBContent.cfg
2026-02-10 17:28:34,215 - Parsed config items:
cert-keypair:	cert/key/ICVSBContent.pem
cert-keypair-pwd:	cert/key/ICVSBContent.pwd
load-verify-scheme:	0
crypto-type:	0
aes-ce-id:	0
aes-enc-key:	cert/key/KCEICV.txt
images-table:	cert/Images.txt
nvcounter-val:	1
cert-pkg:	cert/ICVSBContent.crt
2026-02-10 17:28:34,215 - **** Creating Content Certificate ****
2026-02-10 17:28:34,218 - **** Certificate file (context) creation has been completed successfully ****
2026-02-10 17:28:34,371 - Content Certificate Generation Utility started (Logging to sb_content_cert.log)
2026-02-10 17:28:34,371 - Parsing config file: cert/cfg/ICVSBContent.cfg
2026-02-10 17:28:34,371 - Parsed config items:
cert-keypair:	cert/key/ICVSBContent.pem
cert-keypair-pwd:	cert/key/ICVSBContent.pwd
load-verify-scheme:	0
crypto-type:	0
aes-ce-id:	0
aes-enc-key:	cert/key/KCEICV.txt
images-table:	cert/Images.txt
nvcounter-val:	1
cert-pkg:	cert/ICVSBContent.crt
2026-02-10 17:28:34,372 - **** Creating Content Certificate ****
2026-02-10 17:28:34,375 - **** Certificate file (context) creation has been completed successfully ****
2026-02-10 17:28:34,507 - Content Certificate Generation Utility started (Logging to sb_content_cert.log)
2026-02-10 17:28:34,507 - Parsing config file: cert/cfg/ICVSBContent.cfg
2026-02-10 17:28:34,507 - Parsed config items:
cert-keypair:	cert/key/ICVSBContent.pem
cert-keypair-pwd:	cert/key/ICVSBContent.pwd
load-verify-scheme:	0
crypto-type:	0
aes-ce-id:	0
aes-enc-key:	cert/key/KCEICV.txt
images-table:	cert/Images.txt
nvcounter-val:	1
cert-pkg:	cert/ICVSBContent.crt
2026-02-10 17:28:34,508 - **** Creating Content Certificate ****
2026-02-10 17:28:34,510 - **** Certificate file (context) creation has been completed successfully ****
2026-02-10 17:28:34,979 - Content Certificate Generation Utility started (Logging to sb_content_cert.log)
2026-02-10 17:28:34,979 - Parsing config file: cert/cfg/ICVSBContent.cfg
2026-02-10 17:28:34,979 - Parsed config items:
cert-keypair:	cert/key/ICVSBContent.pem
cert-keypair-pwd:	cert/key/ICVSBContent.pwd
load-verify-scheme:	0
crypto-type:	0
aes-ce-id:	0
aes-enc-key:	cert/key/KCEICV.txt
images-table:	cert/Images.txt
nvcounter-val:	1
cert-pkg:	cert/ICVSBContent.crt
2026-02-10 17:28:34,979 - **** Creating Content Certificate ****
2026-02-10 17:28:34,982 - **** Certificate file (context) creation has been completed successfully ****
2026-02-10 17:28:35,115 - Content Certificate Generation Utility started (Logging to sb_content_cert.log)
2026-02-10 17:28:35,116 - Parsing config file: cert/cfg/ICVSBContent.cfg
2026-02-10 17:28:35,116 - Parsed config items:
cert-keypair:	cert/key/ICVSBContent.pem
cert-keypair-pwd:	cert/key/ICVSBContent.pwd
load-verify-scheme:	0
crypto-type:	0
aes-ce-id:	0
aes-enc-key:	cert/key/KCEICV.txt
images-table:	cert/Images.txt
nvcounter-val:	1
cert-pkg:	cert/ICVSBContent.crt
2026-02-10 17:28:35,116 - **** Creating Content Certificate ****
2026-02-10 17:28:35,118 - **** Certificate file (context) creation has been completed successfully ****
2026-02-15 12:05:02,655 - Content Certificate Generation Utility started (Logging to sb_content_cert.log)
2026-02-15 12:05:02,655 - Parsing config file: cert/cfg/ICVSBContent.cfg
2026-02-15 12:05:02,655 - Parsed config items:
cert-keypair:	cert/key/ICVSBContent.pem
cert-keypair-pwd:	cert/key/ICVSBContent.pwd
load-verify-scheme:	0
crypto-type:	0
aes-ce-id:	0
aes-enc-key:	cert/key/KCEICV.txt
images-table:	cert/Images.txt
nvcounter-val:	1
cert-pkg:	cert/ICVSBContent.crt
2026-02-15 12:05:02,655 - **** Creating Content Certificate ****
2026-02-15 12:05:02,659 - **** Certificate file (context) creation has been completed successfully ****
2026-02-15 12:05:02,805 - Content Certificate Generation Utility started (Logging to sb_content_cert.log)
2026-02-15 12:05:02,805 - Parsing config file: cert/cfg/ICVSBContent.cfg
2026-02-15 12:05:02,806 - Parsed config items:
cert-keypair:	cert/key/ICVSBContent.pem
cert-keypair-pwd:	cert/key/ICVSBContent.pwd
load-verify-scheme:	0
crypto-type:	0
aes-ce-id:	0
aes-enc-key:	cert/key/KCEICV.txt
images-table:	cert/Images.txt
nvcounter-val:	1
cert-pkg:	cert/ICVSBContent.crt
2026-02-15 12:05:02,806 - **** Creating Content Certificate ****
2026-02-15 12:05:02,810 - **** Certificate file (context) creation has been completed successfully ****
2026-02-15 12:05:02,976 - Content Certificate Generation Utility started (Logging to sb_content_cert.log)
2026-02-15 12:05:02,976 - Parsing config file: cert/cfg/ICVSBContent.cfg
2026-02-15 12:05:02,976 - Parsed config items:
cert-keypair:	cert/key/ICVSBContent.pem
cert-keypair-pwd:	cert/key/ICVSBContent.pwd
load-verify-scheme:	0
crypto-type:	0
aes-ce-id:	0
aes-enc-key:	cert/key/KCEICV.txt
images-table:	cert/Images.txt
nvcounter-val:	1
cert-pkg:	cert/ICVSBContent.crt
2026-02-15 12:05:02,977 - **** Creating Content Certificate ****
2026-02-15 12:05:02,980 - **** Certificate file (context) creation has been completed successfully ****
2026-02-15 12:05:03,124 - Content Certificate Generation Utility started (Logging to sb_content_cert.log)
2026-02-15 12:05:03,124 - Parsing config file: cert/cfg/ICVSBContent.cfg
2026-02-15 12:05:03,125 - Parsed config items:
cert-keypair:	cert/key/ICVSBContent.pem
cert-keypair-pwd:	cert/key/ICVSBContent.pwd
load-verify-scheme:	0
crypto-type:	0
aes-ce-id:	0
aes-enc-key:	cert/key/KCEICV.txt
images-table:	cert/Images.txt
nvcounter-val:	1
cert-pkg:	cert/ICVSBContent.crt
2026-02-15 12:05:03,125 - **** Creating Content Certificate ****
2026-02-15 12:05:03,128 - **** Certificate file (context) creation has been completed successfully ****
2026-02-15 12:05:03,630 - Content Certificate Generation Utility started (Logging to sb_content_cert.log)
2026-02-15 12:05:03,631 - Parsing config file: cert/cfg/ICVSBContent.cfg
2026-02-15 12:05:03,631 - Parsed config items:
cert-keypair:	cert/key/ICVSBContent.pem
cert-keypair-pwd:	cert/key/ICVSBContent.pwd
load-verify-scheme:	0
crypto-type:	0
aes-ce-id:	0
aes-enc-key:	cert/key/KCEICV.txt
images-table:	cert/Images.txt
nvcounter-val:	1
cert-pkg:	cert/ICVSBContent.crt
2026-02-15 12:05:03,631 - **** Creating Content Certificate ****
2026-02-15 12:05:03,634 - **** Certificate file (context) creation has been completed successfully ****
2026-02-15 12:05:03,779 - Content Certificate Generation Utility started (Logging to sb_content_cert.log)
2026-02-15 12:05:03,779 - Parsing config file: cert/cfg/ICVSBContent.cfg
2026-02-15 12:05:03,780 - Parsed config items:
cert-keypair:	cert/key/ICVSBContent.pem
cert-keypair-pwd:	cert/key/ICVSBContent.pwd
load-verify-scheme:	0
crypto-type:	0
aes-ce-id:	0
aes-enc-key:	cert/key/KCEICV.txt
images-table:	cert/Images.txt
nvcounter-val:	1
cert-pkg:	cert/ICVSBContent.crt
2026-02-15 12:05:03,780 - **** Creating Content Certificate ****
2026-02-15 12:05:03,783 - **** Certificate file (context) creation has been completed successfully ****
2026-02-15 12:10:32,126 - Content Certificate Generation Utility started (Logging to sb_content_cert.log)
2026-02-15 12:10:32,126 - Parsing config file: cert/cfg/ICVSBContent.cfg
2026-02-15 12:10:32,126 - Parsed config items:
cert-keypair:	cert/key/ICVSBContent.pem
cert-keypair-pwd:	cert/key/ICVSBContent.pwd
load-verify-scheme:	0
crypto-type:	0
aes-ce-id:	0
aes-enc-key:	cert/key/KCEICV.txt
images-table:	cert/Images.txt
nvcounter-val:	1
cert-pkg:	cert/ICVSBContent.crt
2026-02-15 12:10:32,127 - **** Creating Content Certificate ****
2026-02-15 12:10:32,129 - **** Certificate file (context) creation has been completed successfully ****
2026-02-15 12:10:32,275 - Content Certificate Generation Utility started (Logging to sb_content_cert.log)
2026-02-15 12:10:32,275 - Parsing config file: cert/cfg/ICVSBContent.cfg
2026-02-15 12:10:32,275 - Parsed config items:
cert-keypair:	cert/key/ICVSBContent.pem
cert-keypair-pwd:	cert/key/ICVSBContent.pwd
load-verify-scheme:	0
crypto-type:	0
aes-ce-id:	0
aes-enc-key:	cert/key/KCEICV.txt
images-table:	cert/Images.txt
nvcounter-val:	1
cert-pkg:	cert/ICVSBContent.crt
2026-02-15 12:10:32,275 - **** Creating Content Certificate ****
2026-02-15 12:10:32,279 - **** Certificate file (context) creation has been completed successfully ****
2026-02-15 12:10:32,457 - Content Certificate Generation Utility started (Logging to sb_content_cert.log)
2026-02-15 12:10:32,457 - Parsing config file: cert/cfg/ICVSBContent.cfg
2026-02-15 12:10:32,458 - Parsed config items:
cert-keypair:	cert/key/ICVSBContent.pem
cert-keypair-pwd:	cert/key/ICVSBContent.pwd
load-verify-scheme:	0
crypto-type:	0
aes-ce-id:	0
aes-enc-key:	cert/key/KCEICV.txt
images-table:	cert/Images.txt
nvcounter-val:	1
cert-pkg:	cert/ICVSBContent.crt
2026-02-15 12:10:32,458 - **** Creating Content Certificate ****
2026-02-15 12:10:32,461 - **** Certificate file (context) creation has been completed successfully ****
2026-02-15 12:10:32,607 - Content Certificate Generation Utility started (Logging to sb_content_cert.log)
2026-02-15 12:10:32,607 - Parsing config file: cert/cfg/ICVSBContent.cfg
2026-02-15 12:10:32,607 - Parsed config items:
cert-keypair:	cert/key/ICVSBContent.pem
cert-keypair-pwd:	cert/key/ICVSBContent.pwd
load-verify-scheme:	0
crypto-type:	0
aes-ce-id:	0
aes-enc-key:	cert/key/KCEICV.txt
images-table:	cert/Images.txt
nvcounter-val:	1
cert-pkg:	cert/ICVSBContent.crt
2026-02-15 12:10:32,608 - **** Creating Content Certificate ****
2026-02-15 12:10:32,610 - **** Certificate file (context) creation has been completed successfully ****
2026-02-15 12:10:33,135 - Content Certificate Generation Utility started (Logging to sb_content_cert.log)
2026-02-15 12:10:33,135 - Parsing config file: cert/cfg/ICVSBContent.cfg
2026-02-15 12:10:33,135 - Parsed config items:
cert-keypair:	cert/key/ICVSBContent.pem
cert-keypair-pwd:	cert/key/ICVSBContent.pwd
load-verify-scheme:	0
crypto-type:	0
aes-ce-id:	0
aes-enc-key:	cert/key/KCEICV.txt
images-table:	cert/Images.txt
nvcounter-val:	1
cert-pkg:	cert/ICVSBContent.crt
2026-02-15 12:10:33,136 - **** Creating Content Certificate ****
2026-02-15 12:10:33,138 - **** Certificate file (context) creation has been completed successfully ****
2026-02-15 12:10:33,289 - Content Certificate Generation Utility started (Logging to sb_content_cert.log)
2026-02-15 12:10:33,289 - Parsing config file: cert/cfg/ICVSBContent.cfg
2026-02-15 12:10:33,289 - Parsed config items:
cert-keypair:	cert/key/ICVSBContent.pem
cert-keypair-pwd:	cert/key/ICVSBContent.pwd
load-verify-scheme:	0
crypto-type:	0
aes-ce-id:	0
aes-enc-key:	cert/key/KCEICV.txt
images-table:	cert/Images.txt
nvcounter-val:	1
cert-pkg:	cert/ICVSBContent.crt
2026-02-15 12:10:33,289 - **** Creating Content Certificate ****
2026-02-15 12:10:33,293 - **** Certificate file (context) creation has been completed successfully ****
2026-02-15 12:21:31,183 - Content Certificate Generation Utility started (Logging to sb_content_cert.log)
2026-02-15 12:21:31,184 - Parsing config file: cert/cfg/ICVSBContent.cfg
2026-02-15 12:21:31,184 - Parsed config items:
cert-keypair:	cert/key/ICVSBContent.pem
cert-keypair-pwd:	cert/key/ICVSBContent.pwd
load-verify-scheme:	0
crypto-type:	0
aes-ce-id:	0
aes-enc-key:	cert/key/KCEICV.txt
images-table:	cert/Images.txt
nvcounter-val:	1
cert-pkg:	cert/ICVSBContent.crt
2026-02-15 12:21:31,184 - **** Creating Content Certificate ****
2026-02-15 12:21:31,188 - **** Certificate file (context) creation has been completed successfully ****
2026-02-15 12:21:31,381 - Content Certificate Generation Utility started (Logging to sb_content_cert.log)
2026-02-15 12:21:31,381 - Parsing config file: cert/cfg/ICVSBContent.cfg
2026-02-15 12:21:31,381 - Parsed config items:
cert-keypair:	cert/key/ICVSBContent.pem
cert-keypair-pwd:	cert/key/ICVSBContent.pwd
load-verify-scheme:	0
crypto-type:	0
aes-ce-id:	0
aes-enc-key:	cert/key/KCEICV.txt
images-table:	cert/Images.txt
nvcounter-val:	1
cert-pkg:	cert/ICVSBContent.crt
2026-02-15 12:21:31,381 - **** Creating Content Certificate ****
2026-02-15 12:21:31,385 - **** Certificate file (context) creation has been completed successfully ****
2026-02-15 12:21:31,550 - Content Certificate Generation Utility started (Logging to sb_content_cert.log)
2026-02-15 12:21:31,550 - Parsing config file: cert/cfg/ICVSBContent.cfg
2026-02-15 12:21:31,550 - Parsed config items:
cert-keypair:	cert/key/ICVSBContent.pem
cert-keypair-pwd:	cert/key/ICVSBContent.pwd
load-verify-scheme:	0
crypto-type:	0
aes-ce-id:	0
aes-enc-key:	cert/key/KCEICV.txt
images-table:	cert/Images.txt
nvcounter-val:	1
cert-pkg:	cert/ICVSBContent.crt
2026-02-15 12:21:31,551 - **** Creating Content Certificate ****
2026-02-15 12:21:31,554 - **** Certificate file (context) creation has been completed successfully ****
2026-02-15 12:21:31,699 - Content Certificate Generation Utility started (Logging to sb_content_cert.log)
2026-02-15 12:21:31,699 - Parsing config file: cert/cfg/ICVSBContent.cfg
2026-02-15 12:21:31,700 - Parsed config items:
cert-keypair:	cert/key/ICVSBContent.pem
cert-keypair-pwd:	cert/key/ICVSBContent.pwd
load-verify-scheme:	0
crypto-type:	0
aes-ce-id:	0
aes-enc-key:	cert/key/KCEICV.txt
images-table:	cert/Images.txt
nvcounter-val:	1
cert-pkg:	cert/ICVSBContent.crt
2026-02-15 12:21:31,700 - **** Creating Content Certificate ****
2026-02-15 12:21:31,703 - **** Certificate file (context) creation has been completed successfully ****
2026-02-15 12:21:32,204 - Content Certificate Generation Utility started (Logging to sb_content_cert.log)
2026-02-15 12:21:32,204 - Parsing config file: cert/cfg/ICVSBContent.cfg
2026-02-15 12:21:32,204 - Parsed config items:
cert-keypair:	cert/key/ICVSBContent.pem
cert-keypair-pwd:	cert/key/ICVSBContent.pwd
load-verify-scheme:	0
crypto-type:	0
aes-ce-id:	0
aes-enc-key:	cert/key/KCEICV.txt
images-table:	cert/Images.txt
nvcounter-val:	1
cert-pkg:	cert/ICVSBContent.crt
2026-02-15 12:21:32,204 - **** Creating Content Certificate ****
2026-02-15 12:21:32,207 - **** Certificate file (context) creation has been completed successfully ****
2026-02-15 12:21:32,354 - Content Certificate Generation Utility started (Logging to sb_content_cert.log)
2026-02-15 12:21:32,354 - Parsing config file: cert/cfg/ICVSBContent.cfg
2026-02-15 12:21:32,355 - Parsed config items:
cert-keypair:	cert/key/ICVSBContent.pem
cert-keypair-pwd:	cert/key/ICVSBContent.pwd
load-verify-scheme:	0
crypto-type:	0
aes-ce-id:	0
aes-enc-key:	cert/key/KCEICV.txt
images-table:	cert/Images.txt
nvcounter-val:	1
cert-pkg:	cert/ICVSBContent.crt
2026-02-15 12:21:32,355 - **** Creating Content Certificate ****
2026-02-15 12:21:32,358 - **** Certificate file (context) creation has been completed successfully ****
2026-02-22 12:06:25,579 - Content Certificate Generation Utility started (Logging to sb_content_cert.log)
2026-02-22 12:06:25,579 - Parsing config file: cert/cfg/ICVSBContent.cfg
2026-02-22 12:06:25,579 - Parsed config items:
cert-keypair:	cert/key/ICVSBContent.pem
cert-keypair-pwd:	cert/key/ICVSBContent.pwd
load-verify-scheme:	0
crypto-type:	0
aes-ce-id:	0
aes-enc-key:	cert/key/KCEICV.txt
images-table:	cert/Images.txt
nvcounter-val:	1
cert-pkg:	cert/ICVSBContent.crt
2026-02-22 12:06:25,579 - **** Creating Content Certificate ****
2026-02-22 12:06:25,583 - **** Certificate file (context) creation has been completed successfully ****
2026-02-22 12:06:25,780 - Content Certificate Generation Utility started (Logging to sb_content_cert.log)
2026-02-22 12:06:25,780 - Parsing config file: cert/cfg/ICVSBContent.cfg
2026-02-22 12:06:25,781 - Parsed config items:
cert-keypair:	cert/key/ICVSBContent.pem
cert-keypair-pwd:	cert/key/ICVSBContent.pwd
load-verify-scheme:	0
crypto-type:	0
aes-ce-id:	0
aes-enc-key:	cert/key/KCEICV.txt
images-table:	cert/Images.txt
nvcounter-val:	1
cert-pkg:	cert/ICVSBContent.crt
2026-02-22 12:06:25,781 - **** Creating Content Certificate ****
2026-02-22 12:06:25,784 - **** Certificate file (context) creation has been completed successfully ****
2026-02-22 12:06:25,964 - Content Certificate Generation Utility started (Logging to sb_content_cert.log)
2026-02-22 12:06:25,964 - Parsing config file: cert/cfg/ICVSBContent.cfg
2026-02-22 12:06:25,965 - Parsed config items:
cert-keypair:	cert/key/ICVSBContent.pem
cert-keypair-pwd:	cert/key/ICVSBContent.pwd
load-verify-scheme:	0
crypto-type:	0
aes-ce-id:	0
aes-enc-key:	cert/key/KCEICV.txt
images-table:	cert/Images.txt
nvcounter-val:	1
cert-pkg:	cert/ICVSBContent.crt
2026-02-22 12:06:25,965 - **** Creating Content Certificate ****
2026-02-22 12:06:25,969 - **** Certificate file (context) creation has been completed successfully ****
2026-02-22 12:06:26,115 - Content Certificate Generation Utility started (Logging to sb_content_cert.log)
2026-02-22 12:06:26,116 - Parsing config file: cert/cfg/ICVSBContent.cfg
2026-02-22 12:06:26,116 - Parsed config items:
cert-keypair:	cert/key/ICVSBContent.pem
cert-keypair-pwd:	cert/key/ICVSBContent.pwd
load-verify-scheme:	0
crypto-type:	0
aes-ce-id:	0
aes-enc-key:	cert/key/KCEICV.txt
images-table:	cert/Images.txt
nvcounter-val:	1
cert-pkg:	cert/ICVSBContent.crt
2026-02-22 12:06:26,118 - **** Creating Content Certificate ****
2026-02-22 12:06:26,120 - **** Certificate file (context) creation has been completed successfully ****
2026-02-22 12:06:26,585 - Content Certificate Generation Utility started (Logging to sb_content_cert.log)
2026-02-22 12:06:26,585 - Parsing config file: cert/cfg/ICVSBContent.cfg
2026-02-22 12:06:26,585 - Parsed config items:
cert-keypair:	cert/key/ICVSBContent.pem
cert-keypair-pwd:	cert/key/ICVSBContent.pwd
load-verify-scheme:	0
crypto-type:	0
aes-ce-id:	0
aes-enc-key:	cert/key/KCEICV.txt
images-table:	cert/Images.txt
nvcounter-val:	1
cert-pkg:	cert/ICVSBContent.crt
2026-02-22 12:06:26,586 - **** Creating Content Certificate ****
2026-02-22 12:06:26,588 - **** Certificate file (context) creation has been completed successfully ****
2026-02-22 12:06:26,724 - Content Certificate Generation Utility started (Logging to sb_content_cert.log)
2026-02-22 12:06:26,724 - Parsing config file: cert/cfg/ICVSBContent.cfg
2026-02-22 12:06:26,724 - Parsed config items:
cert-keypair:	cert/key/ICVSBContent.pem
cert-keypair-pwd:	cert/key/ICVSBContent.pwd
load-verify-scheme:	0
crypto-type:	0
aes-ce-id:	0
aes-enc-key:	cert/key/KCEICV.txt
images-table:	cert/Images.txt
nvcounter-val:	1
cert-pkg:	cert/ICVSBContent.crt
2026-02-22 12:06:26,724 - **** Creating Content Certificate ****
2026-02-22 12:06:26,727 - **** Certificate file (context) creation has been completed successfully ****
2026-02-22 12:37:32,302 - Content Certificate Generation Utility started (Logging to sb_content_cert.log)
2026-02-22 12:37:32,303 - Parsing config file: cert/cfg/ICVSBContent.cfg
2026-02-22 12:37:32,303 - Parsed config items:
cert-keypair:	cert/key/ICVSBContent.pem
cert-keypair-pwd:	cert/key/ICVSBContent.pwd
load-verify-scheme:	0
crypto-type:	0
aes-ce-id:	0
aes-enc-key:	cert/key/KCEICV.txt
images-table:	cert/Images.txt
nvcounter-val:	1
cert-pkg:	cert/ICVSBContent.crt
2026-02-22 12:37:32,303 - **** Creating Content Certificate ****
2026-02-22 12:37:32,309 - **** Certificate file (context) creation has been completed successfully ****
2026-02-22 12:37:32,490 - Content Certificate Generation Utility started (Logging to sb_content_cert.log)
2026-02-22 12:37:32,491 - Parsing config file: cert/cfg/ICVSBContent.cfg
2026-02-22 12:37:32,491 - Parsed config items:
cert-keypair:	cert/key/ICVSBContent.pem
cert-keypair-pwd:	cert/key/ICVSBContent.pwd
load-verify-scheme:	0
crypto-type:	0
aes-ce-id:	0
aes-enc-key:	cert/key/KCEICV.txt
images-table:	cert/Images.txt
nvcounter-val:	1
cert-pkg:	cert/ICVSBContent.crt
2026-02-22 12:37:32,491 - **** Creating Content Certificate ****
2026-02-22 12:37:32,496 - **** Certificate file (context) creation has been completed successfully ****
2026-02-22 12:37:32,720 - Content Certificate Generation Utility started (Logging to sb_content_cert.log)
2026-02-22 12:37:32,720 - Parsing config file: cert/cfg/ICVSBContent.cfg
2026-02-22 12:37:32,720 - Parsed config items:
cert-keypair:	cert/key/ICVSBContent.pem
cert-keypair-pwd:	cert/key/ICVSBContent.pwd
load-verify-scheme:	0
crypto-type:	0
aes-ce-id:	0
aes-enc-key:	cert/key/KCEICV.txt
images-table:	cert/Images.txt
nvcounter-val:	1
cert-pkg:	cert/ICVSBContent.crt
2026-02-22 12:37:32,721 - **** Creating Content Certificate ****
2026-02-22 12:37:32,724 - **** Certificate file (context) creation has been completed successfully ****
2026-02-22 12:37:32,909 - Content Certificate Generation Utility started (Logging to sb_content_cert.log)
2026-02-22 12:37:32,909 - Parsing config file: cert/cfg/ICVSBContent.cfg
2026-02-22 12:37:32,909 - Parsed config items:
cert-keypair:	cert/key/ICVSBContent.pem
cert-keypair-pwd:	cert/key/ICVSBContent.pwd
load-verify-scheme:	0
crypto-type:	0
aes-ce-id:	0
aes-enc-key:	cert/key/KCEICV.txt
images-table:	cert/Images.txt
nvcounter-val:	1
cert-pkg:	cert/ICVSBContent.crt
2026-02-22 12:37:32,909 - **** Creating Content Certificate ****
2026-02-22 12:37:32,913 - **** Certificate file (context) creation has been completed successfully ****
2026-02-22 12:37:33,494 - Content Certificate Generation Utility started (Logging to sb_content_cert.log)
2026-02-22 12:37:33,494 - Parsing config file: cert/cfg/ICVSBContent.cfg
2026-02-22 12:37:33,494 - Parsed config items:
cert-keypair:	cert/key/ICVSBContent.pem
cert-keypair-pwd:	cert/key/ICVSBContent.pwd
load-verify-scheme:	0
crypto-type:	0
aes-ce-id:	0
aes-enc-key:	cert/key/KCEICV.txt
images-table:	cert/Images.txt
nvcounter-val:	1
cert-pkg:	cert/ICVSBContent.crt
2026-02-22 12:37:33,494 - **** Creating Content Certificate ****
2026-02-22 12:37:33,498 - **** Certificate file (context) creation has been completed successfully ****
2026-02-22 12:37:33,705 - Content Certificate Generation Utility started (Logging to sb_content_cert.log)
2026-02-22 12:37:33,705 - Parsing config file: cert/cfg/ICVSBContent.cfg
2026-02-22 12:37:33,706 - Parsed config items:
cert-keypair:	cert/key/ICVSBContent.pem
cert-keypair-pwd:	cert/key/ICVSBContent.pwd
load-verify-scheme:	0
crypto-type:	0
aes-ce-id:	0
aes-enc-key:	cert/key/KCEICV.txt
images-table:	cert/Images.txt
nvcounter-val:	1
cert-pkg:	cert/ICVSBContent.crt
2026-02-22 12:37:33,706 - **** Creating Content Certificate ****
2026-02-22 12:37:33,710 - **** Certificate file (context) creation has been completed successfully ****
2026-02-22 17:51:21,775 - Content Certificate Generation Utility started (Logging to sb_content_cert.log)
2026-02-22 17:51:21,777 - Parsing config file: cert/cfg/ICVSBContent.cfg
2026-02-22 17:51:21,777 - Parsed config items:
cert-keypair:	cert/key/ICVSBContent.pem
cert-keypair-pwd:	cert/key/ICVSBContent.pwd
load-verify-scheme:	0
crypto-type:	0
aes-ce-id:	0
aes-enc-key:	cert/key/KCEICV.txt
images-table:	cert/Images.txt
nvcounter-val:	1
cert-pkg:	cert/ICVSBContent.crt
2026-02-22 17:51:21,777 - **** Creating Content Certificate ****
2026-02-22 17:51:21,781 - **** Certificate file (context) creation has been completed successfully ****
2026-02-22 17:51:21,938 - Content Certificate Generation Utility started (Logging to sb_content_cert.log)
2026-02-22 17:51:21,938 - Parsing config file: cert/cfg/ICVSBContent.cfg
2026-02-22 17:51:21,938 - Parsed config items:
cert-keypair:	cert/key/ICVSBContent.pem
cert-keypair-pwd:	cert/key/ICVSBContent.pwd
load-verify-scheme:	0
crypto-type:	0
aes-ce-id:	0
aes-enc-key:	cert/key/KCEICV.txt
images-table:	cert/Images.txt
nvcounter-val:	1
cert-pkg:	cert/ICVSBContent.crt
2026-02-22 17:51:21,938 - **** Creating Content Certificate ****
2026-02-22 17:51:21,943 - **** Certificate file (context) creation has been completed successfully ****
2026-02-22 17:51:22,119 - Content Certificate Generation Utility started (Logging to sb_content_cert.log)
2026-02-22 17:51:22,119 - Parsing config file: cert/cfg/ICVSBContent.cfg
2026-02-22 17:51:22,120 - Parsed config items:
cert-keypair:	cert/key/ICVSBContent.pem
cert-keypair-pwd:	cert/key/ICVSBContent.pwd
load-verify-scheme:	0
crypto-type:	0
aes-ce-id:	0
aes-enc-key:	cert/key/KCEICV.txt
images-table:	cert/Images.txt
nvcounter-val:	1
cert-pkg:	cert/ICVSBContent.crt
2026-02-22 17:51:22,120 - **** Creating Content Certificate ****
2026-02-22 17:51:22,123 - **** Certificate file (context) creation has been completed successfully ****
2026-02-22 17:51:22,275 - Content Certificate Generation Utility started (Logging to sb_content_cert.log)
2026-02-22 17:51:22,276 - Parsing config file: cert/cfg/ICVSBContent.cfg
2026-02-22 17:51:22,276 - Parsed config items:
cert-keypair:	cert/key/ICVSBContent.pem
cert-keypair-pwd:	cert/key/ICVSBContent.pwd
load-verify-scheme:	0
crypto-type:	0
aes-ce-id:	0
aes-enc-key:	cert/key/KCEICV.txt
images-table:	cert/Images.txt
nvcounter-val:	1
cert-pkg:	cert/ICVSBContent.crt
2026-02-22 17:51:22,276 - **** Creating Content Certificate ****
2026-02-22 17:51:22,279 - **** Certificate file (context) creation has been completed successfully ****
2026-02-22 17:51:22,807 - Content Certificate Generation Utility started (Logging to sb_content_cert.log)
2026-02-22 17:51:22,807 - Parsing config file: cert/cfg/ICVSBContent.cfg
2026-02-22 17:51:22,808 - Parsed config items:
cert-keypair:	cert/key/ICVSBContent.pem
cert-keypair-pwd:	cert/key/ICVSBContent.pwd
load-verify-scheme:	0
crypto-type:	0
aes-ce-id:	0
aes-enc-key:	cert/key/KCEICV.txt
images-table:	cert/Images.txt
nvcounter-val:	1
cert-pkg:	cert/ICVSBContent.crt
2026-02-22 17:51:22,808 - **** Creating Content Certificate ****
2026-02-22 17:51:22,811 - **** Certificate file (context) creation has been completed successfully ****
2026-02-22 17:51:22,967 - Content Certificate Generation Utility started (Logging to sb_content_cert.log)
2026-02-22 17:51:22,968 - Parsing config file: cert/cfg/ICVSBContent.cfg
2026-02-22 17:51:22,968 - Parsed config items:
cert-keypair:	cert/key/ICVSBContent.pem
cert-keypair-pwd:	cert/key/ICVSBContent.pwd
load-verify-scheme:	0
crypto-type:	0
aes-ce-id:	0
aes-enc-key:	cert/key/KCEICV.txt
images-table:	cert/Images.txt
nvcounter-val:	1
cert-pkg:	cert/ICVSBContent.crt
2026-02-22 17:51:22,968 - **** Creating Content Certificate ****
2026-02-22 17:51:22,971 - **** Certificate file (context) creation has been completed successfully ****
2026-02-22 17:52:20,143 - Content Certificate Generation Utility started (Logging to sb_content_cert.log)
2026-02-22 17:52:20,143 - Parsing config file: cert/cfg/ICVSBContent.cfg
2026-02-22 17:52:20,143 - Parsed config items:
cert-keypair:	cert/key/ICVSBContent.pem
cert-keypair-pwd:	cert/key/ICVSBContent.pwd
load-verify-scheme:	0
crypto-type:	0
aes-ce-id:	0
aes-enc-key:	cert/key/KCEICV.txt
images-table:	cert/Images.txt
nvcounter-val:	1
cert-pkg:	cert/ICVSBContent.crt
2026-02-22 17:52:20,143 - **** Creating Content Certificate ****
2026-02-22 17:52:20,147 - **** Certificate file (context) creation has been completed successfully ****
2026-02-22 17:52:20,302 - Content Certificate Generation Utility started (Logging to sb_content_cert.log)
2026-02-22 17:52:20,302 - Parsing config file: cert/cfg/ICVSBContent.cfg
2026-02-22 17:52:20,302 - Parsed config items:
cert-keypair:	cert/key/ICVSBContent.pem
cert-keypair-pwd:	cert/key/ICVSBContent.pwd
load-verify-scheme:	0
crypto-type:	0
aes-ce-id:	0
aes-enc-key:	cert/key/KCEICV.txt
images-table:	cert/Images.txt
nvcounter-val:	1
cert-pkg:	cert/ICVSBContent.crt
2026-02-22 17:52:20,303 - **** Creating Content Certificate ****
2026-02-22 17:52:20,306 - **** Certificate file (context) creation has been completed successfully ****
2026-02-22 17:52:20,498 - Content Certificate Generation Utility started (Logging to sb_content_cert.log)
2026-02-22 17:52:20,498 - Parsing config file: cert/cfg/ICVSBContent.cfg
2026-02-22 17:52:20,498 - Parsed config items:
cert-keypair:	cert/key/ICVSBContent.pem
cert-keypair-pwd:	cert/key/ICVSBContent.pwd
load-verify-scheme:	0
crypto-type:	0
aes-ce-id:	0
aes-enc-key:	cert/key/KCEICV.txt
images-table:	cert/Images.txt
nvcounter-val:	1
cert-pkg:	cert/ICVSBContent.crt
2026-02-22 17:52:20,498 - **** Creating Content Certificate ****
2026-02-22 17:52:20,502 - **** Certificate file (context) creation has been completed successfully ****
2026-02-22 17:52:20,657 - Content Certificate Generation Utility started (Logging to sb_content_cert.log)
2026-02-22 17:52:20,657 - Parsing config file: cert/cfg/ICVSBContent.cfg
2026-02-22 17:52:20,657 - Parsed config items:
cert-keypair:	cert/key/ICVSBContent.pem
cert-keypair-pwd:	cert/key/ICVSBContent.pwd
load-verify-scheme:	0
crypto-type:	0
aes-ce-id:	0
aes-enc-key:	cert/key/KCEICV.txt
images-table:	cert/Images.txt
nvcounter-val:	1
cert-pkg:	cert/ICVSBContent.crt
2026-02-22 17:52:20,658 - **** Creating Content Certificate ****
2026-02-22 17:52:20,660 - **** Certificate file (context) creation has been completed successfully ****
2026-02-22 17:52:21,162 - Content Certificate Generation Utility started (Logging to sb_content_cert.log)
2026-02-22 17:52:21,163 - Parsing config file: cert/cfg/ICVSBContent.cfg
2026-02-22 17:52:21,163 - Parsed config items:
cert-keypair:	cert/key/ICVSBContent.pem
cert-keypair-pwd:	cert/key/ICVSBContent.pwd
load-verify-scheme:	0
crypto-type:	0
aes-ce-id:	0
aes-enc-key:	cert/key/KCEICV.txt
images-table:	cert/Images.txt
nvcounter-val:	1
cert-pkg:	cert/ICVSBContent.crt
2026-02-22 17:52:21,163 - **** Creating Content Certificate ****
2026-02-22 17:52:21,166 - **** Certificate file (context) creation has been completed successfully ****
2026-02-22 17:52:21,316 - Content Certificate Generation Utility started (Logging to sb_content_cert.log)
2026-02-22 17:52:21,316 - Parsing config file: cert/cfg/ICVSBContent.cfg
2026-02-22 17:52:21,316 - Parsed config items:
cert-keypair:	cert/key/ICVSBContent.pem
cert-keypair-pwd:	cert/key/ICVSBContent.pwd
load-verify-scheme:	0
crypto-type:	0
aes-ce-id:	0
aes-enc-key:	cert/key/KCEICV.txt
images-table:	cert/Images.txt
nvcounter-val:	1
cert-pkg:	cert/ICVSBContent.crt
2026-02-22 17:52:21,316 - **** Creating Content Certificate ****
2026-02-22 17:52:21,319 - **** Certificate file (context) creation has been completed successfully ****
2026-02-22 17:53:05,306 - Content Certificate Generation Utility started (Logging to sb_content_cert.log)
2026-02-22 17:53:05,306 - Parsing config file: cert/cfg/ICVSBContent.cfg
2026-02-22 17:53:05,306 - Parsed config items:
cert-keypair:	cert/key/ICVSBContent.pem
cert-keypair-pwd:	cert/key/ICVSBContent.pwd
load-verify-scheme:	0
crypto-type:	0
aes-ce-id:	0
aes-enc-key:	cert/key/KCEICV.txt
images-table:	cert/Images.txt
nvcounter-val:	1
cert-pkg:	cert/ICVSBContent.crt
2026-02-22 17:53:05,307 - **** Creating Content Certificate ****
2026-02-22 17:53:05,309 - **** Certificate file (context) creation has been completed successfully ****
2026-02-22 17:53:05,454 - Content Certificate Generation Utility started (Logging to sb_content_cert.log)
2026-02-22 17:53:05,455 - Parsing config file: cert/cfg/ICVSBContent.cfg
2026-02-22 17:53:05,455 - Parsed config items:
cert-keypair:	cert/key/ICVSBContent.pem
cert-keypair-pwd:	cert/key/ICVSBContent.pwd
load-verify-scheme:	0
crypto-type:	0
aes-ce-id:	0
aes-enc-key:	cert/key/KCEICV.txt
images-table:	cert/Images.txt
nvcounter-val:	1
cert-pkg:	cert/ICVSBContent.crt
2026-02-22 17:53:05,455 - **** Creating Content Certificate ****
2026-02-22 17:53:05,458 - **** Certificate file (context) creation has been completed successfully ****
2026-02-22 17:53:05,636 - Content Certificate Generation Utility started (Logging to sb_content_cert.log)
2026-02-22 17:53:05,637 - Parsing config file: cert/cfg/ICVSBContent.cfg
2026-02-22 17:53:05,637 - Parsed config items:
cert-keypair:	cert/key/ICVSBContent.pem
cert-keypair-pwd:	cert/key/ICVSBContent.pwd
load-verify-scheme:	0
crypto-type:	0
aes-ce-id:	0
aes-enc-key:	cert/key/KCEICV.txt
images-table:	cert/Images.txt
nvcounter-val:	1
cert-pkg:	cert/ICVSBContent.crt
2026-02-22 17:53:05,637 - **** Creating Content Certificate ****
2026-02-22 17:53:05,640 - **** Certificate file (context) creation has been completed successfully ****
2026-02-22 17:53:05,800 - Content Certificate Generation Utility started (Logging to sb_content_cert.log)
2026-02-22 17:53:05,800 - Parsing config file: cert/cfg/ICVSBContent.cfg
2026-02-22 17:53:05,800 - Parsed config items:
cert-keypair:	cert/key/ICVSBContent.pem
cert-keypair-pwd:	cert/key/ICVSBContent.pwd
load-verify-scheme:	0
crypto-type:	0
aes-ce-id:	0
aes-enc-key:	cert/key/KCEICV.txt
images-table:	cert/Images.txt
nvcounter-val:	1
cert-pkg:	cert/ICVSBContent.crt
2026-02-22 17:53:05,800 - **** Creating Content Certificate ****
2026-02-22 17:53:05,804 - **** Certificate file (context) creation has been completed successfully ****
2026-02-22 17:53:06,342 - Content Certificate Generation Utility started (Logging to sb_content_cert.log)
2026-02-22 17:53:06,342 - Parsing config file: cert/cfg/ICVSBContent.cfg
2026-02-22 17:53:06,342 - Parsed config items:
cert-keypair:	cert/key/ICVSBContent.pem
cert-keypair-pwd:	cert/key/ICVSBContent.pwd
load-verify-scheme:	0
crypto-type:	0
aes-ce-id:	0
aes-enc-key:	cert/key/KCEICV.txt
images-table:	cert/Images.txt
nvcounter-val:	1
cert-pkg:	cert/ICVSBContent.crt
2026-02-22 17:53:06,342 - **** Creating Content Certificate ****
2026-02-22 17:53:06,346 - **** Certificate file (context) creation has been completed successfully ****
2026-02-22 17:53:06,507 - Content Certificate Generation Utility started (Logging to sb_content_cert.log)
2026-02-22 17:53:06,507 - Parsing config file: cert/cfg/ICVSBContent.cfg
2026-02-22 17:53:06,507 - Parsed config items:
cert-keypair:	cert/key/ICVSBContent.pem
cert-keypair-pwd:	cert/key/ICVSBContent.pwd
load-verify-scheme:	0
crypto-type:	0
aes-ce-id:	0
aes-enc-key:	cert/key/KCEICV.txt
images-table:	cert/Images.txt
nvcounter-val:	1
cert-pkg:	cert/ICVSBContent.crt
2026-02-22 17:53:06,507 - **** Creating Content Certificate ****
2026-02-22 17:53:06,510 - **** Certificate file (context) creation has been completed successfully ****
2026-02-22 17:53:57,711 - Content Certificate Generation Utility started (Logging to sb_content_cert.log)
2026-02-22 17:53:57,712 - Parsing config file: cert/cfg/ICVSBContent.cfg
2026-02-22 17:53:57,712 - Parsed config items:
cert-keypair:	cert/key/ICVSBContent.pem
cert-keypair-pwd:	cert/key/ICVSBContent.pwd
load-verify-scheme:	0
crypto-type:	0
aes-ce-id:	0
aes-enc-key:	cert/key/KCEICV.txt
images-table:	cert/Images.txt
nvcounter-val:	1
cert-pkg:	cert/ICVSBContent.crt
2026-02-22 17:53:57,712 - **** Creating Content Certificate ****
2026-02-22 17:53:57,718 - **** Certificate file (context) creation has been completed successfully ****
2026-02-22 17:53:57,878 - Content Certificate Generation Utility started (Logging to sb_content_cert.log)
2026-02-22 17:53:57,878 - Parsing config file: cert/cfg/ICVSBContent.cfg
2026-02-22 17:53:57,878 - Parsed config items:
cert-keypair:	cert/key/ICVSBContent.pem
cert-keypair-pwd:	cert/key/ICVSBContent.pwd
load-verify-scheme:	0
crypto-type:	0
aes-ce-id:	0
aes-enc-key:	cert/key/KCEICV.txt
images-table:	cert/Images.txt
nvcounter-val:	1
cert-pkg:	cert/ICVSBContent.crt
2026-02-22 17:53:57,879 - **** Creating Content Certificate ****
2026-02-22 17:53:57,882 - **** Certificate file (context) creation has been completed successfully ****
2026-02-22 17:53:58,108 - Content Certificate Generation Utility started (Logging to sb_content_cert.log)
2026-02-22 17:53:58,108 - Parsing config file: cert/cfg/ICVSBContent.cfg
2026-02-22 17:53:58,108 - Parsed config items:
cert-keypair:	cert/key/ICVSBContent.pem
cert-keypair-pwd:	cert/key/ICVSBContent.pwd
load-verify-scheme:	0
crypto-type:	0
aes-ce-id:	0
aes-enc-key:	cert/key/KCEICV.txt
images-table:	cert/Images.txt
nvcounter-val:	1
cert-pkg:	cert/ICVSBContent.crt
2026-02-22 17:53:58,108 - **** Creating Content Certificate ****
2026-02-22 17:53:58,111 - **** Certificate file (context) creation has been completed successfully ****
2026-02-22 17:53:58,256 - Content Certificate Generation Utility started (Logging to sb_content_cert.log)
2026-02-22 17:53:58,257 - Parsing config file: cert/cfg/ICVSBContent.cfg
2026-02-22 17:53:58,257 - Parsed config items:
cert-keypair:	cert/key/ICVSBContent.pem
cert-keypair-pwd:	cert/key/ICVSBContent.pwd
load-verify-scheme:	0
crypto-type:	0
aes-ce-id:	0
aes-enc-key:	cert/key/KCEICV.txt
images-table:	cert/Images.txt
nvcounter-val:	1
cert-pkg:	cert/ICVSBContent.crt
2026-02-22 17:53:58,257 - **** Creating Content Certificate ****
2026-02-22 17:53:58,260 - **** Certificate file (context) creation has been completed successfully ****
2026-02-22 17:53:58,787 - Content Certificate Generation Utility started (Logging to sb_content_cert.log)
2026-02-22 17:53:58,788 - Parsing config file: cert/cfg/ICVSBContent.cfg
2026-02-22 17:53:58,788 - Parsed config items:
cert-keypair:	cert/key/ICVSBContent.pem
cert-keypair-pwd:	cert/key/ICVSBContent.pwd
load-verify-scheme:	0
crypto-type:	0
aes-ce-id:	0
aes-enc-key:	cert/key/KCEICV.txt
images-table:	cert/Images.txt
nvcounter-val:	1
cert-pkg:	cert/ICVSBContent.crt
2026-02-22 17:53:58,788 - **** Creating Content Certificate ****
2026-02-22 17:53:58,791 - **** Certificate file (context) creation has been completed successfully ****
2026-02-22 17:53:58,942 - Content Certificate Generation Utility started (Logging to sb_content_cert.log)
2026-02-22 17:53:58,942 - Parsing config file: cert/cfg/ICVSBContent.cfg
2026-02-22 17:53:58,943 - Parsed config items:
cert-keypair:	cert/key/ICVSBContent.pem
cert-keypair-pwd:	cert/key/ICVSBContent.pwd
load-verify-scheme:	0
crypto-type:	0
aes-ce-id:	0
aes-enc-key:	cert/key/KCEICV.txt
images-table:	cert/Images.txt
nvcounter-val:	1
cert-pkg:	cert/ICVSBContent.crt
2026-02-22 17:53:58,943 - **** Creating Content Certificate ****
2026-02-22 17:53:58,946 - **** Certificate file (context) creation has been completed successfully ****
2026-02-22 17:54:44,102 - Content Certificate Generation Utility started (Logging to sb_content_cert.log)
2026-02-22 17:54:44,102 - Parsing config file: cert/cfg/ICVSBContent.cfg
2026-02-22 17:54:44,102 - Parsed config items:
cert-keypair:	cert/key/ICVSBContent.pem
cert-keypair-pwd:	cert/key/ICVSBContent.pwd
load-verify-scheme:	0
crypto-type:	0
aes-ce-id:	0
aes-enc-key:	cert/key/KCEICV.txt
images-table:	cert/Images.txt
nvcounter-val:	1
cert-pkg:	cert/ICVSBContent.crt
2026-02-22 17:54:44,102 - **** Creating Content Certificate ****
2026-02-22 17:54:44,106 - **** Certificate file (context) creation has been completed successfully ****
2026-02-22 17:54:44,245 - Content Certificate Generation Utility started (Logging to sb_content_cert.log)
2026-02-22 17:54:44,245 - Parsing config file: cert/cfg/ICVSBContent.cfg
2026-02-22 17:54:44,245 - Parsed config items:
cert-keypair:	cert/key/ICVSBContent.pem
cert-keypair-pwd:	cert/key/ICVSBContent.pwd
load-verify-scheme:	0
crypto-type:	0
aes-ce-id:	0
aes-enc-key:	cert/key/KCEICV.txt
images-table:	cert/Images.txt
nvcounter-val:	1
cert-pkg:	cert/ICVSBContent.crt
2026-02-22 17:54:44,245 - **** Creating Content Certificate ****
2026-02-22 17:54:44,248 - **** Certificate file (context) creation has been completed successfully ****
2026-02-22 17:54:44,406 - Content Certificate Generation Utility started (Logging to sb_content_cert.log)
2026-02-22 17:54:44,406 - Parsing config file: cert/cfg/ICVSBContent.cfg
2026-02-22 17:54:44,406 - Parsed config items:
cert-keypair:	cert/key/ICVSBContent.pem
cert-keypair-pwd:	cert/key/ICVSBContent.pwd
load-verify-scheme:	0
crypto-type:	0
aes-ce-id:	0
aes-enc-key:	cert/key/KCEICV.txt
images-table:	cert/Images.txt
nvcounter-val:	1
cert-pkg:	cert/ICVSBContent.crt
2026-02-22 17:54:44,406 - **** Creating Content Certificate ****
2026-02-22 17:54:44,410 - **** Certificate file (context) creation has been completed successfully ****
2026-02-22 17:54:44,546 - Content Certificate Generation Utility started (Logging to sb_content_cert.log)
2026-02-22 17:54:44,547 - Parsing config file: cert/cfg/ICVSBContent.cfg
2026-02-22 17:54:44,547 - Parsed config items:
cert-keypair:	cert/key/ICVSBContent.pem
cert-keypair-pwd:	cert/key/ICVSBContent.pwd
load-verify-scheme:	0
crypto-type:	0
aes-ce-id:	0
aes-enc-key:	cert/key/KCEICV.txt
images-table:	cert/Images.txt
nvcounter-val:	1
cert-pkg:	cert/ICVSBContent.crt
2026-02-22 17:54:44,547 - **** Creating Content Certificate ****
2026-02-22 17:54:44,550 - **** Certificate file (context) creation has been completed successfully ****
2026-02-22 17:54:45,025 - Content Certificate Generation Utility started (Logging to sb_content_cert.log)
2026-02-22 17:54:45,025 - Parsing config file: cert/cfg/ICVSBContent.cfg
2026-02-22 17:54:45,025 - Parsed config items:
cert-keypair:	cert/key/ICVSBContent.pem
cert-keypair-pwd:	cert/key/ICVSBContent.pwd
load-verify-scheme:	0
crypto-type:	0
aes-ce-id:	0
aes-enc-key:	cert/key/KCEICV.txt
images-table:	cert/Images.txt
nvcounter-val:	1
cert-pkg:	cert/ICVSBContent.crt
2026-02-22 17:54:45,025 - **** Creating Content Certificate ****
2026-02-22 17:54:45,028 - **** Certificate file (context) creation has been completed successfully ****
2026-02-22 17:54:45,165 - Content Certificate Generation Utility started (Logging to sb_content_cert.log)
2026-02-22 17:54:45,165 - Parsing config file: cert/cfg/ICVSBContent.cfg
2026-02-22 17:54:45,165 - Parsed config items:
cert-keypair:	cert/key/ICVSBContent.pem
cert-keypair-pwd:	cert/key/ICVSBContent.pwd
load-verify-scheme:	0
crypto-type:	0
aes-ce-id:	0
aes-enc-key:	cert/key/KCEICV.txt
images-table:	cert/Images.txt
nvcounter-val:	1
cert-pkg:	cert/ICVSBContent.crt
2026-02-22 17:54:45,166 - **** Creating Content Certificate ****
2026-02-22 17:54:45,169 - **** Certificate file (context) creation has been completed successfully ****
2026-02-22 17:55:31,523 - Content Certificate Generation Utility started (Logging to sb_content_cert.log)
2026-02-22 17:55:31,523 - Parsing config file: cert/cfg/ICVSBContent.cfg
2026-02-22 17:55:31,524 - Parsed config items:
cert-keypair:	cert/key/ICVSBContent.pem
cert-keypair-pwd:	cert/key/ICVSBContent.pwd
load-verify-scheme:	0
crypto-type:	0
aes-ce-id:	0
aes-enc-key:	cert/key/KCEICV.txt
images-table:	cert/Images.txt
nvcounter-val:	1
cert-pkg:	cert/ICVSBContent.crt
2026-02-22 17:55:31,524 - **** Creating Content Certificate ****
2026-02-22 17:55:31,527 - **** Certificate file (context) creation has been completed successfully ****
2026-02-22 17:55:31,682 - Content Certificate Generation Utility started (Logging to sb_content_cert.log)
2026-02-22 17:55:31,682 - Parsing config file: cert/cfg/ICVSBContent.cfg
2026-02-22 17:55:31,682 - Parsed config items:
cert-keypair:	cert/key/ICVSBContent.pem
cert-keypair-pwd:	cert/key/ICVSBContent.pwd
load-verify-scheme:	0
crypto-type:	0
aes-ce-id:	0
aes-enc-key:	cert/key/KCEICV.txt
images-table:	cert/Images.txt
nvcounter-val:	1
cert-pkg:	cert/ICVSBContent.crt
2026-02-22 17:55:31,682 - **** Creating Content Certificate ****
2026-02-22 17:55:31,685 - **** Certificate file (context) creation has been completed successfully ****
2026-02-22 17:55:31,916 - Content Certificate Generation Utility started (Logging to sb_content_cert.log)
2026-02-22 17:55:31,916 - Parsing config file: cert/cfg/ICVSBContent.cfg
2026-02-22 17:55:31,916 - Parsed config items:
cert-keypair:	cert/key/ICVSBContent.pem
cert-keypair-pwd:	cert/key/ICVSBContent.pwd
load-verify-scheme:	0
crypto-type:	0
aes-ce-id:	0
aes-enc-key:	cert/key/KCEICV.txt
images-table:	cert/Images.txt
nvcounter-val:	1
cert-pkg:	cert/ICVSBContent.crt
2026-02-22 17:55:31,916 - **** Creating Content Certificate ****
2026-02-22 17:55:31,920 - **** Certificate file (context) creation has been completed successfully ****
2026-02-22 17:55:32,067 - Content Certificate Generation Utility started (Logging to sb_content_cert.log)
2026-02-22 17:55:32,067 - Parsing config file: cert/cfg/ICVSBContent.cfg
2026-02-22 17:55:32,067 - Parsed config items:
cert-keypair:	cert/key/ICVSBContent.pem
cert-keypair-pwd:	cert/key/ICVSBContent.pwd
load-verify-scheme:	0
crypto-type:	0
aes-ce-id:	0
aes-enc-key:	cert/key/KCEICV.txt
images-table:	cert/Images.txt
nvcounter-val:	1
cert-pkg:	cert/ICVSBContent.crt
2026-02-22 17:55:32,067 - **** Creating Content Certificate ****
2026-02-22 17:55:32,070 - **** Certificate file (context) creation has been completed successfully ****
2026-02-22 17:55:32,589 - Content Certificate Generation Utility started (Logging to sb_content_cert.log)
2026-02-22 17:55:32,589 - Parsing config file: cert/cfg/ICVSBContent.cfg
2026-02-22 17:55:32,589 - Parsed config items:
cert-keypair:	cert/key/ICVSBContent.pem
cert-keypair-pwd:	cert/key/ICVSBContent.pwd
load-verify-scheme:	0
crypto-type:	0
aes-ce-id:	0
aes-enc-key:	cert/key/KCEICV.txt
images-table:	cert/Images.txt
nvcounter-val:	1
cert-pkg:	cert/ICVSBContent.crt
2026-02-22 17:55:32,589 - **** Creating Content Certificate ****
2026-02-22 17:55:32,593 - **** Certificate file (context) creation has been completed successfully ****
2026-02-22 17:55:32,755 - Content Certificate Generation Utility started (Logging to sb_content_cert.log)
2026-02-22 17:55:32,756 - Parsing config file: cert/cfg/ICVSBContent.cfg
2026-02-22 17:55:32,756 - Parsed config items:
cert-keypair:	cert/key/ICVSBContent.pem
cert-keypair-pwd:	cert/key/ICVSBContent.pwd
load-verify-scheme:	0
crypto-type:	0
aes-ce-id:	0
aes-enc-key:	cert/key/KCEICV.txt
images-table:	cert/Images.txt
nvcounter-val:	1
cert-pkg:	cert/ICVSBContent.crt
2026-02-22 17:55:32,756 - **** Creating Content Certificate ****
2026-02-22 17:55:32,759 - **** Certificate file (context) creation has been completed successfully ****
2026-02-22 17:56:06,196 - Content Certificate Generation Utility started (Logging to sb_content_cert.log)
2026-02-22 17:56:06,196 - Parsing config file: cert/cfg/ICVSBContent.cfg
2026-02-22 17:56:06,196 - Parsed config items:
cert-keypair:	cert/key/ICVSBContent.pem
cert-keypair-pwd:	cert/key/ICVSBContent.pwd
load-verify-scheme:	0
crypto-type:	0
aes-ce-id:	0
aes-enc-key:	cert/key/KCEICV.txt
images-table:	cert/Images.txt
nvcounter-val:	1
cert-pkg:	cert/ICVSBContent.crt
2026-02-22 17:56:06,196 - **** Creating Content Certificate ****
2026-02-22 17:56:06,200 - **** Certificate file (context) creation has been completed successfully ****
2026-02-22 17:56:06,359 - Content Certificate Generation Utility started (Logging to sb_content_cert.log)
2026-02-22 17:56:06,359 - Parsing config file: cert/cfg/ICVSBContent.cfg
2026-02-22 17:56:06,359 - Parsed config items:
cert-keypair:	cert/key/ICVSBContent.pem
cert-keypair-pwd:	cert/key/ICVSBContent.pwd
load-verify-scheme:	0
crypto-type:	0
aes-ce-id:	0
aes-enc-key:	cert/key/KCEICV.txt
images-table:	cert/Images.txt
nvcounter-val:	1
cert-pkg:	cert/ICVSBContent.crt
2026-02-22 17:56:06,359 - **** Creating Content Certificate ****
2026-02-22 17:56:06,362 - **** Certificate file (context) creation has been completed successfully ****
2026-02-22 17:56:06,564 - Content Certificate Generation Utility started (Logging to sb_content_cert.log)
2026-02-22 17:56:06,564 - Parsing config file: cert/cfg/ICVSBContent.cfg
2026-02-22 17:56:06,564 - Parsed config items:
cert-keypair:	cert/key/ICVSBContent.pem
cert-keypair-pwd:	cert/key/ICVSBContent.pwd
load-verify-scheme:	0
crypto-type:	0
aes-ce-id:	0
aes-enc-key:	cert/key/KCEICV.txt
images-table:	cert/Images.txt
nvcounter-val:	1
cert-pkg:	cert/ICVSBContent.crt
2026-02-22 17:56:06,564 - **** Creating Content Certificate ****
2026-02-22 17:56:06,567 - **** Certificate file (context) creation has been completed successfully ****
2026-02-22 17:56:06,705 - Content Certificate Generation Utility started (Logging to sb_content_cert.log)
2026-02-22 17:56:06,706 - Parsing config file: cert/cfg/ICVSBContent.cfg
2026-02-22 17:56:06,706 - Parsed config items:
cert-keypair:	cert/key/ICVSBContent.pem
cert-keypair-pwd:	cert/key/ICVSBContent.pwd
load-verify-scheme:	0
crypto-type:	0
aes-ce-id:	0
aes-enc-key:	cert/key/KCEICV.txt
images-table:	cert/Images.txt
nvcounter-val:	1
cert-pkg:	cert/ICVSBContent.crt
2026-02-22 17:56:06,706 - **** Creating Content Certificate ****
2026-02-22 17:56:06,709 - **** Certificate file (context) creation has been completed successfully ****
2026-02-22 17:56:07,227 - Content Certificate Generation Utility started (Logging to sb_content_cert.log)
2026-02-22 17:56:07,227 - Parsing config file: cert/cfg/ICVSBContent.cfg
2026-02-22 17:56:07,227 - Parsed config items:
cert-keypair:	cert/key/ICVSBContent.pem
cert-keypair-pwd:	cert/key/ICVSBContent.pwd
load-verify-scheme:	0
crypto-type:	0
aes-ce-id:	0
aes-enc-key:	cert/key/KCEICV.txt
images-table:	cert/Images.txt
nvcounter-val:	1
cert-pkg:	cert/ICVSBContent.crt
2026-02-22 17:56:07,227 - **** Creating Content Certificate ****
2026-02-22 17:56:07,232 - **** Certificate file (context) creation has been completed successfully ****
2026-02-22 17:56:07,370 - Content Certificate Generation Utility started (Logging to sb_content_cert.log)
2026-02-22 17:56:07,370 - Parsing config file: cert/cfg/ICVSBContent.cfg
2026-02-22 17:56:07,370 - Parsed config items:
cert-keypair:	cert/key/ICVSBContent.pem
cert-keypair-pwd:	cert/key/ICVSBContent.pwd
load-verify-scheme:	0
crypto-type:	0
aes-ce-id:	0
aes-enc-key:	cert/key/KCEICV.txt
images-table:	cert/Images.txt
nvcounter-val:	1
cert-pkg:	cert/ICVSBContent.crt
2026-02-22 17:56:07,371 - **** Creating Content Certificate ****
2026-02-22 17:56:07,373 - **** Certificate file (context) creation has been completed successfully ****
2026-02-22 17:56:51,284 - Content Certificate Generation Utility started (Logging to sb_content_cert.log)
2026-02-22 17:56:51,284 - Parsing config file: cert/cfg/ICVSBContent.cfg
2026-02-22 17:56:51,285 - Parsed config items:
cert-keypair:	cert/key/ICVSBContent.pem
cert-keypair-pwd:	cert/key/ICVSBContent.pwd
load-verify-scheme:	0
crypto-type:	0
aes-ce-id:	0
aes-enc-key:	cert/key/KCEICV.txt
images-table:	cert/Images.txt
nvcounter-val:	1
cert-pkg:	cert/ICVSBContent.crt
2026-02-22 17:56:51,285 - **** Creating Content Certificate ****
2026-02-22 17:56:51,288 - **** Certificate file (context) creation has been completed successfully ****
2026-02-22 17:56:51,441 - Content Certificate Generation Utility started (Logging to sb_content_cert.log)
2026-02-22 17:56:51,441 - Parsing config file: cert/cfg/ICVSBContent.cfg
2026-02-22 17:56:51,441 - Parsed config items:
cert-keypair:	cert/key/ICVSBContent.pem
cert-keypair-pwd:	cert/key/ICVSBContent.pwd
load-verify-scheme:	0
crypto-type:	0
aes-ce-id:	0
aes-enc-key:	cert/key/KCEICV.txt
images-table:	cert/Images.txt
nvcounter-val:	1
cert-pkg:	cert/ICVSBContent.crt
2026-02-22 17:56:51,442 - **** Creating Content Certificate ****
2026-02-22 17:56:51,445 - **** Certificate file (context) creation has been completed successfully ****
2026-02-22 17:56:51,622 - Content Certificate Generation Utility started (Logging to sb_content_cert.log)
2026-02-22 17:56:51,622 - Parsing config file: cert/cfg/ICVSBContent.cfg
2026-02-22 17:56:51,623 - Parsed config items:
cert-keypair:	cert/key/ICVSBContent.pem
cert-keypair-pwd:	cert/key/ICVSBContent.pwd
load-verify-scheme:	0
crypto-type:	0
aes-ce-id:	0
aes-enc-key:	cert/key/KCEICV.txt
images-table:	cert/Images.txt
nvcounter-val:	1
cert-pkg:	cert/ICVSBContent.crt
2026-02-22 17:56:51,623 - **** Creating Content Certificate ****
2026-02-22 17:56:51,626 - **** Certificate file (context) creation has been completed successfully ****
2026-02-22 17:56:51,779 - Content Certificate Generation Utility started (Logging to sb_content_cert.log)
2026-02-22 17:56:51,779 - Parsing config file: cert/cfg/ICVSBContent.cfg
2026-02-22 17:56:51,779 - Parsed config items:
cert-keypair:	cert/key/ICVSBContent.pem
cert-keypair-pwd:	cert/key/ICVSBContent.pwd
load-verify-scheme:	0
crypto-type:	0
aes-ce-id:	0
aes-enc-key:	cert/key/KCEICV.txt
images-table:	cert/Images.txt
nvcounter-val:	1
cert-pkg:	cert/ICVSBContent.crt
2026-02-22 17:56:51,779 - **** Creating Content Certificate ****
2026-02-22 17:56:51,782 - **** Certificate file (context) creation has been completed successfully ****
2026-02-22 17:56:52,325 - Content Certificate Generation Utility started (Logging to sb_content_cert.log)
2026-02-22 17:56:52,325 - Parsing config file: cert/cfg/ICVSBContent.cfg
2026-02-22 17:56:52,325 - Parsed config items:
cert-keypair:	cert/key/ICVSBContent.pem
cert-keypair-pwd:	cert/key/ICVSBContent.pwd
load-verify-scheme:	0
crypto-type:	0
aes-ce-id:	0
aes-enc-key:	cert/key/KCEICV.txt
images-table:	cert/Images.txt
nvcounter-val:	1
cert-pkg:	cert/ICVSBContent.crt
2026-02-22 17:56:52,326 - **** Creating Content Certificate ****
2026-02-22 17:56:52,328 - **** Certificate file (context) creation has been completed successfully ****
2026-02-22 17:56:52,484 - Content Certificate Generation Utility started (Logging to sb_content_cert.log)
2026-02-22 17:56:52,484 - Parsing config file: cert/cfg/ICVSBContent.cfg
2026-02-22 17:56:52,484 - Parsed config items:
cert-keypair:	cert/key/ICVSBContent.pem
cert-keypair-pwd:	cert/key/ICVSBContent.pwd
load-verify-scheme:	0
crypto-type:	0
aes-ce-id:	0
aes-enc-key:	cert/key/KCEICV.txt
images-table:	cert/Images.txt
nvcounter-val:	1
cert-pkg:	cert/ICVSBContent.crt
2026-02-22 17:56:52,484 - **** Creating Content Certificate ****
2026-02-22 17:56:52,487 - **** Certificate file (context) creation has been completed successfully ****
2026-02-22 17:57:31,161 - Content Certificate Generation Utility started (Logging to sb_content_cert.log)
2026-02-22 17:57:31,161 - Parsing config file: cert/cfg/ICVSBContent.cfg
2026-02-22 17:57:31,161 - Parsed config items:
cert-keypair:	cert/key/ICVSBContent.pem
cert-keypair-pwd:	cert/key/ICVSBContent.pwd
load-verify-scheme:	0
crypto-type:	0
aes-ce-id:	0
aes-enc-key:	cert/key/KCEICV.txt
images-table:	cert/Images.txt
nvcounter-val:	1
cert-pkg:	cert/ICVSBContent.crt
2026-02-22 17:57:31,161 - **** Creating Content Certificate ****
2026-02-22 17:57:31,164 - **** Certificate file (context) creation has been completed successfully ****
2026-02-22 17:57:31,302 - Content Certificate Generation Utility started (Logging to sb_content_cert.log)
2026-02-22 17:57:31,302 - Parsing config file: cert/cfg/ICVSBContent.cfg
2026-02-22 17:57:31,302 - Parsed config items:
cert-keypair:	cert/key/ICVSBContent.pem
cert-keypair-pwd:	cert/key/ICVSBContent.pwd
load-verify-scheme:	0
crypto-type:	0
aes-ce-id:	0
aes-enc-key:	cert/key/KCEICV.txt
images-table:	cert/Images.txt
nvcounter-val:	1
cert-pkg:	cert/ICVSBContent.crt
2026-02-22 17:57:31,302 - **** Creating Content Certificate ****
2026-02-22 17:57:31,305 - **** Certificate file (context) creation has been completed successfully ****
2026-02-22 17:57:31,462 - Content Certificate Generation Utility started (Logging to sb_content_cert.log)
2026-02-22 17:57:31,462 - Parsing config file: cert/cfg/ICVSBContent.cfg
2026-02-22 17:57:31,462 - Parsed config items:
cert-keypair:	cert/key/ICVSBContent.pem
cert-keypair-pwd:	cert/key/ICVSBContent.pwd
load-verify-scheme:	0
crypto-type:	0
aes-ce-id:	0
aes-enc-key:	cert/key/KCEICV.txt
images-table:	cert/Images.txt
nvcounter-val:	1
cert-pkg:	cert/ICVSBContent.crt
2026-02-22 17:57:31,462 - **** Creating Content Certificate ****
2026-02-22 17:57:31,465 - **** Certificate file (context) creation has been completed successfully ****
2026-02-22 17:57:31,601 - Content Certificate Generation Utility started (Logging to sb_content_cert.log)
2026-02-22 17:57:31,601 - Parsing config file: cert/cfg/ICVSBContent.cfg
2026-02-22 17:57:31,601 - Parsed config items:
cert-keypair:	cert/key/ICVSBContent.pem
cert-keypair-pwd:	cert/key/ICVSBContent.pwd
load-verify-scheme:	0
crypto-type:	0
aes-ce-id:	0
aes-enc-key:	cert/key/KCEICV.txt
images-table:	cert/Images.txt
nvcounter-val:	1
cert-pkg:	cert/ICVSBContent.crt
2026-02-22 17:57:31,602 - **** Creating Content Certificate ****
2026-02-22 17:57:31,605 - **** Certificate file (context) creation has been completed successfully ****
2026-02-22 17:57:32,094 - Content Certificate Generation Utility started (Logging to sb_content_cert.log)
2026-02-22 17:57:32,094 - Parsing config file: cert/cfg/ICVSBContent.cfg
2026-02-22 17:57:32,094 - Parsed config items:
cert-keypair:	cert/key/ICVSBContent.pem
cert-keypair-pwd:	cert/key/ICVSBContent.pwd
load-verify-scheme:	0
crypto-type:	0
aes-ce-id:	0
aes-enc-key:	cert/key/KCEICV.txt
images-table:	cert/Images.txt
nvcounter-val:	1
cert-pkg:	cert/ICVSBContent.crt
2026-02-22 17:57:32,094 - **** Creating Content Certificate ****
2026-02-22 17:57:32,097 - **** Certificate file (context) creation has been completed successfully ****
2026-02-22 17:57:32,234 - Content Certificate Generation Utility started (Logging to sb_content_cert.log)
2026-02-22 17:57:32,234 - Parsing config file: cert/cfg/ICVSBContent.cfg
2026-02-22 17:57:32,235 - Parsed config items:
cert-keypair:	cert/key/ICVSBContent.pem
cert-keypair-pwd:	cert/key/ICVSBContent.pwd
load-verify-scheme:	0
crypto-type:	0
aes-ce-id:	0
aes-enc-key:	cert/key/KCEICV.txt
images-table:	cert/Images.txt
nvcounter-val:	1
cert-pkg:	cert/ICVSBContent.crt
2026-02-22 17:57:32,235 - **** Creating Content Certificate ****
2026-02-22 17:57:32,238 - **** Certificate file (context) creation has been completed successfully ****
2026-02-22 17:58:07,040 - Content Certificate Generation Utility started (Logging to sb_content_cert.log)
2026-02-22 17:58:07,040 - Parsing config file: cert/cfg/ICVSBContent.cfg
2026-02-22 17:58:07,040 - Parsed config items:
cert-keypair:	cert/key/ICVSBContent.pem
cert-keypair-pwd:	cert/key/ICVSBContent.pwd
load-verify-scheme:	0
crypto-type:	0
aes-ce-id:	0
aes-enc-key:	cert/key/KCEICV.txt
images-table:	cert/Images.txt
nvcounter-val:	1
cert-pkg:	cert/ICVSBContent.crt
2026-02-22 17:58:07,040 - **** Creating Content Certificate ****
2026-02-22 17:58:07,043 - **** Certificate file (context) creation has been completed successfully ****
2026-02-22 17:58:07,191 - Content Certificate Generation Utility started (Logging to sb_content_cert.log)
2026-02-22 17:58:07,191 - Parsing config file: cert/cfg/ICVSBContent.cfg
2026-02-22 17:58:07,191 - Parsed config items:
cert-keypair:	cert/key/ICVSBContent.pem
cert-keypair-pwd:	cert/key/ICVSBContent.pwd
load-verify-scheme:	0
crypto-type:	0
aes-ce-id:	0
aes-enc-key:	cert/key/KCEICV.txt
images-table:	cert/Images.txt
nvcounter-val:	1
cert-pkg:	cert/ICVSBContent.crt
2026-02-22 17:58:07,191 - **** Creating Content Certificate ****
2026-02-22 17:58:07,194 - **** Certificate file (context) creation has been completed successfully ****
2026-02-22 17:58:07,414 - Content Certificate Generation Utility started (Logging to sb_content_cert.log)
2026-02-22 17:58:07,414 - Parsing config file: cert/cfg/ICVSBContent.cfg
2026-02-22 17:58:07,414 - Parsed config items:
cert-keypair:	cert/key/ICVSBContent.pem
cert-keypair-pwd:	cert/key/ICVSBContent.pwd
load-verify-scheme:	0
crypto-type:	0
aes-ce-id:	0
aes-enc-key:	cert/key/KCEICV.txt
images-table:	cert/Images.txt
nvcounter-val:	1
cert-pkg:	cert/ICVSBContent.crt
2026-02-22 17:58:07,415 - **** Creating Content Certificate ****
2026-02-22 17:58:07,418 - **** Certificate file (context) creation has been completed successfully ****
2026-02-22 17:58:07,568 - Content Certificate Generation Utility started (Logging to sb_content_cert.log)
2026-02-22 17:58:07,568 - Parsing config file: cert/cfg/ICVSBContent.cfg
2026-02-22 17:58:07,568 - Parsed config items:
cert-keypair:	cert/key/ICVSBContent.pem
cert-keypair-pwd:	cert/key/ICVSBContent.pwd
load-verify-scheme:	0
crypto-type:	0
aes-ce-id:	0
aes-enc-key:	cert/key/KCEICV.txt
images-table:	cert/Images.txt
nvcounter-val:	1
cert-pkg:	cert/ICVSBContent.crt
2026-02-22 17:58:07,568 - **** Creating Content Certificate ****
2026-02-22 17:58:07,572 - **** Certificate file (context) creation has been completed successfully ****
2026-02-22 17:58:08,093 - Content Certificate Generation Utility started (Logging to sb_content_cert.log)
2026-02-22 17:58:08,094 - Parsing config file: cert/cfg/ICVSBContent.cfg
2026-02-22 17:58:08,094 - Parsed config items:
cert-keypair:	cert/key/ICVSBContent.pem
cert-keypair-pwd:	cert/key/ICVSBContent.pwd
load-verify-scheme:	0
crypto-type:	0
aes-ce-id:	0
aes-enc-key:	cert/key/KCEICV.txt
images-table:	cert/Images.txt
nvcounter-val:	1
cert-pkg:	cert/ICVSBContent.crt
2026-02-22 17:58:08,094 - **** Creating Content Certificate ****
2026-02-22 17:58:08,097 - **** Certificate file (context) creation has been completed successfully ****
2026-02-22 17:58:08,254 - Content Certificate Generation Utility started (Logging to sb_content_cert.log)
2026-02-22 17:58:08,254 - Parsing config file: cert/cfg/ICVSBContent.cfg
2026-02-22 17:58:08,254 - Parsed config items:
cert-keypair:	cert/key/ICVSBContent.pem
cert-keypair-pwd:	cert/key/ICVSBContent.pwd
load-verify-scheme:	0
crypto-type:	0
aes-ce-id:	0
aes-enc-key:	cert/key/KCEICV.txt
images-table:	cert/Images.txt
nvcounter-val:	1
cert-pkg:	cert/ICVSBContent.crt
2026-02-22 17:58:08,255 - **** Creating Content Certificate ****
2026-02-22 17:58:08,258 - **** Certificate file (context) creation has been completed successfully ****
2026-02-22 17:58:46,022 - Content Certificate Generation Utility started (Logging to sb_content_cert.log)
2026-02-22 17:58:46,022 - Parsing config file: cert/cfg/ICVSBContent.cfg
2026-02-22 17:58:46,022 - Parsed config items:
cert-keypair:	cert/key/ICVSBContent.pem
cert-keypair-pwd:	cert/key/ICVSBContent.pwd
load-verify-scheme:	0
crypto-type:	0
aes-ce-id:	0
aes-enc-key:	cert/key/KCEICV.txt
images-table:	cert/Images.txt
nvcounter-val:	1
cert-pkg:	cert/ICVSBContent.crt
2026-02-22 17:58:46,022 - **** Creating Content Certificate ****
2026-02-22 17:58:46,025 - **** Certificate file (context) creation has been completed successfully ****
2026-02-22 17:58:46,207 - Content Certificate Generation Utility started (Logging to sb_content_cert.log)
2026-02-22 17:58:46,207 - Parsing config file: cert/cfg/ICVSBContent.cfg
2026-02-22 17:58:46,207 - Parsed config items:
cert-keypair:	cert/key/ICVSBContent.pem
cert-keypair-pwd:	cert/key/ICVSBContent.pwd
load-verify-scheme:	0
crypto-type:	0
aes-ce-id:	0
aes-enc-key:	cert/key/KCEICV.txt
images-table:	cert/Images.txt
nvcounter-val:	1
cert-pkg:	cert/ICVSBContent.crt
2026-02-22 17:58:46,207 - **** Creating Content Certificate ****
2026-02-22 17:58:46,210 - **** Certificate file (context) creation has been completed successfully ****
2026-02-22 17:58:46,380 - Content Certificate Generation Utility started (Logging to sb_content_cert.log)
2026-02-22 17:58:46,380 - Parsing config file: cert/cfg/ICVSBContent.cfg
2026-02-22 17:58:46,380 - Parsed config items:
cert-keypair:	cert/key/ICVSBContent.pem
cert-keypair-pwd:	cert/key/ICVSBContent.pwd
load-verify-scheme:	0
crypto-type:	0
aes-ce-id:	0
aes-enc-key:	cert/key/KCEICV.txt
images-table:	cert/Images.txt
nvcounter-val:	1
cert-pkg:	cert/ICVSBContent.crt
2026-02-22 17:58:46,380 - **** Creating Content Certificate ****
2026-02-22 17:58:46,384 - **** Certificate file (context) creation has been completed successfully ****
2026-02-22 17:58:46,521 - Content Certificate Generation Utility started (Logging to sb_content_cert.log)
2026-02-22 17:58:46,521 - Parsing config file: cert/cfg/ICVSBContent.cfg
2026-02-22 17:58:46,521 - Parsed config items:
cert-keypair:	cert/key/ICVSBContent.pem
cert-keypair-pwd:	cert/key/ICVSBContent.pwd
load-verify-scheme:	0
crypto-type:	0
aes-ce-id:	0
aes-enc-key:	cert/key/KCEICV.txt
images-table:	cert/Images.txt
nvcounter-val:	1
cert-pkg:	cert/ICVSBContent.crt
2026-02-22 17:58:46,521 - **** Creating Content Certificate ****
2026-02-22 17:58:46,524 - **** Certificate file (context) creation has been completed successfully ****
2026-02-22 17:58:47,000 - Content Certificate Generation Utility started (Logging to sb_content_cert.log)
2026-02-22 17:58:47,001 - Parsing config file: cert/cfg/ICVSBContent.cfg
2026-02-22 17:58:47,001 - Parsed config items:
cert-keypair:	cert/key/ICVSBContent.pem
cert-keypair-pwd:	cert/key/ICVSBContent.pwd
load-verify-scheme:	0
crypto-type:	0
aes-ce-id:	0
aes-enc-key:	cert/key/KCEICV.txt
images-table:	cert/Images.txt
nvcounter-val:	1
cert-pkg:	cert/ICVSBContent.crt
2026-02-22 17:58:47,001 - **** Creating Content Certificate ****
2026-02-22 17:58:47,005 - **** Certificate file (context) creation has been completed successfully ****
2026-02-22 17:58:47,147 - Content Certificate Generation Utility started (Logging to sb_content_cert.log)
2026-02-22 17:58:47,147 - Parsing config file: cert/cfg/ICVSBContent.cfg
2026-02-22 17:58:47,148 - Parsed config items:
cert-keypair:	cert/key/ICVSBContent.pem
cert-keypair-pwd:	cert/key/ICVSBContent.pwd
load-verify-scheme:	0
crypto-type:	0
aes-ce-id:	0
aes-enc-key:	cert/key/KCEICV.txt
images-table:	cert/Images.txt
nvcounter-val:	1
cert-pkg:	cert/ICVSBContent.crt
2026-02-22 17:58:47,148 - **** Creating Content Certificate ****
2026-02-22 17:58:47,151 - **** Certificate file (context) creation has been completed successfully ****
2026-02-22 17:59:33,796 - Content Certificate Generation Utility started (Logging to sb_content_cert.log)
2026-02-22 17:59:33,796 - Parsing config file: cert/cfg/ICVSBContent.cfg
2026-02-22 17:59:33,796 - Parsed config items:
cert-keypair:	cert/key/ICVSBContent.pem
cert-keypair-pwd:	cert/key/ICVSBContent.pwd
load-verify-scheme:	0
crypto-type:	0
aes-ce-id:	0
aes-enc-key:	cert/key/KCEICV.txt
images-table:	cert/Images.txt
nvcounter-val:	1
cert-pkg:	cert/ICVSBContent.crt
2026-02-22 17:59:33,797 - **** Creating Content Certificate ****
2026-02-22 17:59:33,800 - **** Certificate file (context) creation has been completed successfully ****
2026-02-22 17:59:33,945 - Content Certificate Generation Utility started (Logging to sb_content_cert.log)
2026-02-22 17:59:33,945 - Parsing config file: cert/cfg/ICVSBContent.cfg
2026-02-22 17:59:33,945 - Parsed config items:
cert-keypair:	cert/key/ICVSBContent.pem
cert-keypair-pwd:	cert/key/ICVSBContent.pwd
load-verify-scheme:	0
crypto-type:	0
aes-ce-id:	0
aes-enc-key:	cert/key/KCEICV.txt
images-table:	cert/Images.txt
nvcounter-val:	1
cert-pkg:	cert/ICVSBContent.crt
2026-02-22 17:59:33,945 - **** Creating Content Certificate ****
2026-02-22 17:59:33,948 - **** Certificate file (context) creation has been completed successfully ****
2026-02-22 17:59:34,130 - Content Certificate Generation Utility started (Logging to sb_content_cert.log)
2026-02-22 17:59:34,130 - Parsing config file: cert/cfg/ICVSBContent.cfg
2026-02-22 17:59:34,130 - Parsed config items:
cert-keypair:	cert/key/ICVSBContent.pem
cert-keypair-pwd:	cert/key/ICVSBContent.pwd
load-verify-scheme:	0
crypto-type:	0
aes-ce-id:	0
aes-enc-key:	cert/key/KCEICV.txt
images-table:	cert/Images.txt
nvcounter-val:	1
cert-pkg:	cert/ICVSBContent.crt
2026-02-22 17:59:34,130 - **** Creating Content Certificate ****
2026-02-22 17:59:34,134 - **** Certificate file (context) creation has been completed successfully ****
2026-02-22 17:59:34,284 - Content Certificate Generation Utility started (Logging to sb_content_cert.log)
2026-02-22 17:59:34,284 - Parsing config file: cert/cfg/ICVSBContent.cfg
2026-02-22 17:59:34,285 - Parsed config items:
cert-keypair:	cert/key/ICVSBContent.pem
cert-keypair-pwd:	cert/key/ICVSBContent.pwd
load-verify-scheme:	0
crypto-type:	0
aes-ce-id:	0
aes-enc-key:	cert/key/KCEICV.txt
images-table:	cert/Images.txt
nvcounter-val:	1
cert-pkg:	cert/ICVSBContent.crt
2026-02-22 17:59:34,285 - **** Creating Content Certificate ****
2026-02-22 17:59:34,288 - **** Certificate file (context) creation has been completed successfully ****
2026-02-22 17:59:34,833 - Content Certificate Generation Utility started (Logging to sb_content_cert.log)
2026-02-22 17:59:34,833 - Parsing config file: cert/cfg/ICVSBContent.cfg
2026-02-22 17:59:34,833 - Parsed config items:
cert-keypair:	cert/key/ICVSBContent.pem
cert-keypair-pwd:	cert/key/ICVSBContent.pwd
load-verify-scheme:	0
crypto-type:	0
aes-ce-id:	0
aes-enc-key:	cert/key/KCEICV.txt
images-table:	cert/Images.txt
nvcounter-val:	1
cert-pkg:	cert/ICVSBContent.crt
2026-02-22 17:59:34,833 - **** Creating Content Certificate ****
2026-02-22 17:59:34,837 - **** Certificate file (context) creation has been completed successfully ****
2026-02-22 17:59:34,997 - Content Certificate Generation Utility started (Logging to sb_content_cert.log)
2026-02-22 17:59:34,997 - Parsing config file: cert/cfg/ICVSBContent.cfg
2026-02-22 17:59:34,997 - Parsed config items:
cert-keypair:	cert/key/ICVSBContent.pem
cert-keypair-pwd:	cert/key/ICVSBContent.pwd
load-verify-scheme:	0
crypto-type:	0
aes-ce-id:	0
aes-enc-key:	cert/key/KCEICV.txt
images-table:	cert/Images.txt
nvcounter-val:	1
cert-pkg:	cert/ICVSBContent.crt
2026-02-22 17:59:34,997 - **** Creating Content Certificate ****
2026-02-22 17:59:35,000 - **** Certificate file (context) creation has been completed successfully ****
2026-02-22 18:00:22,454 - Content Certificate Generation Utility started (Logging to sb_content_cert.log)
2026-02-22 18:00:22,455 - Parsing config file: cert/cfg/ICVSBContent.cfg
2026-02-22 18:00:22,455 - Parsed config items:
cert-keypair:	cert/key/ICVSBContent.pem
cert-keypair-pwd:	cert/key/ICVSBContent.pwd
load-verify-scheme:	0
crypto-type:	0
aes-ce-id:	0
aes-enc-key:	cert/key/KCEICV.txt
images-table:	cert/Images.txt
nvcounter-val:	1
cert-pkg:	cert/ICVSBContent.crt
2026-02-22 18:00:22,455 - **** Creating Content Certificate ****
2026-02-22 18:00:22,458 - **** Certificate file (context) creation has been completed successfully ****
2026-02-22 18:00:22,603 - Content Certificate Generation Utility started (Logging to sb_content_cert.log)
2026-02-22 18:00:22,603 - Parsing config file: cert/cfg/ICVSBContent.cfg
2026-02-22 18:00:22,603 - Parsed config items:
cert-keypair:	cert/key/ICVSBContent.pem
cert-keypair-pwd:	cert/key/ICVSBContent.pwd
load-verify-scheme:	0
crypto-type:	0
aes-ce-id:	0
aes-enc-key:	cert/key/KCEICV.txt
images-table:	cert/Images.txt
nvcounter-val:	1
cert-pkg:	cert/ICVSBContent.crt
2026-02-22 18:00:22,603 - **** Creating Content Certificate ****
2026-02-22 18:00:22,606 - **** Certificate file (context) creation has been completed successfully ****
2026-02-22 18:00:22,773 - Content Certificate Generation Utility started (Logging to sb_content_cert.log)
2026-02-22 18:00:22,773 - Parsing config file: cert/cfg/ICVSBContent.cfg
2026-02-22 18:00:22,774 - Parsed config items:
cert-keypair:	cert/key/ICVSBContent.pem
cert-keypair-pwd:	cert/key/ICVSBContent.pwd
load-verify-scheme:	0
crypto-type:	0
aes-ce-id:	0
aes-enc-key:	cert/key/KCEICV.txt
images-table:	cert/Images.txt
nvcounter-val:	1
cert-pkg:	cert/ICVSBContent.crt
2026-02-22 18:00:22,774 - **** Creating Content Certificate ****
2026-02-22 18:00:22,777 - **** Certificate file (context) creation has been completed successfully ****
2026-02-22 18:00:22,918 - Content Certificate Generation Utility started (Logging to sb_content_cert.log)
2026-02-22 18:00:22,918 - Parsing config file: cert/cfg/ICVSBContent.cfg
2026-02-22 18:00:22,918 - Parsed config items:
cert-keypair:	cert/key/ICVSBContent.pem
cert-keypair-pwd:	cert/key/ICVSBContent.pwd
load-verify-scheme:	0
crypto-type:	0
aes-ce-id:	0
aes-enc-key:	cert/key/KCEICV.txt
images-table:	cert/Images.txt
nvcounter-val:	1
cert-pkg:	cert/ICVSBContent.crt
2026-02-22 18:00:22,918 - **** Creating Content Certificate ****
2026-02-22 18:00:22,921 - **** Certificate file (context) creation has been completed successfully ****
2026-02-22 18:00:23,449 - Content Certificate Generation Utility started (Logging to sb_content_cert.log)
2026-02-22 18:00:23,449 - Parsing config file: cert/cfg/ICVSBContent.cfg
2026-02-22 18:00:23,449 - Parsed config items:
cert-keypair:	cert/key/ICVSBContent.pem
cert-keypair-pwd:	cert/key/ICVSBContent.pwd
load-verify-scheme:	0
crypto-type:	0
aes-ce-id:	0
aes-enc-key:	cert/key/KCEICV.txt
images-table:	cert/Images.txt
nvcounter-val:	1
cert-pkg:	cert/ICVSBContent.crt
2026-02-22 18:00:23,450 - **** Creating Content Certificate ****
2026-02-22 18:00:23,453 - **** Certificate file (context) creation has been completed successfully ****
2026-02-22 18:00:23,605 - Content Certificate Generation Utility started (Logging to sb_content_cert.log)
2026-02-22 18:00:23,606 - Parsing config file: cert/cfg/ICVSBContent.cfg
2026-02-22 18:00:23,606 - Parsed config items:
cert-keypair:	cert/key/ICVSBContent.pem
cert-keypair-pwd:	cert/key/ICVSBContent.pwd
load-verify-scheme:	0
crypto-type:	0
aes-ce-id:	0
aes-enc-key:	cert/key/KCEICV.txt
images-table:	cert/Images.txt
nvcounter-val:	1
cert-pkg:	cert/ICVSBContent.crt
2026-02-22 18:00:23,606 - **** Creating Content Certificate ****
2026-02-22 18:00:23,609 - **** Certificate file (context) creation has been completed successfully ****
2026-02-22 18:21:35,421 - Content Certificate Generation Utility started (Logging to sb_content_cert.log)
2026-02-22 18:21:35,422 - Parsing config file: cert/cfg/ICVSBContent.cfg
2026-02-22 18:21:35,422 - Parsed config items:
cert-keypair:	cert/key/ICVSBContent.pem
cert-keypair-pwd:	cert/key/ICVSBContent.pwd
load-verify-scheme:	0
crypto-type:	0
aes-ce-id:	0
aes-enc-key:	cert/key/KCEICV.txt
images-table:	cert/Images.txt
nvcounter-val:	1
cert-pkg:	cert/ICVSBContent.crt
2026-02-22 18:21:35,422 - **** Creating Content Certificate ****
2026-02-22 18:21:35,426 - **** Certificate file (context) creation has been completed successfully ****
2026-02-22 18:21:35,582 - Content Certificate Generation Utility started (Logging to sb_content_cert.log)
2026-02-22 18:21:35,582 - Parsing config file: cert/cfg/ICVSBContent.cfg
2026-02-22 18:21:35,582 - Parsed config items:
cert-keypair:	cert/key/ICVSBContent.pem
cert-keypair-pwd:	cert/key/ICVSBContent.pwd
load-verify-scheme:	0
crypto-type:	0
aes-ce-id:	0
aes-enc-key:	cert/key/KCEICV.txt
images-table:	cert/Images.txt
nvcounter-val:	1
cert-pkg:	cert/ICVSBContent.crt
2026-02-22 18:21:35,582 - **** Creating Content Certificate ****
2026-02-22 18:21:35,586 - **** Certificate file (context) creation has been completed successfully ****
2026-02-22 18:21:35,764 - Content Certificate Generation Utility started (Logging to sb_content_cert.log)
2026-02-22 18:21:35,764 - Parsing config file: cert/cfg/ICVSBContent.cfg
2026-02-22 18:21:35,764 - Parsed config items:
cert-keypair:	cert/key/ICVSBContent.pem
cert-keypair-pwd:	cert/key/ICVSBContent.pwd
load-verify-scheme:	0
crypto-type:	0
aes-ce-id:	0
aes-enc-key:	cert/key/KCEICV.txt
images-table:	cert/Images.txt
nvcounter-val:	1
cert-pkg:	cert/ICVSBContent.crt
2026-02-22 18:21:35,765 - **** Creating Content Certificate ****
2026-02-22 18:21:35,768 - **** Certificate file (context) creation has been completed successfully ****
2026-02-22 18:21:35,919 - Content Certificate Generation Utility started (Logging to sb_content_cert.log)
2026-02-22 18:21:35,919 - Parsing config file: cert/cfg/ICVSBContent.cfg
2026-02-22 18:21:35,919 - Parsed config items:
cert-keypair:	cert/key/ICVSBContent.pem
cert-keypair-pwd:	cert/key/ICVSBContent.pwd
load-verify-scheme:	0
crypto-type:	0
aes-ce-id:	0
aes-enc-key:	cert/key/KCEICV.txt
images-table:	cert/Images.txt
nvcounter-val:	1
cert-pkg:	cert/ICVSBContent.crt
2026-02-22 18:21:35,919 - **** Creating Content Certificate ****
2026-02-22 18:21:35,922 - **** Certificate file (context) creation has been completed successfully ****
2026-02-22 18:21:36,438 - Content Certificate Generation Utility started (Logging to sb_content_cert.log)
2026-02-22 18:21:36,439 - Parsing config file: cert/cfg/ICVSBContent.cfg
2026-02-22 18:21:36,439 - Parsed config items:
cert-keypair:	cert/key/ICVSBContent.pem
cert-keypair-pwd:	cert/key/ICVSBContent.pwd
load-verify-scheme:	0
crypto-type:	0
aes-ce-id:	0
aes-enc-key:	cert/key/KCEICV.txt
images-table:	cert/Images.txt
nvcounter-val:	1
cert-pkg:	cert/ICVSBContent.crt
2026-02-22 18:21:36,439 - **** Creating Content Certificate ****
2026-02-22 18:21:36,441 - **** Certificate file (context) creation has been completed successfully ****
2026-02-22 18:21:36,583 - Content Certificate Generation Utility started (Logging to sb_content_cert.log)
2026-02-22 18:21:36,583 - Parsing config file: cert/cfg/ICVSBContent.cfg
2026-02-22 18:21:36,584 - Parsed config items:
cert-keypair:	cert/key/ICVSBContent.pem
cert-keypair-pwd:	cert/key/ICVSBContent.pwd
load-verify-scheme:	0
crypto-type:	0
aes-ce-id:	0
aes-enc-key:	cert/key/KCEICV.txt
images-table:	cert/Images.txt
nvcounter-val:	1
cert-pkg:	cert/ICVSBContent.crt
2026-02-22 18:21:36,584 - **** Creating Content Certificate ****
2026-02-22 18:21:36,586 - **** Certificate file (context) creation has been completed successfully ****
2026-02-22 18:57:50,244 - Content Certificate Generation Utility started (Logging to sb_content_cert.log)
2026-02-22 18:57:50,244 - Parsing config file: cert/cfg/ICVSBContent.cfg
2026-02-22 18:57:50,244 - Parsed config items:
cert-keypair:	cert/key/ICVSBContent.pem
cert-keypair-pwd:	cert/key/ICVSBContent.pwd
load-verify-scheme:	0
crypto-type:	0
aes-ce-id:	0
aes-enc-key:	cert/key/KCEICV.txt
images-table:	cert/Images.txt
nvcounter-val:	1
cert-pkg:	cert/ICVSBContent.crt
2026-02-22 18:57:50,244 - **** Creating Content Certificate ****
2026-02-22 18:57:50,247 - **** Certificate file (context) creation has been completed successfully ****
2026-02-22 18:57:50,379 - Content Certificate Generation Utility started (Logging to sb_content_cert.log)
2026-02-22 18:57:50,379 - Parsing config file: cert/cfg/ICVSBContent.cfg
2026-02-22 18:57:50,379 - Parsed config items:
cert-keypair:	cert/key/ICVSBContent.pem
cert-keypair-pwd:	cert/key/ICVSBContent.pwd
load-verify-scheme:	0
crypto-type:	0
aes-ce-id:	0
aes-enc-key:	cert/key/KCEICV.txt
images-table:	cert/Images.txt
nvcounter-val:	1
cert-pkg:	cert/ICVSBContent.crt
2026-02-22 18:57:50,380 - **** Creating Content Certificate ****
2026-02-22 18:57:50,383 - **** Certificate file (context) creation has been completed successfully ****
2026-02-22 18:57:50,547 - Content Certificate Generation Utility started (Logging to sb_content_cert.log)
2026-02-22 18:57:50,548 - Parsing config file: cert/cfg/ICVSBContent.cfg
2026-02-22 18:57:50,548 - Parsed config items:
cert-keypair:	cert/key/ICVSBContent.pem
cert-keypair-pwd:	cert/key/ICVSBContent.pwd
load-verify-scheme:	0
crypto-type:	0
aes-ce-id:	0
aes-enc-key:	cert/key/KCEICV.txt
images-table:	cert/Images.txt
nvcounter-val:	1
cert-pkg:	cert/ICVSBContent.crt
2026-02-22 18:57:50,548 - **** Creating Content Certificate ****
2026-02-22 18:57:50,551 - **** Certificate file (context) creation has been completed successfully ****
2026-02-22 18:57:50,685 - Content Certificate Generation Utility started (Logging to sb_content_cert.log)
2026-02-22 18:57:50,685 - Parsing config file: cert/cfg/ICVSBContent.cfg
2026-02-22 18:57:50,685 - Parsed config items:
cert-keypair:	cert/key/ICVSBContent.pem
cert-keypair-pwd:	cert/key/ICVSBContent.pwd
load-verify-scheme:	0
crypto-type:	0
aes-ce-id:	0
aes-enc-key:	cert/key/KCEICV.txt
images-table:	cert/Images.txt
nvcounter-val:	1
cert-pkg:	cert/ICVSBContent.crt
2026-02-22 18:57:50,685 - **** Creating Content Certificate ****
2026-02-22 18:57:50,688 - **** Certificate file (context) creation has been completed successfully ****
2026-02-22 18:57:51,184 - Content Certificate Generation Utility started (Logging to sb_content_cert.log)
2026-02-22 18:57:51,184 - Parsing config file: cert/cfg/ICVSBContent.cfg
2026-02-22 18:57:51,184 - Parsed config items:
cert-keypair:	cert/key/ICVSBContent.pem
cert-keypair-pwd:	cert/key/ICVSBContent.pwd
load-verify-scheme:	0
crypto-type:	0
aes-ce-id:	0
aes-enc-key:	cert/key/KCEICV.txt
images-table:	cert/Images.txt
nvcounter-val:	1
cert-pkg:	cert/ICVSBContent.crt
2026-02-22 18:57:51,184 - **** Creating Content Certificate ****
2026-02-22 18:57:51,187 - **** Certificate file (context) creation has been completed successfully ****
2026-02-22 18:57:51,330 - Content Certificate Generation Utility started (Logging to sb_content_cert.log)
2026-02-22 18:57:51,330 - Parsing config file: cert/cfg/ICVSBContent.cfg
2026-02-22 18:57:51,330 - Parsed config items:
cert-keypair:	cert/key/ICVSBContent.pem
cert-keypair-pwd:	cert/key/ICVSBContent.pwd
load-verify-scheme:	0
crypto-type:	0
aes-ce-id:	0
aes-enc-key:	cert/key/KCEICV.txt
images-table:	cert/Images.txt
nvcounter-val:	1
cert-pkg:	cert/ICVSBContent.crt
2026-02-22 18:57:51,330 - **** Creating Content Certificate ****
2026-02-22 18:57:51,333 - **** Certificate file (context) creation has been completed successfully ****
2026-02-22 19:03:08,038 - Content Certificate Generation Utility started (Logging to sb_content_cert.log)
2026-02-22 19:03:08,038 - Parsing config file: cert/cfg/ICVSBContent.cfg
2026-02-22 19:03:08,038 - Parsed config items:
cert-keypair:	cert/key/ICVSBContent.pem
cert-keypair-pwd:	cert/key/ICVSBContent.pwd
load-verify-scheme:	0
crypto-type:	0
aes-ce-id:	0
aes-enc-key:	cert/key/KCEICV.txt
images-table:	cert/Images.txt
nvcounter-val:	1
cert-pkg:	cert/ICVSBContent.crt
2026-02-22 19:03:08,038 - **** Creating Content Certificate ****
2026-02-22 19:03:08,041 - **** Certificate file (context) creation has been completed successfully ****
2026-02-22 19:03:08,183 - Content Certificate Generation Utility started (Logging to sb_content_cert.log)
2026-02-22 19:03:08,183 - Parsing config file: cert/cfg/ICVSBContent.cfg
2026-02-22 19:03:08,184 - Parsed config items:
cert-keypair:	cert/key/ICVSBContent.pem
cert-keypair-pwd:	cert/key/ICVSBContent.pwd
load-verify-scheme:	0
crypto-type:	0
aes-ce-id:	0
aes-enc-key:	cert/key/KCEICV.txt
images-table:	cert/Images.txt
nvcounter-val:	1
cert-pkg:	cert/ICVSBContent.crt
2026-02-22 19:03:08,184 - **** Creating Content Certificate ****
2026-02-22 19:03:08,187 - **** Certificate file (context) creation has been completed successfully ****
2026-02-22 19:03:08,352 - Content Certificate Generation Utility started (Logging to sb_content_cert.log)
2026-02-22 19:03:08,352 - Parsing config file: cert/cfg/ICVSBContent.cfg
2026-02-22 19:03:08,352 - Parsed config items:
cert-keypair:	cert/key/ICVSBContent.pem
cert-keypair-pwd:	cert/key/ICVSBContent.pwd
load-verify-scheme:	0
crypto-type:	0
aes-ce-id:	0
aes-enc-key:	cert/key/KCEICV.txt
images-table:	cert/Images.txt
nvcounter-val:	1
cert-pkg:	cert/ICVSBContent.crt
2026-02-22 19:03:08,352 - **** Creating Content Certificate ****
2026-02-22 19:03:08,355 - **** Certificate file (context) creation has been completed successfully ****
2026-02-22 19:03:08,493 - Content Certificate Generation Utility started (Logging to sb_content_cert.log)
2026-02-22 19:03:08,494 - Parsing config file: cert/cfg/ICVSBContent.cfg
2026-02-22 19:03:08,494 - Parsed config items:
cert-keypair:	cert/key/ICVSBContent.pem
cert-keypair-pwd:	cert/key/ICVSBContent.pwd
load-verify-scheme:	0
crypto-type:	0
aes-ce-id:	0
aes-enc-key:	cert/key/KCEICV.txt
images-table:	cert/Images.txt
nvcounter-val:	1
cert-pkg:	cert/ICVSBContent.crt
2026-02-22 19:03:08,494 - **** Creating Content Certificate ****
2026-02-22 19:03:08,497 - **** Certificate file (context) creation has been completed successfully ****
2026-02-22 19:03:08,990 - Content Certificate Generation Utility started (Logging to sb_content_cert.log)
2026-02-22 19:03:08,990 - Parsing config file: cert/cfg/ICVSBContent.cfg
2026-02-22 19:03:08,991 - Parsed config items:
cert-keypair:	cert/key/ICVSBContent.pem
cert-keypair-pwd:	cert/key/ICVSBContent.pwd
load-verify-scheme:	0
crypto-type:	0
aes-ce-id:	0
aes-enc-key:	cert/key/KCEICV.txt
images-table:	cert/Images.txt
nvcounter-val:	1
cert-pkg:	cert/ICVSBContent.crt
2026-02-22 19:03:08,991 - **** Creating Content Certificate ****
2026-02-22 19:03:08,993 - **** Certificate file (context) creation has been completed successfully ****
2026-02-22 19:03:09,137 - Content Certificate Generation Utility started (Logging to sb_content_cert.log)
2026-02-22 19:03:09,137 - Parsing config file: cert/cfg/ICVSBContent.cfg
2026-02-22 19:03:09,137 - Parsed config items:
cert-keypair:	cert/key/ICVSBContent.pem
cert-keypair-pwd:	cert/key/ICVSBContent.pwd
load-verify-scheme:	0
crypto-type:	0
aes-ce-id:	0
aes-enc-key:	cert/key/KCEICV.txt
images-table:	cert/Images.txt
nvcounter-val:	1
cert-pkg:	cert/ICVSBContent.crt
2026-02-22 19:03:09,138 - **** Creating Content Certificate ****
2026-02-22 19:03:09,141 - **** Certificate file (context) creation has been completed successfully ****
2026-02-22 19:07:14,852 - Content Certificate Generation Utility started (Logging to sb_content_cert.log)
2026-02-22 19:07:14,852 - Parsing config file: cert/cfg/ICVSBContent.cfg
2026-02-22 19:07:14,852 - Parsed config items:
cert-keypair:	cert/key/ICVSBContent.pem
cert-keypair-pwd:	cert/key/ICVSBContent.pwd
load-verify-scheme:	0
crypto-type:	0
aes-ce-id:	0
aes-enc-key:	cert/key/KCEICV.txt
images-table:	cert/Images.txt
nvcounter-val:	1
cert-pkg:	cert/ICVSBContent.crt
2026-02-22 19:07:14,852 - **** Creating Content Certificate ****
2026-02-22 19:07:14,855 - **** Certificate file (context) creation has been completed successfully ****
2026-02-22 19:07:14,999 - Content Certificate Generation Utility started (Logging to sb_content_cert.log)
2026-02-22 19:07:14,999 - Parsing config file: cert/cfg/ICVSBContent.cfg
2026-02-22 19:07:14,999 - Parsed config items:
cert-keypair:	cert/key/ICVSBContent.pem
cert-keypair-pwd:	cert/key/ICVSBContent.pwd
load-verify-scheme:	0
crypto-type:	0
aes-ce-id:	0
aes-enc-key:	cert/key/KCEICV.txt
images-table:	cert/Images.txt
nvcounter-val:	1
cert-pkg:	cert/ICVSBContent.crt
2026-02-22 19:07:14,999 - **** Creating Content Certificate ****
2026-02-22 19:07:15,003 - **** Certificate file (context) creation has been completed successfully ****
2026-02-22 19:07:15,172 - Content Certificate Generation Utility started (Logging to sb_content_cert.log)
2026-02-22 19:07:15,172 - Parsing config file: cert/cfg/ICVSBContent.cfg
2026-02-22 19:07:15,172 - Parsed config items:
cert-keypair:	cert/key/ICVSBContent.pem
cert-keypair-pwd:	cert/key/ICVSBContent.pwd
load-verify-scheme:	0
crypto-type:	0
aes-ce-id:	0
aes-enc-key:	cert/key/KCEICV.txt
images-table:	cert/Images.txt
nvcounter-val:	1
cert-pkg:	cert/ICVSBContent.crt
2026-02-22 19:07:15,172 - **** Creating Content Certificate ****
2026-02-22 19:07:15,176 - **** Certificate file (context) creation has been completed successfully ****
2026-02-22 19:07:15,313 - Content Certificate Generation Utility started (Logging to sb_content_cert.log)
2026-02-22 19:07:15,313 - Parsing config file: cert/cfg/ICVSBContent.cfg
2026-02-22 19:07:15,313 - Parsed config items:
cert-keypair:	cert/key/ICVSBContent.pem
cert-keypair-pwd:	cert/key/ICVSBContent.pwd
load-verify-scheme:	0
crypto-type:	0
aes-ce-id:	0
aes-enc-key:	cert/key/KCEICV.txt
images-table:	cert/Images.txt
nvcounter-val:	1
cert-pkg:	cert/ICVSBContent.crt
2026-02-22 19:07:15,313 - **** Creating Content Certificate ****
2026-02-22 19:07:15,316 - **** Certificate file (context) creation has been completed successfully ****
2026-02-22 19:07:15,852 - Content Certificate Generation Utility started (Logging to sb_content_cert.log)
2026-02-22 19:07:15,853 - Parsing config file: cert/cfg/ICVSBContent.cfg
2026-02-22 19:07:15,853 - Parsed config items:
cert-keypair:	cert/key/ICVSBContent.pem
cert-keypair-pwd:	cert/key/ICVSBContent.pwd
load-verify-scheme:	0
crypto-type:	0
aes-ce-id:	0
aes-enc-key:	cert/key/KCEICV.txt
images-table:	cert/Images.txt
nvcounter-val:	1
cert-pkg:	cert/ICVSBContent.crt
2026-02-22 19:07:15,853 - **** Creating Content Certificate ****
2026-02-22 19:07:15,858 - **** Certificate file (context) creation has been completed successfully ****
2026-02-22 19:07:16,002 - Content Certificate Generation Utility started (Logging to sb_content_cert.log)
2026-02-22 19:07:16,002 - Parsing config file: cert/cfg/ICVSBContent.cfg
2026-02-22 19:07:16,002 - Parsed config items:
cert-keypair:	cert/key/ICVSBContent.pem
cert-keypair-pwd:	cert/key/ICVSBContent.pwd
load-verify-scheme:	0
crypto-type:	0
aes-ce-id:	0
aes-enc-key:	cert/key/KCEICV.txt
images-table:	cert/Images.txt
nvcounter-val:	1
cert-pkg:	cert/ICVSBContent.crt
2026-02-22 19:07:16,002 - **** Creating Content Certificate ****
2026-02-22 19:07:16,005 - **** Certificate file (context) creation has been completed successfully ****
2026-02-22 19:15:49,572 - Content Certificate Generation Utility started (Logging to sb_content_cert.log)
2026-02-22 19:15:49,572 - Parsing config file: cert/cfg/ICVSBContent.cfg
2026-02-22 19:15:49,572 - Parsed config items:
cert-keypair:	cert/key/ICVSBContent.pem
cert-keypair-pwd:	cert/key/ICVSBContent.pwd
load-verify-scheme:	0
crypto-type:	0
aes-ce-id:	0
aes-enc-key:	cert/key/KCEICV.txt
images-table:	cert/Images.txt
nvcounter-val:	1
cert-pkg:	cert/ICVSBContent.crt
2026-02-22 19:15:49,573 - **** Creating Content Certificate ****
2026-02-22 19:15:49,575 - **** Certificate file (context) creation has been completed successfully ****
2026-02-22 19:15:49,720 - Content Certificate Generation Utility started (Logging to sb_content_cert.log)
2026-02-22 19:15:49,720 - Parsing config file: cert/cfg/ICVSBContent.cfg
2026-02-22 19:15:49,721 - Parsed config items:
cert-keypair:	cert/key/ICVSBContent.pem
cert-keypair-pwd:	cert/key/ICVSBContent.pwd
load-verify-scheme:	0
crypto-type:	0
aes-ce-id:	0
aes-enc-key:	cert/key/KCEICV.txt
images-table:	cert/Images.txt
nvcounter-val:	1
cert-pkg:	cert/ICVSBContent.crt
2026-02-22 19:15:49,721 - **** Creating Content Certificate ****
2026-02-22 19:15:49,724 - **** Certificate file (context) creation has been completed successfully ****
2026-02-22 19:15:49,890 - Content Certificate Generation Utility started (Logging to sb_content_cert.log)
2026-02-22 19:15:49,890 - Parsing config file: cert/cfg/ICVSBContent.cfg
2026-02-22 19:15:49,891 - Parsed config items:
cert-keypair:	cert/key/ICVSBContent.pem
cert-keypair-pwd:	cert/key/ICVSBContent.pwd
load-verify-scheme:	0
crypto-type:	0
aes-ce-id:	0
aes-enc-key:	cert/key/KCEICV.txt
images-table:	cert/Images.txt
nvcounter-val:	1
cert-pkg:	cert/ICVSBContent.crt
2026-02-22 19:15:49,891 - **** Creating Content Certificate ****
2026-02-22 19:15:49,894 - **** Certificate file (context) creation has been completed successfully ****
2026-02-22 19:15:50,037 - Content Certificate Generation Utility started (Logging to sb_content_cert.log)
2026-02-22 19:15:50,037 - Parsing config file: cert/cfg/ICVSBContent.cfg
2026-02-22 19:15:50,037 - Parsed config items:
cert-keypair:	cert/key/ICVSBContent.pem
cert-keypair-pwd:	cert/key/ICVSBContent.pwd
load-verify-scheme:	0
crypto-type:	0
aes-ce-id:	0
aes-enc-key:	cert/key/KCEICV.txt
images-table:	cert/Images.txt
nvcounter-val:	1
cert-pkg:	cert/ICVSBContent.crt
2026-02-22 19:15:50,038 - **** Creating Content Certificate ****
2026-02-22 19:15:50,040 - **** Certificate file (context) creation has been completed successfully ****
2026-02-22 19:15:50,558 - Content Certificate Generation Utility started (Logging to sb_content_cert.log)
2026-02-22 19:15:50,558 - Parsing config file: cert/cfg/ICVSBContent.cfg
2026-02-22 19:15:50,558 - Parsed config items:
cert-keypair:	cert/key/ICVSBContent.pem
cert-keypair-pwd:	cert/key/ICVSBContent.pwd
load-verify-scheme:	0
crypto-type:	0
aes-ce-id:	0
aes-enc-key:	cert/key/KCEICV.txt
images-table:	cert/Images.txt
nvcounter-val:	1
cert-pkg:	cert/ICVSBContent.crt
2026-02-22 19:15:50,559 - **** Creating Content Certificate ****
2026-02-22 19:15:50,561 - **** Certificate file (context) creation has been completed successfully ****
2026-02-22 19:15:50,700 - Content Certificate Generation Utility started (Logging to sb_content_cert.log)
2026-02-22 19:15:50,701 - Parsing config file: cert/cfg/ICVSBContent.cfg
2026-02-22 19:15:50,701 - Parsed config items:
cert-keypair:	cert/key/ICVSBContent.pem
cert-keypair-pwd:	cert/key/ICVSBContent.pwd
load-verify-scheme:	0
crypto-type:	0
aes-ce-id:	0
aes-enc-key:	cert/key/KCEICV.txt
images-table:	cert/Images.txt
nvcounter-val:	1
cert-pkg:	cert/ICVSBContent.crt
2026-02-22 19:15:50,701 - **** Creating Content Certificate ****
2026-02-22 19:15:50,704 - **** Certificate file (context) creation has been completed successfully ****
2026-02-22 19:19:41,758 - Content Certificate Generation Utility started (Logging to sb_content_cert.log)
2026-02-22 19:19:41,758 - Parsing config file: cert/cfg/ICVSBContent.cfg
2026-02-22 19:19:41,758 - Parsed config items:
cert-keypair:	cert/key/ICVSBContent.pem
cert-keypair-pwd:	cert/key/ICVSBContent.pwd
load-verify-scheme:	0
crypto-type:	0
aes-ce-id:	0
aes-enc-key:	cert/key/KCEICV.txt
images-table:	cert/Images.txt
nvcounter-val:	1
cert-pkg:	cert/ICVSBContent.crt
2026-02-22 19:19:41,759 - **** Creating Content Certificate ****
2026-02-22 19:19:41,762 - **** Certificate file (context) creation has been completed successfully ****
2026-02-22 19:19:41,898 - Content Certificate Generation Utility started (Logging to sb_content_cert.log)
2026-02-22 19:19:41,899 - Parsing config file: cert/cfg/ICVSBContent.cfg
2026-02-22 19:19:41,899 - Parsed config items:
cert-keypair:	cert/key/ICVSBContent.pem
cert-keypair-pwd:	cert/key/ICVSBContent.pwd
load-verify-scheme:	0
crypto-type:	0
aes-ce-id:	0
aes-enc-key:	cert/key/KCEICV.txt
images-table:	cert/Images.txt
nvcounter-val:	1
cert-pkg:	cert/ICVSBContent.crt
2026-02-22 19:19:41,899 - **** Creating Content Certificate ****
2026-02-22 19:19:41,902 - **** Certificate file (context) creation has been completed successfully ****
2026-02-22 19:19:42,065 - Content Certificate Generation Utility started (Logging to sb_content_cert.log)
2026-02-22 19:19:42,065 - Parsing config file: cert/cfg/ICVSBContent.cfg
2026-02-22 19:19:42,065 - Parsed config items:
cert-keypair:	cert/key/ICVSBContent.pem
cert-keypair-pwd:	cert/key/ICVSBContent.pwd
load-verify-scheme:	0
crypto-type:	0
aes-ce-id:	0
aes-enc-key:	cert/key/KCEICV.txt
images-table:	cert/Images.txt
nvcounter-val:	1
cert-pkg:	cert/ICVSBContent.crt
2026-02-22 19:19:42,065 - **** Creating Content Certificate ****
2026-02-22 19:19:42,068 - **** Certificate file (context) creation has been completed successfully ****
2026-02-22 19:19:42,208 - Content Certificate Generation Utility started (Logging to sb_content_cert.log)
2026-02-22 19:19:42,208 - Parsing config file: cert/cfg/ICVSBContent.cfg
2026-02-22 19:19:42,208 - Parsed config items:
cert-keypair:	cert/key/ICVSBContent.pem
cert-keypair-pwd:	cert/key/ICVSBContent.pwd
load-verify-scheme:	0
crypto-type:	0
aes-ce-id:	0
aes-enc-key:	cert/key/KCEICV.txt
images-table:	cert/Images.txt
nvcounter-val:	1
cert-pkg:	cert/ICVSBContent.crt
2026-02-22 19:19:42,209 - **** Creating Content Certificate ****
2026-02-22 19:19:42,211 - **** Certificate file (context) creation has been completed successfully ****
2026-02-22 19:19:42,706 - Content Certificate Generation Utility started (Logging to sb_content_cert.log)
2026-02-22 19:19:42,706 - Parsing config file: cert/cfg/ICVSBContent.cfg
2026-02-22 19:19:42,706 - Parsed config items:
cert-keypair:	cert/key/ICVSBContent.pem
cert-keypair-pwd:	cert/key/ICVSBContent.pwd
load-verify-scheme:	0
crypto-type:	0
aes-ce-id:	0
aes-enc-key:	cert/key/KCEICV.txt
images-table:	cert/Images.txt
nvcounter-val:	1
cert-pkg:	cert/ICVSBContent.crt
2026-02-22 19:19:42,706 - **** Creating Content Certificate ****
2026-02-22 19:19:42,709 - **** Certificate file (context) creation has been completed successfully ****
2026-02-22 19:19:42,855 - Content Certificate Generation Utility started (Logging to sb_content_cert.log)
2026-02-22 19:19:42,856 - Parsing config file: cert/cfg/ICVSBContent.cfg
2026-02-22 19:19:42,856 - Parsed config items:
cert-keypair:	cert/key/ICVSBContent.pem
cert-keypair-pwd:	cert/key/ICVSBContent.pwd
load-verify-scheme:	0
crypto-type:	0
aes-ce-id:	0
aes-enc-key:	cert/key/KCEICV.txt
images-table:	cert/Images.txt
nvcounter-val:	1
cert-pkg:	cert/ICVSBContent.crt
2026-02-22 19:19:42,856 - **** Creating Content Certificate ****
2026-02-22 19:19:42,859 - **** Certificate file (context) creation has been completed successfully ****
2026-02-22 19:21:31,430 - Content Certificate Generation Utility started (Logging to sb_content_cert.log)
2026-02-22 19:21:31,430 - Parsing config file: cert/cfg/ICVSBContent.cfg
2026-02-22 19:21:31,431 - Parsed config items:
cert-keypair:	cert/key/ICVSBContent.pem
cert-keypair-pwd:	cert/key/ICVSBContent.pwd
load-verify-scheme:	0
crypto-type:	0
aes-ce-id:	0
aes-enc-key:	cert/key/KCEICV.txt
images-table:	cert/Images.txt
nvcounter-val:	1
cert-pkg:	cert/ICVSBContent.crt
2026-02-22 19:21:31,431 - **** Creating Content Certificate ****
2026-02-22 19:21:31,435 - **** Certificate file (context) creation has been completed successfully ****
2026-02-22 19:21:31,570 - Content Certificate Generation Utility started (Logging to sb_content_cert.log)
2026-02-22 19:21:31,570 - Parsing config file: cert/cfg/ICVSBContent.cfg
2026-02-22 19:21:31,571 - Parsed config items:
cert-keypair:	cert/key/ICVSBContent.pem
cert-keypair-pwd:	cert/key/ICVSBContent.pwd
load-verify-scheme:	0
crypto-type:	0
aes-ce-id:	0
aes-enc-key:	cert/key/KCEICV.txt
images-table:	cert/Images.txt
nvcounter-val:	1
cert-pkg:	cert/ICVSBContent.crt
2026-02-22 19:21:31,571 - **** Creating Content Certificate ****
2026-02-22 19:21:31,573 - **** Certificate file (context) creation has been completed successfully ****
2026-02-22 19:21:31,728 - Content Certificate Generation Utility started (Logging to sb_content_cert.log)
2026-02-22 19:21:31,729 - Parsing config file: cert/cfg/ICVSBContent.cfg
2026-02-22 19:21:31,729 - Parsed config items:
cert-keypair:	cert/key/ICVSBContent.pem
cert-keypair-pwd:	cert/key/ICVSBContent.pwd
load-verify-scheme:	0
crypto-type:	0
aes-ce-id:	0
aes-enc-key:	cert/key/KCEICV.txt
images-table:	cert/Images.txt
nvcounter-val:	1
cert-pkg:	cert/ICVSBContent.crt
2026-02-22 19:21:31,729 - **** Creating Content Certificate ****
2026-02-22 19:21:31,732 - **** Certificate file (context) creation has been completed successfully ****
2026-02-22 19:21:31,868 - Content Certificate Generation Utility started (Logging to sb_content_cert.log)
2026-02-22 19:21:31,868 - Parsing config file: cert/cfg/ICVSBContent.cfg
2026-02-22 19:21:31,868 - Parsed config items:
cert-keypair:	cert/key/ICVSBContent.pem
cert-keypair-pwd:	cert/key/ICVSBContent.pwd
load-verify-scheme:	0
crypto-type:	0
aes-ce-id:	0
aes-enc-key:	cert/key/KCEICV.txt
images-table:	cert/Images.txt
nvcounter-val:	1
cert-pkg:	cert/ICVSBContent.crt
2026-02-22 19:21:31,868 - **** Creating Content Certificate ****
2026-02-22 19:21:31,871 - **** Certificate file (context) creation has been completed successfully ****
2026-02-22 19:21:32,368 - Content Certificate Generation Utility started (Logging to sb_content_cert.log)
2026-02-22 19:21:32,368 - Parsing config file: cert/cfg/ICVSBContent.cfg
2026-02-22 19:21:32,369 - Parsed config items:
cert-keypair:	cert/key/ICVSBContent.pem
cert-keypair-pwd:	cert/key/ICVSBContent.pwd
load-verify-scheme:	0
crypto-type:	0
aes-ce-id:	0
aes-enc-key:	cert/key/KCEICV.txt
images-table:	cert/Images.txt
nvcounter-val:	1
cert-pkg:	cert/ICVSBContent.crt
2026-02-22 19:21:32,369 - **** Creating Content Certificate ****
2026-02-22 19:21:32,371 - **** Certificate file (context) creation has been completed successfully ****
2026-02-22 19:21:32,507 - Content Certificate Generation Utility started (Logging to sb_content_cert.log)
2026-02-22 19:21:32,507 - Parsing config file: cert/cfg/ICVSBContent.cfg
2026-02-22 19:21:32,507 - Parsed config items:
cert-keypair:	cert/key/ICVSBContent.pem
cert-keypair-pwd:	cert/key/ICVSBContent.pwd
load-verify-scheme:	0
crypto-type:	0
aes-ce-id:	0
aes-enc-key:	cert/key/KCEICV.txt
images-table:	cert/Images.txt
nvcounter-val:	1
cert-pkg:	cert/ICVSBContent.crt
2026-02-22 19:21:32,507 - **** Creating Content Certificate ****
2026-02-22 19:21:32,510 - **** Certificate file (context) creation has been completed successfully ****
2026-02-22 19:22:46,520 - Content Certificate Generation Utility started (Logging to sb_content_cert.log)
2026-02-22 19:22:46,520 - Parsing config file: cert/cfg/ICVSBContent.cfg
2026-02-22 19:22:46,520 - Parsed config items:
cert-keypair:	cert/key/ICVSBContent.pem
cert-keypair-pwd:	cert/key/ICVSBContent.pwd
load-verify-scheme:	0
crypto-type:	0
aes-ce-id:	0
aes-enc-key:	cert/key/KCEICV.txt
images-table:	cert/Images.txt
nvcounter-val:	1
cert-pkg:	cert/ICVSBContent.crt
2026-02-22 19:22:46,520 - **** Creating Content Certificate ****
2026-02-22 19:22:46,523 - **** Certificate file (context) creation has been completed successfully ****
2026-02-22 19:22:46,658 - Content Certificate Generation Utility started (Logging to sb_content_cert.log)
2026-02-22 19:22:46,659 - Parsing config file: cert/cfg/ICVSBContent.cfg
2026-02-22 19:22:46,659 - Parsed config items:
cert-keypair:	cert/key/ICVSBContent.pem
cert-keypair-pwd:	cert/key/ICVSBContent.pwd
load-verify-scheme:	0
crypto-type:	0
aes-ce-id:	0
aes-enc-key:	cert/key/KCEICV.txt
images-table:	cert/Images.txt
nvcounter-val:	1
cert-pkg:	cert/ICVSBContent.crt
2026-02-22 19:22:46,659 - **** Creating Content Certificate ****
2026-02-22 19:22:46,662 - **** Certificate file (context) creation has been completed successfully ****
2026-02-22 19:22:46,821 - Content Certificate Generation Utility started (Logging to sb_content_cert.log)
2026-02-22 19:22:46,822 - Parsing config file: cert/cfg/ICVSBContent.cfg
2026-02-22 19:22:46,823 - Parsed config items:
cert-keypair:	cert/key/ICVSBContent.pem
cert-keypair-pwd:	cert/key/ICVSBContent.pwd
load-verify-scheme:	0
crypto-type:	0
aes-ce-id:	0
aes-enc-key:	cert/key/KCEICV.txt
images-table:	cert/Images.txt
nvcounter-val:	1
cert-pkg:	cert/ICVSBContent.crt
2026-02-22 19:22:46,824 - **** Creating Content Certificate ****
2026-02-22 19:22:46,827 - **** Certificate file (context) creation has been completed successfully ****
2026-02-22 19:22:46,965 - Content Certificate Generation Utility started (Logging to sb_content_cert.log)
2026-02-22 19:22:46,965 - Parsing config file: cert/cfg/ICVSBContent.cfg
2026-02-22 19:22:46,965 - Parsed config items:
cert-keypair:	cert/key/ICVSBContent.pem
cert-keypair-pwd:	cert/key/ICVSBContent.pwd
load-verify-scheme:	0
crypto-type:	0
aes-ce-id:	0
aes-enc-key:	cert/key/KCEICV.txt
images-table:	cert/Images.txt
nvcounter-val:	1
cert-pkg:	cert/ICVSBContent.crt
2026-02-22 19:22:46,965 - **** Creating Content Certificate ****
2026-02-22 19:22:46,968 - **** Certificate file (context) creation has been completed successfully ****
2026-02-22 19:22:47,464 - Content Certificate Generation Utility started (Logging to sb_content_cert.log)
2026-02-22 19:22:47,464 - Parsing config file: cert/cfg/ICVSBContent.cfg
2026-02-22 19:22:47,465 - Parsed config items:
cert-keypair:	cert/key/ICVSBContent.pem
cert-keypair-pwd:	cert/key/ICVSBContent.pwd
load-verify-scheme:	0
crypto-type:	0
aes-ce-id:	0
aes-enc-key:	cert/key/KCEICV.txt
images-table:	cert/Images.txt
nvcounter-val:	1
cert-pkg:	cert/ICVSBContent.crt
2026-02-22 19:22:47,465 - **** Creating Content Certificate ****
2026-02-22 19:22:47,467 - **** Certificate file (context) creation has been completed successfully ****
2026-02-22 19:22:47,607 - Content Certificate Generation Utility started (Logging to sb_content_cert.log)
2026-02-22 19:22:47,607 - Parsing config file: cert/cfg/ICVSBContent.cfg
2026-02-22 19:22:47,607 - Parsed config items:
cert-keypair:	cert/key/ICVSBContent.pem
cert-keypair-pwd:	cert/key/ICVSBContent.pwd
load-verify-scheme:	0
crypto-type:	0
aes-ce-id:	0
aes-enc-key:	cert/key/KCEICV.txt
images-table:	cert/Images.txt
nvcounter-val:	1
cert-pkg:	cert/ICVSBContent.crt
2026-02-22 19:22:47,607 - **** Creating Content Certificate ****
2026-02-22 19:22:47,610 - **** Certificate file (context) creation has been completed successfully ****
2026-02-22 19:37:43,171 - Content Certificate Generation Utility started (Logging to sb_content_cert.log)
2026-02-22 19:37:43,171 - Parsing config file: cert/cfg/ICVSBContent.cfg
2026-02-22 19:37:43,171 - Parsed config items:
cert-keypair:	cert/key/ICVSBContent.pem
cert-keypair-pwd:	cert/key/ICVSBContent.pwd
load-verify-scheme:	0
crypto-type:	0
aes-ce-id:	0
aes-enc-key:	cert/key/KCEICV.txt
images-table:	cert/Images.txt
nvcounter-val:	1
cert-pkg:	cert/ICVSBContent.crt
2026-02-22 19:37:43,171 - **** Creating Content Certificate ****
2026-02-22 19:37:43,175 - **** Certificate file (context) creation has been completed successfully ****
2026-02-22 19:37:43,312 - Content Certificate Generation Utility started (Logging to sb_content_cert.log)
2026-02-22 19:37:43,312 - Parsing config file: cert/cfg/ICVSBContent.cfg
2026-02-22 19:37:43,312 - Parsed config items:
cert-keypair:	cert/key/ICVSBContent.pem
cert-keypair-pwd:	cert/key/ICVSBContent.pwd
load-verify-scheme:	0
crypto-type:	0
aes-ce-id:	0
aes-enc-key:	cert/key/KCEICV.txt
images-table:	cert/Images.txt
nvcounter-val:	1
cert-pkg:	cert/ICVSBContent.crt
2026-02-22 19:37:43,312 - **** Creating Content Certificate ****
2026-02-22 19:37:43,316 - **** Certificate file (context) creation has been completed successfully ****
2026-02-22 19:37:43,475 - Content Certificate Generation Utility started (Logging to sb_content_cert.log)
2026-02-22 19:37:43,476 - Parsing config file: cert/cfg/ICVSBContent.cfg
2026-02-22 19:37:43,476 - Parsed config items:
cert-keypair:	cert/key/ICVSBContent.pem
cert-keypair-pwd:	cert/key/ICVSBContent.pwd
load-verify-scheme:	0
crypto-type:	0
aes-ce-id:	0
aes-enc-key:	cert/key/KCEICV.txt
images-table:	cert/Images.txt
nvcounter-val:	1
cert-pkg:	cert/ICVSBContent.crt
2026-02-22 19:37:43,476 - **** Creating Content Certificate ****
2026-02-22 19:37:43,479 - **** Certificate file (context) creation has been completed successfully ****
2026-02-22 19:37:43,620 - Content Certificate Generation Utility started (Logging to sb_content_cert.log)
2026-02-22 19:37:43,620 - Parsing config file: cert/cfg/ICVSBContent.cfg
2026-02-22 19:37:43,620 - Parsed config items:
cert-keypair:	cert/key/ICVSBContent.pem
cert-keypair-pwd:	cert/key/ICVSBContent.pwd
load-verify-scheme:	0
crypto-type:	0
aes-ce-id:	0
aes-enc-key:	cert/key/KCEICV.txt
images-table:	cert/Images.txt
nvcounter-val:	1
cert-pkg:	cert/ICVSBContent.crt
2026-02-22 19:37:43,620 - **** Creating Content Certificate ****
2026-02-22 19:37:43,623 - **** Certificate file (context) creation has been completed successfully ****
2026-02-22 19:37:44,140 - Content Certificate Generation Utility started (Logging to sb_content_cert.log)
2026-02-22 19:37:44,140 - Parsing config file: cert/cfg/ICVSBContent.cfg
2026-02-22 19:37:44,140 - Parsed config items:
cert-keypair:	cert/key/ICVSBContent.pem
cert-keypair-pwd:	cert/key/ICVSBContent.pwd
load-verify-scheme:	0
crypto-type:	0
aes-ce-id:	0
aes-enc-key:	cert/key/KCEICV.txt
images-table:	cert/Images.txt
nvcounter-val:	1
cert-pkg:	cert/ICVSBContent.crt
2026-02-22 19:37:44,141 - **** Creating Content Certificate ****
2026-02-22 19:37:44,143 - **** Certificate file (context) creation has been completed successfully ****
2026-02-22 19:37:44,291 - Content Certificate Generation Utility started (Logging to sb_content_cert.log)
2026-02-22 19:37:44,292 - Parsing config file: cert/cfg/ICVSBContent.cfg
2026-02-22 19:37:44,292 - Parsed config items:
cert-keypair:	cert/key/ICVSBContent.pem
cert-keypair-pwd:	cert/key/ICVSBContent.pwd
load-verify-scheme:	0
crypto-type:	0
aes-ce-id:	0
aes-enc-key:	cert/key/KCEICV.txt
images-table:	cert/Images.txt
nvcounter-val:	1
cert-pkg:	cert/ICVSBContent.crt
2026-02-22 19:37:44,292 - **** Creating Content Certificate ****
2026-02-22 19:37:44,294 - **** Certificate file (context) creation has been completed successfully ****
2026-02-22 19:55:27,066 - Content Certificate Generation Utility started (Logging to sb_content_cert.log)
2026-02-22 19:55:27,066 - Parsing config file: cert/cfg/ICVSBContent.cfg
2026-02-22 19:55:27,066 - Parsed config items:
cert-keypair:	cert/key/ICVSBContent.pem
cert-keypair-pwd:	cert/key/ICVSBContent.pwd
load-verify-scheme:	0
crypto-type:	0
aes-ce-id:	0
aes-enc-key:	cert/key/KCEICV.txt
images-table:	cert/Images.txt
nvcounter-val:	1
cert-pkg:	cert/ICVSBContent.crt
2026-02-22 19:55:27,067 - **** Creating Content Certificate ****
2026-02-22 19:55:27,070 - **** Certificate file (context) creation has been completed successfully ****
2026-02-22 19:55:27,205 - Content Certificate Generation Utility started (Logging to sb_content_cert.log)
2026-02-22 19:55:27,205 - Parsing config file: cert/cfg/ICVSBContent.cfg
2026-02-22 19:55:27,206 - Parsed config items:
cert-keypair:	cert/key/ICVSBContent.pem
cert-keypair-pwd:	cert/key/ICVSBContent.pwd
load-verify-scheme:	0
crypto-type:	0
aes-ce-id:	0
aes-enc-key:	cert/key/KCEICV.txt
images-table:	cert/Images.txt
nvcounter-val:	1
cert-pkg:	cert/ICVSBContent.crt
2026-02-22 19:55:27,206 - **** Creating Content Certificate ****
2026-02-22 19:55:27,209 - **** Certificate file (context) creation has been completed successfully ****
2026-02-22 19:55:27,373 - Content Certificate Generation Utility started (Logging to sb_content_cert.log)
2026-02-22 19:55:27,373 - Parsing config file: cert/cfg/ICVSBContent.cfg
2026-02-22 19:55:27,373 - Parsed config items:
cert-keypair:	cert/key/ICVSBContent.pem
cert-keypair-pwd:	cert/key/ICVSBContent.pwd
load-verify-scheme:	0
crypto-type:	0
aes-ce-id:	0
aes-enc-key:	cert/key/KCEICV.txt
images-table:	cert/Images.txt
nvcounter-val:	1
cert-pkg:	cert/ICVSBContent.crt
2026-02-22 19:55:27,373 - **** Creating Content Certificate ****
2026-02-22 19:55:27,376 - **** Certificate file (context) creation has been completed successfully ****
2026-02-22 19:55:27,510 - Content Certificate Generation Utility started (Logging to sb_content_cert.log)
2026-02-22 19:55:27,510 - Parsing config file: cert/cfg/ICVSBContent.cfg
2026-02-22 19:55:27,511 - Parsed config items:
cert-keypair:	cert/key/ICVSBContent.pem
cert-keypair-pwd:	cert/key/ICVSBContent.pwd
load-verify-scheme:	0
crypto-type:	0
aes-ce-id:	0
aes-enc-key:	cert/key/KCEICV.txt
images-table:	cert/Images.txt
nvcounter-val:	1
cert-pkg:	cert/ICVSBContent.crt
2026-02-22 19:55:27,511 - **** Creating Content Certificate ****
2026-02-22 19:55:27,513 - **** Certificate file (context) creation has been completed successfully ****
2026-02-22 19:55:28,004 - Content Certificate Generation Utility started (Logging to sb_content_cert.log)
2026-02-22 19:55:28,004 - Parsing config file: cert/cfg/ICVSBContent.cfg
2026-02-22 19:55:28,004 - Parsed config items:
cert-keypair:	cert/key/ICVSBContent.pem
cert-keypair-pwd:	cert/key/ICVSBContent.pwd
load-verify-scheme:	0
crypto-type:	0
aes-ce-id:	0
aes-enc-key:	cert/key/KCEICV.txt
images-table:	cert/Images.txt
nvcounter-val:	1
cert-pkg:	cert/ICVSBContent.crt
2026-02-22 19:55:28,004 - **** Creating Content Certificate ****
2026-02-22 19:55:28,007 - **** Certificate file (context) creation has been completed successfully ****
2026-02-22 19:55:28,147 - Content Certificate Generation Utility started (Logging to sb_content_cert.log)
2026-02-22 19:55:28,147 - Parsing config file: cert/cfg/ICVSBContent.cfg
2026-02-22 19:55:28,147 - Parsed config items:
cert-keypair:	cert/key/ICVSBContent.pem
cert-keypair-pwd:	cert/key/ICVSBContent.pwd
load-verify-scheme:	0
crypto-type:	0
aes-ce-id:	0
aes-enc-key:	cert/key/KCEICV.txt
images-table:	cert/Images.txt
nvcounter-val:	1
cert-pkg:	cert/ICVSBContent.crt
2026-02-22 19:55:28,147 - **** Creating Content Certificate ****
2026-02-22 19:55:28,150 - **** Certificate file (context) creation has been completed successfully ****
2026-02-22 20:07:19,696 - Content Certificate Generation Utility started (Logging to sb_content_cert.log)
2026-02-22 20:07:19,697 - Parsing config file: cert/cfg/ICVSBContent.cfg
2026-02-22 20:07:19,697 - Parsed config items:
cert-keypair:	cert/key/ICVSBContent.pem
cert-keypair-pwd:	cert/key/ICVSBContent.pwd
load-verify-scheme:	0
crypto-type:	0
aes-ce-id:	0
aes-enc-key:	cert/key/KCEICV.txt
images-table:	cert/Images.txt
nvcounter-val:	1
cert-pkg:	cert/ICVSBContent.crt
2026-02-22 20:07:19,697 - **** Creating Content Certificate ****
2026-02-22 20:07:19,701 - **** Certificate file (context) creation has been completed successfully ****
2026-02-22 20:07:19,835 - Content Certificate Generation Utility started (Logging to sb_content_cert.log)
2026-02-22 20:07:19,835 - Parsing config file: cert/cfg/ICVSBContent.cfg
2026-02-22 20:07:19,835 - Parsed config items:
cert-keypair:	cert/key/ICVSBContent.pem
cert-keypair-pwd:	cert/key/ICVSBContent.pwd
load-verify-scheme:	0
crypto-type:	0
aes-ce-id:	0
aes-enc-key:	cert/key/KCEICV.txt
images-table:	cert/Images.txt
nvcounter-val:	1
cert-pkg:	cert/ICVSBContent.crt
2026-02-22 20:07:19,835 - **** Creating Content Certificate ****
2026-02-22 20:07:19,838 - **** Certificate file (context) creation has been completed successfully ****
2026-02-22 20:07:20,002 - Content Certificate Generation Utility started (Logging to sb_content_cert.log)
2026-02-22 20:07:20,003 - Parsing config file: cert/cfg/ICVSBContent.cfg
2026-02-22 20:07:20,003 - Parsed config items:
cert-keypair:	cert/key/ICVSBContent.pem
cert-keypair-pwd:	cert/key/ICVSBContent.pwd
load-verify-scheme:	0
crypto-type:	0
aes-ce-id:	0
aes-enc-key:	cert/key/KCEICV.txt
images-table:	cert/Images.txt
nvcounter-val:	1
cert-pkg:	cert/ICVSBContent.crt
2026-02-22 20:07:20,003 - **** Creating Content Certificate ****
2026-02-22 20:07:20,006 - **** Certificate file (context) creation has been completed successfully ****
2026-02-22 20:07:20,146 - Content Certificate Generation Utility started (Logging to sb_content_cert.log)
2026-02-22 20:07:20,146 - Parsing config file: cert/cfg/ICVSBContent.cfg
2026-02-22 20:07:20,146 - Parsed config items:
cert-keypair:	cert/key/ICVSBContent.pem
cert-keypair-pwd:	cert/key/ICVSBContent.pwd
load-verify-scheme:	0
crypto-type:	0
aes-ce-id:	0
aes-enc-key:	cert/key/KCEICV.txt
images-table:	cert/Images.txt
nvcounter-val:	1
cert-pkg:	cert/ICVSBContent.crt
2026-02-22 20:07:20,147 - **** Creating Content Certificate ****
2026-02-22 20:07:20,149 - **** Certificate file (context) creation has been completed successfully ****
2026-02-22 20:07:20,643 - Content Certificate Generation Utility started (Logging to sb_content_cert.log)
2026-02-22 20:07:20,643 - Parsing config file: cert/cfg/ICVSBContent.cfg
2026-02-22 20:07:20,644 - Parsed config items:
cert-keypair:	cert/key/ICVSBContent.pem
cert-keypair-pwd:	cert/key/ICVSBContent.pwd
load-verify-scheme:	0
crypto-type:	0
aes-ce-id:	0
aes-enc-key:	cert/key/KCEICV.txt
images-table:	cert/Images.txt
nvcounter-val:	1
cert-pkg:	cert/ICVSBContent.crt
2026-02-22 20:07:20,644 - **** Creating Content Certificate ****
2026-02-22 20:07:20,647 - **** Certificate file (context) creation has been completed successfully ****
2026-02-22 20:07:20,792 - Content Certificate Generation Utility started (Logging to sb_content_cert.log)
2026-02-22 20:07:20,792 - Parsing config file: cert/cfg/ICVSBContent.cfg
2026-02-22 20:07:20,792 - Parsed config items:
cert-keypair:	cert/key/ICVSBContent.pem
cert-keypair-pwd:	cert/key/ICVSBContent.pwd
load-verify-scheme:	0
crypto-type:	0
aes-ce-id:	0
aes-enc-key:	cert/key/KCEICV.txt
images-table:	cert/Images.txt
nvcounter-val:	1
cert-pkg:	cert/ICVSBContent.crt
2026-02-22 20:07:20,793 - **** Creating Content Certificate ****
2026-02-22 20:07:20,795 - **** Certificate file (context) creation has been completed successfully ****
2026-02-22 20:12:53,827 - Content Certificate Generation Utility started (Logging to sb_content_cert.log)
2026-02-22 20:12:53,827 - Parsing config file: cert/cfg/ICVSBContent.cfg
2026-02-22 20:12:53,827 - Parsed config items:
cert-keypair:	cert/key/ICVSBContent.pem
cert-keypair-pwd:	cert/key/ICVSBContent.pwd
load-verify-scheme:	0
crypto-type:	0
aes-ce-id:	0
aes-enc-key:	cert/key/KCEICV.txt
images-table:	cert/Images.txt
nvcounter-val:	1
cert-pkg:	cert/ICVSBContent.crt
2026-02-22 20:12:53,827 - **** Creating Content Certificate ****
2026-02-22 20:12:53,830 - **** Certificate file (context) creation has been completed successfully ****
2026-02-22 20:12:53,964 - Content Certificate Generation Utility started (Logging to sb_content_cert.log)
2026-02-22 20:12:53,964 - Parsing config file: cert/cfg/ICVSBContent.cfg
2026-02-22 20:12:53,964 - Parsed config items:
cert-keypair:	cert/key/ICVSBContent.pem
cert-keypair-pwd:	cert/key/ICVSBContent.pwd
load-verify-scheme:	0
crypto-type:	0
aes-ce-id:	0
aes-enc-key:	cert/key/KCEICV.txt
images-table:	cert/Images.txt
nvcounter-val:	1
cert-pkg:	cert/ICVSBContent.crt
2026-02-22 20:12:53,965 - **** Creating Content Certificate ****
2026-02-22 20:12:53,968 - **** Certificate file (context) creation has been completed successfully ****
2026-02-22 20:12:54,140 - Content Certificate Generation Utility started (Logging to sb_content_cert.log)
2026-02-22 20:12:54,140 - Parsing config file: cert/cfg/ICVSBContent.cfg
2026-02-22 20:12:54,140 - Parsed config items:
cert-keypair:	cert/key/ICVSBContent.pem
cert-keypair-pwd:	cert/key/ICVSBContent.pwd
load-verify-scheme:	0
crypto-type:	0
aes-ce-id:	0
aes-enc-key:	cert/key/KCEICV.txt
images-table:	cert/Images.txt
nvcounter-val:	1
cert-pkg:	cert/ICVSBContent.crt
2026-02-22 20:12:54,140 - **** Creating Content Certificate ****
2026-02-22 20:12:54,143 - **** Certificate file (context) creation has been completed successfully ****
2026-02-22 20:12:54,279 - Content Certificate Generation Utility started (Logging to sb_content_cert.log)
2026-02-22 20:12:54,279 - Parsing config file: cert/cfg/ICVSBContent.cfg
2026-02-22 20:12:54,279 - Parsed config items:
cert-keypair:	cert/key/ICVSBContent.pem
cert-keypair-pwd:	cert/key/ICVSBContent.pwd
load-verify-scheme:	0
crypto-type:	0
aes-ce-id:	0
aes-enc-key:	cert/key/KCEICV.txt
images-table:	cert/Images.txt
nvcounter-val:	1
cert-pkg:	cert/ICVSBContent.crt
2026-02-22 20:12:54,279 - **** Creating Content Certificate ****
2026-02-22 20:12:54,282 - **** Certificate file (context) creation has been completed successfully ****
2026-02-22 20:12:54,784 - Content Certificate Generation Utility started (Logging to sb_content_cert.log)
2026-02-22 20:12:54,784 - Parsing config file: cert/cfg/ICVSBContent.cfg
2026-02-22 20:12:54,784 - Parsed config items:
cert-keypair:	cert/key/ICVSBContent.pem
cert-keypair-pwd:	cert/key/ICVSBContent.pwd
load-verify-scheme:	0
crypto-type:	0
aes-ce-id:	0
aes-enc-key:	cert/key/KCEICV.txt
images-table:	cert/Images.txt
nvcounter-val:	1
cert-pkg:	cert/ICVSBContent.crt
2026-02-22 20:12:54,784 - **** Creating Content Certificate ****
2026-02-22 20:12:54,788 - **** Certificate file (context) creation has been completed successfully ****
2026-02-22 20:12:54,928 - Content Certificate Generation Utility started (Logging to sb_content_cert.log)
2026-02-22 20:12:54,928 - Parsing config file: cert/cfg/ICVSBContent.cfg
2026-02-22 20:12:54,929 - Parsed config items:
cert-keypair:	cert/key/ICVSBContent.pem
cert-keypair-pwd:	cert/key/ICVSBContent.pwd
load-verify-scheme:	0
crypto-type:	0
aes-ce-id:	0
aes-enc-key:	cert/key/KCEICV.txt
images-table:	cert/Images.txt
nvcounter-val:	1
cert-pkg:	cert/ICVSBContent.crt
2026-02-22 20:12:54,929 - **** Creating Content Certificate ****
2026-02-22 20:12:54,931 - **** Certificate file (context) creation has been completed successfully ****
2026-02-22 20:18:56,670 - Content Certificate Generation Utility started (Logging to sb_content_cert.log)
2026-02-22 20:18:56,670 - Parsing config file: cert/cfg/ICVSBContent.cfg
2026-02-22 20:18:56,670 - Parsed config items:
cert-keypair:	cert/key/ICVSBContent.pem
cert-keypair-pwd:	cert/key/ICVSBContent.pwd
load-verify-scheme:	0
crypto-type:	0
aes-ce-id:	0
aes-enc-key:	cert/key/KCEICV.txt
images-table:	cert/Images.txt
nvcounter-val:	1
cert-pkg:	cert/ICVSBContent.crt
2026-02-22 20:18:56,670 - **** Creating Content Certificate ****
2026-02-22 20:18:56,674 - **** Certificate file (context) creation has been completed successfully ****
2026-02-22 20:18:56,811 - Content Certificate Generation Utility started (Logging to sb_content_cert.log)
2026-02-22 20:18:56,811 - Parsing config file: cert/cfg/ICVSBContent.cfg
2026-02-22 20:18:56,811 - Parsed config items:
cert-keypair:	cert/key/ICVSBContent.pem
cert-keypair-pwd:	cert/key/ICVSBContent.pwd
load-verify-scheme:	0
crypto-type:	0
aes-ce-id:	0
aes-enc-key:	cert/key/KCEICV.txt
images-table:	cert/Images.txt
nvcounter-val:	1
cert-pkg:	cert/ICVSBContent.crt
2026-02-22 20:18:56,811 - **** Creating Content Certificate ****
2026-02-22 20:18:56,815 - **** Certificate file (context) creation has been completed successfully ****
2026-02-22 20:18:56,974 - Content Certificate Generation Utility started (Logging to sb_content_cert.log)
2026-02-22 20:18:56,974 - Parsing config file: cert/cfg/ICVSBContent.cfg
2026-02-22 20:18:56,974 - Parsed config items:
cert-keypair:	cert/key/ICVSBContent.pem
cert-keypair-pwd:	cert/key/ICVSBContent.pwd
load-verify-scheme:	0
crypto-type:	0
aes-ce-id:	0
aes-enc-key:	cert/key/KCEICV.txt
images-table:	cert/Images.txt
nvcounter-val:	1
cert-pkg:	cert/ICVSBContent.crt
2026-02-22 20:18:56,974 - **** Creating Content Certificate ****
2026-02-22 20:18:56,978 - **** Certificate file (context) creation has been completed successfully ****
2026-02-22 20:18:57,116 - Content Certificate Generation Utility started (Logging to sb_content_cert.log)
2026-02-22 20:18:57,116 - Parsing config file: cert/cfg/ICVSBContent.cfg
2026-02-22 20:18:57,116 - Parsed config items:
cert-keypair:	cert/key/ICVSBContent.pem
cert-keypair-pwd:	cert/key/ICVSBContent.pwd
load-verify-scheme:	0
crypto-type:	0
aes-ce-id:	0
aes-enc-key:	cert/key/KCEICV.txt
images-table:	cert/Images.txt
nvcounter-val:	1
cert-pkg:	cert/ICVSBContent.crt
2026-02-22 20:18:57,117 - **** Creating Content Certificate ****
2026-02-22 20:18:57,119 - **** Certificate file (context) creation has been completed successfully ****
2026-02-22 20:18:57,621 - Content Certificate Generation Utility started (Logging to sb_content_cert.log)
2026-02-22 20:18:57,621 - Parsing config file: cert/cfg/ICVSBContent.cfg
2026-02-22 20:18:57,621 - Parsed config items:
cert-keypair:	cert/key/ICVSBContent.pem
cert-keypair-pwd:	cert/key/ICVSBContent.pwd
load-verify-scheme:	0
crypto-type:	0
aes-ce-id:	0
aes-enc-key:	cert/key/KCEICV.txt
images-table:	cert/Images.txt
nvcounter-val:	1
cert-pkg:	cert/ICVSBContent.crt
2026-02-22 20:18:57,621 - **** Creating Content Certificate ****
2026-02-22 20:18:57,624 - **** Certificate file (context) creation has been completed successfully ****
2026-02-22 20:18:57,763 - Content Certificate Generation Utility started (Logging to sb_content_cert.log)
2026-02-22 20:18:57,763 - Parsing config file: cert/cfg/ICVSBContent.cfg
2026-02-22 20:18:57,763 - Parsed config items:
cert-keypair:	cert/key/ICVSBContent.pem
cert-keypair-pwd:	cert/key/ICVSBContent.pwd
load-verify-scheme:	0
crypto-type:	0
aes-ce-id:	0
aes-enc-key:	cert/key/KCEICV.txt
images-table:	cert/Images.txt
nvcounter-val:	1
cert-pkg:	cert/ICVSBContent.crt
2026-02-22 20:18:57,764 - **** Creating Content Certificate ****
2026-02-22 20:18:57,766 - **** Certificate file (context) creation has been completed successfully ****
2026-02-22 20:20:27,422 - Content Certificate Generation Utility started (Logging to sb_content_cert.log)
2026-02-22 20:20:27,422 - Parsing config file: cert/cfg/ICVSBContent.cfg
2026-02-22 20:20:27,422 - Parsed config items:
cert-keypair:	cert/key/ICVSBContent.pem
cert-keypair-pwd:	cert/key/ICVSBContent.pwd
load-verify-scheme:	0
crypto-type:	0
aes-ce-id:	0
aes-enc-key:	cert/key/KCEICV.txt
images-table:	cert/Images.txt
nvcounter-val:	1
cert-pkg:	cert/ICVSBContent.crt
2026-02-22 20:20:27,423 - **** Creating Content Certificate ****
2026-02-22 20:20:27,425 - **** Certificate file (context) creation has been completed successfully ****
2026-02-22 20:20:27,570 - Content Certificate Generation Utility started (Logging to sb_content_cert.log)
2026-02-22 20:20:27,570 - Parsing config file: cert/cfg/ICVSBContent.cfg
2026-02-22 20:20:27,571 - Parsed config items:
cert-keypair:	cert/key/ICVSBContent.pem
cert-keypair-pwd:	cert/key/ICVSBContent.pwd
load-verify-scheme:	0
crypto-type:	0
aes-ce-id:	0
aes-enc-key:	cert/key/KCEICV.txt
images-table:	cert/Images.txt
nvcounter-val:	1
cert-pkg:	cert/ICVSBContent.crt
2026-02-22 20:20:27,571 - **** Creating Content Certificate ****
2026-02-22 20:20:27,574 - **** Certificate file (context) creation has been completed successfully ****
2026-02-22 20:20:27,737 - Content Certificate Generation Utility started (Logging to sb_content_cert.log)
2026-02-22 20:20:27,737 - Parsing config file: cert/cfg/ICVSBContent.cfg
2026-02-22 20:20:27,737 - Parsed config items:
cert-keypair:	cert/key/ICVSBContent.pem
cert-keypair-pwd:	cert/key/ICVSBContent.pwd
load-verify-scheme:	0
crypto-type:	0
aes-ce-id:	0
aes-enc-key:	cert/key/KCEICV.txt
images-table:	cert/Images.txt
nvcounter-val:	1
cert-pkg:	cert/ICVSBContent.crt
2026-02-22 20:20:27,737 - **** Creating Content Certificate ****
2026-02-22 20:20:27,740 - **** Certificate file (context) creation has been completed successfully ****
2026-02-22 20:20:27,885 - Content Certificate Generation Utility started (Logging to sb_content_cert.log)
2026-02-22 20:20:27,885 - Parsing config file: cert/cfg/ICVSBContent.cfg
2026-02-22 20:20:27,885 - Parsed config items:
cert-keypair:	cert/key/ICVSBContent.pem
cert-keypair-pwd:	cert/key/ICVSBContent.pwd
load-verify-scheme:	0
crypto-type:	0
aes-ce-id:	0
aes-enc-key:	cert/key/KCEICV.txt
images-table:	cert/Images.txt
nvcounter-val:	1
cert-pkg:	cert/ICVSBContent.crt
2026-02-22 20:20:27,886 - **** Creating Content Certificate ****
2026-02-22 20:20:27,889 - **** Certificate file (context) creation has been completed successfully ****
2026-02-22 20:20:28,403 - Content Certificate Generation Utility started (Logging to sb_content_cert.log)
2026-02-22 20:20:28,404 - Parsing config file: cert/cfg/ICVSBContent.cfg
2026-02-22 20:20:28,404 - Parsed config items:
cert-keypair:	cert/key/ICVSBContent.pem
cert-keypair-pwd:	cert/key/ICVSBContent.pwd
load-verify-scheme:	0
crypto-type:	0
aes-ce-id:	0
aes-enc-key:	cert/key/KCEICV.txt
images-table:	cert/Images.txt
nvcounter-val:	1
cert-pkg:	cert/ICVSBContent.crt
2026-02-22 20:20:28,404 - **** Creating Content Certificate ****
2026-02-22 20:20:28,407 - **** Certificate file (context) creation has been completed successfully ****
2026-02-22 20:20:28,565 - Content Certificate Generation Utility started (Logging to sb_content_cert.log)
2026-02-22 20:20:28,566 - Parsing config file: cert/cfg/ICVSBContent.cfg
2026-02-22 20:20:28,566 - Parsed config items:
cert-keypair:	cert/key/ICVSBContent.pem
cert-keypair-pwd:	cert/key/ICVSBContent.pwd
load-verify-scheme:	0
crypto-type:	0
aes-ce-id:	0
aes-enc-key:	cert/key/KCEICV.txt
images-table:	cert/Images.txt
nvcounter-val:	1
cert-pkg:	cert/ICVSBContent.crt
2026-02-22 20:20:28,566 - **** Creating Content Certificate ****
2026-02-22 20:20:28,569 - **** Certificate file (context) creation has been completed successfully ****
2026-02-22 20:21:31,076 - Content Certificate Generation Utility started (Logging to sb_content_cert.log)
2026-02-22 20:21:31,077 - Parsing config file: cert/cfg/ICVSBContent.cfg
2026-02-22 20:21:31,077 - Parsed config items:
cert-keypair:	cert/key/ICVSBContent.pem
cert-keypair-pwd:	cert/key/ICVSBContent.pwd
load-verify-scheme:	0
crypto-type:	0
aes-ce-id:	0
aes-enc-key:	cert/key/KCEICV.txt
images-table:	cert/Images.txt
nvcounter-val:	1
cert-pkg:	cert/ICVSBContent.crt
2026-02-22 20:21:31,077 - **** Creating Content Certificate ****
2026-02-22 20:21:31,081 - **** Certificate file (context) creation has been completed successfully ****
2026-02-22 20:21:31,221 - Content Certificate Generation Utility started (Logging to sb_content_cert.log)
2026-02-22 20:21:31,221 - Parsing config file: cert/cfg/ICVSBContent.cfg
2026-02-22 20:21:31,222 - Parsed config items:
cert-keypair:	cert/key/ICVSBContent.pem
cert-keypair-pwd:	cert/key/ICVSBContent.pwd
load-verify-scheme:	0
crypto-type:	0
aes-ce-id:	0
aes-enc-key:	cert/key/KCEICV.txt
images-table:	cert/Images.txt
nvcounter-val:	1
cert-pkg:	cert/ICVSBContent.crt
2026-02-22 20:21:31,222 - **** Creating Content Certificate ****
2026-02-22 20:21:31,225 - **** Certificate file (context) creation has been completed successfully ****
2026-02-22 20:21:31,383 - Content Certificate Generation Utility started (Logging to sb_content_cert.log)
2026-02-22 20:21:31,383 - Parsing config file: cert/cfg/ICVSBContent.cfg
2026-02-22 20:21:31,383 - Parsed config items:
cert-keypair:	cert/key/ICVSBContent.pem
cert-keypair-pwd:	cert/key/ICVSBContent.pwd
load-verify-scheme:	0
crypto-type:	0
aes-ce-id:	0
aes-enc-key:	cert/key/KCEICV.txt
images-table:	cert/Images.txt
nvcounter-val:	1
cert-pkg:	cert/ICVSBContent.crt
2026-02-22 20:21:31,383 - **** Creating Content Certificate ****
2026-02-22 20:21:31,386 - **** Certificate file (context) creation has been completed successfully ****
2026-02-22 20:21:31,520 - Content Certificate Generation Utility started (Logging to sb_content_cert.log)
2026-02-22 20:21:31,521 - Parsing config file: cert/cfg/ICVSBContent.cfg
2026-02-22 20:21:31,521 - Parsed config items:
cert-keypair:	cert/key/ICVSBContent.pem
cert-keypair-pwd:	cert/key/ICVSBContent.pwd
load-verify-scheme:	0
crypto-type:	0
aes-ce-id:	0
aes-enc-key:	cert/key/KCEICV.txt
images-table:	cert/Images.txt
nvcounter-val:	1
cert-pkg:	cert/ICVSBContent.crt
2026-02-22 20:21:31,521 - **** Creating Content Certificate ****
2026-02-22 20:21:31,524 - **** Certificate file (context) creation has been completed successfully ****
2026-02-22 20:21:32,018 - Content Certificate Generation Utility started (Logging to sb_content_cert.log)
2026-02-22 20:21:32,018 - Parsing config file: cert/cfg/ICVSBContent.cfg
2026-02-22 20:21:32,018 - Parsed config items:
cert-keypair:	cert/key/ICVSBContent.pem
cert-keypair-pwd:	cert/key/ICVSBContent.pwd
load-verify-scheme:	0
crypto-type:	0
aes-ce-id:	0
aes-enc-key:	cert/key/KCEICV.txt
images-table:	cert/Images.txt
nvcounter-val:	1
cert-pkg:	cert/ICVSBContent.crt
2026-02-22 20:21:32,018 - **** Creating Content Certificate ****
2026-02-22 20:21:32,021 - **** Certificate file (context) creation has been completed successfully ****
2026-02-22 20:21:32,160 - Content Certificate Generation Utility started (Logging to sb_content_cert.log)
2026-02-22 20:21:32,160 - Parsing config file: cert/cfg/ICVSBContent.cfg
2026-02-22 20:21:32,160 - Parsed config items:
cert-keypair:	cert/key/ICVSBContent.pem
cert-keypair-pwd:	cert/key/ICVSBContent.pwd
load-verify-scheme:	0
crypto-type:	0
aes-ce-id:	0
aes-enc-key:	cert/key/KCEICV.txt
images-table:	cert/Images.txt
nvcounter-val:	1
cert-pkg:	cert/ICVSBContent.crt
2026-02-22 20:21:32,160 - **** Creating Content Certificate ****
2026-02-22 20:21:32,163 - **** Certificate file (context) creation has been completed successfully ****
2026-02-22 20:22:45,771 - Content Certificate Generation Utility started (Logging to sb_content_cert.log)
2026-02-22 20:22:45,771 - Parsing config file: cert/cfg/ICVSBContent.cfg
2026-02-22 20:22:45,772 - Parsed config items:
cert-keypair:	cert/key/ICVSBContent.pem
cert-keypair-pwd:	cert/key/ICVSBContent.pwd
load-verify-scheme:	0
crypto-type:	0
aes-ce-id:	0
aes-enc-key:	cert/key/KCEICV.txt
images-table:	cert/Images.txt
nvcounter-val:	1
cert-pkg:	cert/ICVSBContent.crt
2026-02-22 20:22:45,772 - **** Creating Content Certificate ****
2026-02-22 20:22:45,776 - **** Certificate file (context) creation has been completed successfully ****
2026-02-22 20:22:45,914 - Content Certificate Generation Utility started (Logging to sb_content_cert.log)
2026-02-22 20:22:45,914 - Parsing config file: cert/cfg/ICVSBContent.cfg
2026-02-22 20:22:45,914 - Parsed config items:
cert-keypair:	cert/key/ICVSBContent.pem
cert-keypair-pwd:	cert/key/ICVSBContent.pwd
load-verify-scheme:	0
crypto-type:	0
aes-ce-id:	0
aes-enc-key:	cert/key/KCEICV.txt
images-table:	cert/Images.txt
nvcounter-val:	1
cert-pkg:	cert/ICVSBContent.crt
2026-02-22 20:22:45,915 - **** Creating Content Certificate ****
2026-02-22 20:22:45,918 - **** Certificate file (context) creation has been completed successfully ****
2026-02-22 20:22:46,078 - Content Certificate Generation Utility started (Logging to sb_content_cert.log)
2026-02-22 20:22:46,078 - Parsing config file: cert/cfg/ICVSBContent.cfg
2026-02-22 20:22:46,078 - Parsed config items:
cert-keypair:	cert/key/ICVSBContent.pem
cert-keypair-pwd:	cert/key/ICVSBContent.pwd
load-verify-scheme:	0
crypto-type:	0
aes-ce-id:	0
aes-enc-key:	cert/key/KCEICV.txt
images-table:	cert/Images.txt
nvcounter-val:	1
cert-pkg:	cert/ICVSBContent.crt
2026-02-22 20:22:46,078 - **** Creating Content Certificate ****
2026-02-22 20:22:46,081 - **** Certificate file (context) creation has been completed successfully ****
2026-02-22 20:22:46,233 - Content Certificate Generation Utility started (Logging to sb_content_cert.log)
2026-02-22 20:22:46,233 - Parsing config file: cert/cfg/ICVSBContent.cfg
2026-02-22 20:22:46,233 - Parsed config items:
cert-keypair:	cert/key/ICVSBContent.pem
cert-keypair-pwd:	cert/key/ICVSBContent.pwd
load-verify-scheme:	0
crypto-type:	0
aes-ce-id:	0
aes-enc-key:	cert/key/KCEICV.txt
images-table:	cert/Images.txt
nvcounter-val:	1
cert-pkg:	cert/ICVSBContent.crt
2026-02-22 20:22:46,234 - **** Creating Content Certificate ****
2026-02-22 20:22:46,236 - **** Certificate file (context) creation has been completed successfully ****
2026-02-22 20:22:46,740 - Content Certificate Generation Utility started (Logging to sb_content_cert.log)
2026-02-22 20:22:46,740 - Parsing config file: cert/cfg/ICVSBContent.cfg
2026-02-22 20:22:46,740 - Parsed config items:
cert-keypair:	cert/key/ICVSBContent.pem
cert-keypair-pwd:	cert/key/ICVSBContent.pwd
load-verify-scheme:	0
crypto-type:	0
aes-ce-id:	0
aes-enc-key:	cert/key/KCEICV.txt
images-table:	cert/Images.txt
nvcounter-val:	1
cert-pkg:	cert/ICVSBContent.crt
2026-02-22 20:22:46,741 - **** Creating Content Certificate ****
2026-02-22 20:22:46,743 - **** Certificate file (context) creation has been completed successfully ****
2026-02-22 20:22:46,890 - Content Certificate Generation Utility started (Logging to sb_content_cert.log)
2026-02-22 20:22:46,890 - Parsing config file: cert/cfg/ICVSBContent.cfg
2026-02-22 20:22:46,891 - Parsed config items:
cert-keypair:	cert/key/ICVSBContent.pem
cert-keypair-pwd:	cert/key/ICVSBContent.pwd
load-verify-scheme:	0
crypto-type:	0
aes-ce-id:	0
aes-enc-key:	cert/key/KCEICV.txt
images-table:	cert/Images.txt
nvcounter-val:	1
cert-pkg:	cert/ICVSBContent.crt
2026-02-22 20:22:46,891 - **** Creating Content Certificate ****
2026-02-22 20:22:46,894 - **** Certificate file (context) creation has been completed successfully ****
2026-02-22 20:24:05,512 - Content Certificate Generation Utility started (Logging to sb_content_cert.log)
2026-02-22 20:24:05,513 - Parsing config file: cert/cfg/ICVSBContent.cfg
2026-02-22 20:24:05,513 - Parsed config items:
cert-keypair:	cert/key/ICVSBContent.pem
cert-keypair-pwd:	cert/key/ICVSBContent.pwd
load-verify-scheme:	0
crypto-type:	0
aes-ce-id:	0
aes-enc-key:	cert/key/KCEICV.txt
images-table:	cert/Images.txt
nvcounter-val:	1
cert-pkg:	cert/ICVSBContent.crt
2026-02-22 20:24:05,513 - **** Creating Content Certificate ****
2026-02-22 20:24:05,517 - **** Certificate file (context) creation has been completed successfully ****
2026-02-22 20:24:05,655 - Content Certificate Generation Utility started (Logging to sb_content_cert.log)
2026-02-22 20:24:05,655 - Parsing config file: cert/cfg/ICVSBContent.cfg
2026-02-22 20:24:05,655 - Parsed config items:
cert-keypair:	cert/key/ICVSBContent.pem
cert-keypair-pwd:	cert/key/ICVSBContent.pwd
load-verify-scheme:	0
crypto-type:	0
aes-ce-id:	0
aes-enc-key:	cert/key/KCEICV.txt
images-table:	cert/Images.txt
nvcounter-val:	1
cert-pkg:	cert/ICVSBContent.crt
2026-02-22 20:24:05,655 - **** Creating Content Certificate ****
2026-02-22 20:24:05,659 - **** Certificate file (context) creation has been completed successfully ****
2026-02-22 20:24:05,821 - Content Certificate Generation Utility started (Logging to sb_content_cert.log)
2026-02-22 20:24:05,821 - Parsing config file: cert/cfg/ICVSBContent.cfg
2026-02-22 20:24:05,821 - Parsed config items:
cert-keypair:	cert/key/ICVSBContent.pem
cert-keypair-pwd:	cert/key/ICVSBContent.pwd
load-verify-scheme:	0
crypto-type:	0
aes-ce-id:	0
aes-enc-key:	cert/key/KCEICV.txt
images-table:	cert/Images.txt
nvcounter-val:	1
cert-pkg:	cert/ICVSBContent.crt
2026-02-22 20:24:05,821 - **** Creating Content Certificate ****
2026-02-22 20:24:05,824 - **** Certificate file (context) creation has been completed successfully ****
2026-02-22 20:24:05,955 - Content Certificate Generation Utility started (Logging to sb_content_cert.log)
2026-02-22 20:24:05,956 - Parsing config file: cert/cfg/ICVSBContent.cfg
2026-02-22 20:24:05,956 - Parsed config items:
cert-keypair:	cert/key/ICVSBContent.pem
cert-keypair-pwd:	cert/key/ICVSBContent.pwd
load-verify-scheme:	0
crypto-type:	0
aes-ce-id:	0
aes-enc-key:	cert/key/KCEICV.txt
images-table:	cert/Images.txt
nvcounter-val:	1
cert-pkg:	cert/ICVSBContent.crt
2026-02-22 20:24:05,956 - **** Creating Content Certificate ****
2026-02-22 20:24:05,959 - **** Certificate file (context) creation has been completed successfully ****
2026-02-22 20:24:06,458 - Content Certificate Generation Utility started (Logging to sb_content_cert.log)
2026-02-22 20:24:06,458 - Parsing config file: cert/cfg/ICVSBContent.cfg
2026-02-22 20:24:06,458 - Parsed config items:
cert-keypair:	cert/key/ICVSBContent.pem
cert-keypair-pwd:	cert/key/ICVSBContent.pwd
load-verify-scheme:	0
crypto-type:	0
aes-ce-id:	0
aes-enc-key:	cert/key/KCEICV.txt
images-table:	cert/Images.txt
nvcounter-val:	1
cert-pkg:	cert/ICVSBContent.crt
2026-02-22 20:24:06,459 - **** Creating Content Certificate ****
2026-02-22 20:24:06,461 - **** Certificate file (context) creation has been completed successfully ****
2026-02-22 20:24:06,600 - Content Certificate Generation Utility started (Logging to sb_content_cert.log)
2026-02-22 20:24:06,600 - Parsing config file: cert/cfg/ICVSBContent.cfg
2026-02-22 20:24:06,600 - Parsed config items:
cert-keypair:	cert/key/ICVSBContent.pem
cert-keypair-pwd:	cert/key/ICVSBContent.pwd
load-verify-scheme:	0
crypto-type:	0
aes-ce-id:	0
aes-enc-key:	cert/key/KCEICV.txt
images-table:	cert/Images.txt
nvcounter-val:	1
cert-pkg:	cert/ICVSBContent.crt
2026-02-22 20:24:06,600 - **** Creating Content Certificate ****
2026-02-22 20:24:06,603 - **** Certificate file (context) creation has been completed successfully ****
2026-02-22 20:27:39,736 - Content Certificate Generation Utility started (Logging to sb_content_cert.log)
2026-02-22 20:27:39,736 - Parsing config file: cert/cfg/ICVSBContent.cfg
2026-02-22 20:27:39,737 - Parsed config items:
cert-keypair:	cert/key/ICVSBContent.pem
cert-keypair-pwd:	cert/key/ICVSBContent.pwd
load-verify-scheme:	0
crypto-type:	0
aes-ce-id:	0
aes-enc-key:	cert/key/KCEICV.txt
images-table:	cert/Images.txt
nvcounter-val:	1
cert-pkg:	cert/ICVSBContent.crt
2026-02-22 20:27:39,737 - **** Creating Content Certificate ****
2026-02-22 20:27:39,740 - **** Certificate file (context) creation has been completed successfully ****
2026-02-22 20:27:39,875 - Content Certificate Generation Utility started (Logging to sb_content_cert.log)
2026-02-22 20:27:39,875 - Parsing config file: cert/cfg/ICVSBContent.cfg
2026-02-22 20:27:39,875 - Parsed config items:
cert-keypair:	cert/key/ICVSBContent.pem
cert-keypair-pwd:	cert/key/ICVSBContent.pwd
load-verify-scheme:	0
crypto-type:	0
aes-ce-id:	0
aes-enc-key:	cert/key/KCEICV.txt
images-table:	cert/Images.txt
nvcounter-val:	1
cert-pkg:	cert/ICVSBContent.crt
2026-02-22 20:27:39,875 - **** Creating Content Certificate ****
2026-02-22 20:27:39,878 - **** Certificate file (context) creation has been completed successfully ****
2026-02-22 20:27:40,035 - Content Certificate Generation Utility started (Logging to sb_content_cert.log)
2026-02-22 20:27:40,035 - Parsing config file: cert/cfg/ICVSBContent.cfg
2026-02-22 20:27:40,036 - Parsed config items:
cert-keypair:	cert/key/ICVSBContent.pem
cert-keypair-pwd:	cert/key/ICVSBContent.pwd
load-verify-scheme:	0
crypto-type:	0
aes-ce-id:	0
aes-enc-key:	cert/key/KCEICV.txt
images-table:	cert/Images.txt
nvcounter-val:	1
cert-pkg:	cert/ICVSBContent.crt
2026-02-22 20:27:40,036 - **** Creating Content Certificate ****
2026-02-22 20:27:40,038 - **** Certificate file (context) creation has been completed successfully ****
2026-02-22 20:27:40,168 - Content Certificate Generation Utility started (Logging to sb_content_cert.log)
2026-02-22 20:27:40,168 - Parsing config file: cert/cfg/ICVSBContent.cfg
2026-02-22 20:27:40,168 - Parsed config items:
cert-keypair:	cert/key/ICVSBContent.pem
cert-keypair-pwd:	cert/key/ICVSBContent.pwd
load-verify-scheme:	0
crypto-type:	0
aes-ce-id:	0
aes-enc-key:	cert/key/KCEICV.txt
images-table:	cert/Images.txt
nvcounter-val:	1
cert-pkg:	cert/ICVSBContent.crt
2026-02-22 20:27:40,168 - **** Creating Content Certificate ****
2026-02-22 20:27:40,171 - **** Certificate file (context) creation has been completed successfully ****
2026-02-22 20:27:40,674 - Content Certificate Generation Utility started (Logging to sb_content_cert.log)
2026-02-22 20:27:40,674 - Parsing config file: cert/cfg/ICVSBContent.cfg
2026-02-22 20:27:40,674 - Parsed config items:
cert-keypair:	cert/key/ICVSBContent.pem
cert-keypair-pwd:	cert/key/ICVSBContent.pwd
load-verify-scheme:	0
crypto-type:	0
aes-ce-id:	0
aes-enc-key:	cert/key/KCEICV.txt
images-table:	cert/Images.txt
nvcounter-val:	1
cert-pkg:	cert/ICVSBContent.crt
2026-02-22 20:27:40,675 - **** Creating Content Certificate ****
2026-02-22 20:27:40,677 - **** Certificate file (context) creation has been completed successfully ****
2026-02-22 20:27:40,817 - Content Certificate Generation Utility started (Logging to sb_content_cert.log)
2026-02-22 20:27:40,818 - Parsing config file: cert/cfg/ICVSBContent.cfg
2026-02-22 20:27:40,818 - Parsed config items:
cert-keypair:	cert/key/ICVSBContent.pem
cert-keypair-pwd:	cert/key/ICVSBContent.pwd
load-verify-scheme:	0
crypto-type:	0
aes-ce-id:	0
aes-enc-key:	cert/key/KCEICV.txt
images-table:	cert/Images.txt
nvcounter-val:	1
cert-pkg:	cert/ICVSBContent.crt
2026-02-22 20:27:40,818 - **** Creating Content Certificate ****
2026-02-22 20:27:40,821 - **** Certificate file (context) creation has been completed successfully ****
2026-02-22 20:52:42,964 - Content Certificate Generation Utility started (Logging to sb_content_cert.log)
2026-02-22 20:52:42,965 - Parsing config file: cert/cfg/ICVSBContent.cfg
2026-02-22 20:52:42,965 - Parsed config items:
cert-keypair:	cert/key/ICVSBContent.pem
cert-keypair-pwd:	cert/key/ICVSBContent.pwd
load-verify-scheme:	0
crypto-type:	0
aes-ce-id:	0
aes-enc-key:	cert/key/KCEICV.txt
images-table:	cert/Images.txt
nvcounter-val:	1
cert-pkg:	cert/ICVSBContent.crt
2026-02-22 20:52:42,965 - **** Creating Content Certificate ****
2026-02-22 20:52:42,969 - **** Certificate file (context) creation has been completed successfully ****
2026-02-22 20:52:43,116 - Content Certificate Generation Utility started (Logging to sb_content_cert.log)
2026-02-22 20:52:43,116 - Parsing config file: cert/cfg/ICVSBContent.cfg
2026-02-22 20:52:43,117 - Parsed config items:
cert-keypair:	cert/key/ICVSBContent.pem
cert-keypair-pwd:	cert/key/ICVSBContent.pwd
load-verify-scheme:	0
crypto-type:	0
aes-ce-id:	0
aes-enc-key:	cert/key/KCEICV.txt
images-table:	cert/Images.txt
nvcounter-val:	1
cert-pkg:	cert/ICVSBContent.crt
2026-02-22 20:52:43,117 - **** Creating Content Certificate ****
2026-02-22 20:52:43,120 - **** Certificate file (context) creation has been completed successfully ****
2026-02-22 20:52:43,287 - Content Certificate Generation Utility started (Logging to sb_content_cert.log)
2026-02-22 20:52:43,288 - Parsing config file: cert/cfg/ICVSBContent.cfg
2026-02-22 20:52:43,288 - Parsed config items:
cert-keypair:	cert/key/ICVSBContent.pem
cert-keypair-pwd:	cert/key/ICVSBContent.pwd
load-verify-scheme:	0
crypto-type:	0
aes-ce-id:	0
aes-enc-key:	cert/key/KCEICV.txt
images-table:	cert/Images.txt
nvcounter-val:	1
cert-pkg:	cert/ICVSBContent.crt
2026-02-22 20:52:43,289 - **** Creating Content Certificate ****
2026-02-22 20:52:43,293 - **** Certificate file (context) creation has been completed successfully ****
2026-02-22 20:52:43,438 - Content Certificate Generation Utility started (Logging to sb_content_cert.log)
2026-02-22 20:52:43,438 - Parsing config file: cert/cfg/ICVSBContent.cfg
2026-02-22 20:52:43,438 - Parsed config items:
cert-keypair:	cert/key/ICVSBContent.pem
cert-keypair-pwd:	cert/key/ICVSBContent.pwd
load-verify-scheme:	0
crypto-type:	0
aes-ce-id:	0
aes-enc-key:	cert/key/KCEICV.txt
images-table:	cert/Images.txt
nvcounter-val:	1
cert-pkg:	cert/ICVSBContent.crt
2026-02-22 20:52:43,439 - **** Creating Content Certificate ****
2026-02-22 20:52:43,442 - **** Certificate file (context) creation has been completed successfully ****
2026-02-22 20:52:43,954 - Content Certificate Generation Utility started (Logging to sb_content_cert.log)
2026-02-22 20:52:43,954 - Parsing config file: cert/cfg/ICVSBContent.cfg
2026-02-22 20:52:43,954 - Parsed config items:
cert-keypair:	cert/key/ICVSBContent.pem
cert-keypair-pwd:	cert/key/ICVSBContent.pwd
load-verify-scheme:	0
crypto-type:	0
aes-ce-id:	0
aes-enc-key:	cert/key/KCEICV.txt
images-table:	cert/Images.txt
nvcounter-val:	1
cert-pkg:	cert/ICVSBContent.crt
2026-02-22 20:52:43,955 - **** Creating Content Certificate ****
2026-02-22 20:52:43,958 - **** Certificate file (context) creation has been completed successfully ****
2026-02-22 20:52:44,102 - Content Certificate Generation Utility started (Logging to sb_content_cert.log)
2026-02-22 20:52:44,102 - Parsing config file: cert/cfg/ICVSBContent.cfg
2026-02-22 20:52:44,102 - Parsed config items:
cert-keypair:	cert/key/ICVSBContent.pem
cert-keypair-pwd:	cert/key/ICVSBContent.pwd
load-verify-scheme:	0
crypto-type:	0
aes-ce-id:	0
aes-enc-key:	cert/key/KCEICV.txt
images-table:	cert/Images.txt
nvcounter-val:	1
cert-pkg:	cert/ICVSBContent.crt
2026-02-22 20:52:44,102 - **** Creating Content Certificate ****
2026-02-22 20:52:44,105 - **** Certificate file (context) creation has been completed successfully ****
2026-02-22 21:23:07,050 - Content Certificate Generation Utility started (Logging to sb_content_cert.log)
2026-02-22 21:23:07,051 - Parsing config file: cert/cfg/ICVSBContent.cfg
2026-02-22 21:23:07,051 - Parsed config items:
cert-keypair:	cert/key/ICVSBContent.pem
cert-keypair-pwd:	cert/key/ICVSBContent.pwd
load-verify-scheme:	0
crypto-type:	0
aes-ce-id:	0
aes-enc-key:	cert/key/KCEICV.txt
images-table:	cert/Images.txt
nvcounter-val:	1
cert-pkg:	cert/ICVSBContent.crt
2026-02-22 21:23:07,051 - **** Creating Content Certificate ****
2026-02-22 21:23:07,056 - **** Certificate file (context) creation has been completed successfully ****
2026-02-22 21:23:07,216 - Content Certificate Generation Utility started (Logging to sb_content_cert.log)
2026-02-22 21:23:07,216 - Parsing config file: cert/cfg/ICVSBContent.cfg
2026-02-22 21:23:07,216 - Parsed config items:
cert-keypair:	cert/key/ICVSBContent.pem
cert-keypair-pwd:	cert/key/ICVSBContent.pwd
load-verify-scheme:	0
crypto-type:	0
aes-ce-id:	0
aes-enc-key:	cert/key/KCEICV.txt
images-table:	cert/Images.txt
nvcounter-val:	1
cert-pkg:	cert/ICVSBContent.crt
2026-02-22 21:23:07,217 - **** Creating Content Certificate ****
2026-02-22 21:23:07,220 - **** Certificate file (context) creation has been completed successfully ****
2026-02-22 21:23:07,409 - Content Certificate Generation Utility started (Logging to sb_content_cert.log)
2026-02-22 21:23:07,410 - Parsing config file: cert/cfg/ICVSBContent.cfg
2026-02-22 21:23:07,410 - Parsed config items:
cert-keypair:	cert/key/ICVSBContent.pem
cert-keypair-pwd:	cert/key/ICVSBContent.pwd
load-verify-scheme:	0
crypto-type:	0
aes-ce-id:	0
aes-enc-key:	cert/key/KCEICV.txt
images-table:	cert/Images.txt
nvcounter-val:	1
cert-pkg:	cert/ICVSBContent.crt
2026-02-22 21:23:07,410 - **** Creating Content Certificate ****
2026-02-22 21:23:07,414 - **** Certificate file (context) creation has been completed successfully ****
2026-02-22 21:23:07,589 - Content Certificate Generation Utility started (Logging to sb_content_cert.log)
2026-02-22 21:23:07,590 - Parsing config file: cert/cfg/ICVSBContent.cfg
2026-02-22 21:23:07,590 - Parsed config items:
cert-keypair:	cert/key/ICVSBContent.pem
cert-keypair-pwd:	cert/key/ICVSBContent.pwd
load-verify-scheme:	0
crypto-type:	0
aes-ce-id:	0
aes-enc-key:	cert/key/KCEICV.txt
images-table:	cert/Images.txt
nvcounter-val:	1
cert-pkg:	cert/ICVSBContent.crt
2026-02-22 21:23:07,591 - **** Creating Content Certificate ****
2026-02-22 21:23:07,596 - **** Certificate file (context) creation has been completed successfully ****
2026-02-22 21:23:08,156 - Content Certificate Generation Utility started (Logging to sb_content_cert.log)
2026-02-22 21:23:08,156 - Parsing config file: cert/cfg/ICVSBContent.cfg
2026-02-22 21:23:08,156 - Parsed config items:
cert-keypair:	cert/key/ICVSBContent.pem
cert-keypair-pwd:	cert/key/ICVSBContent.pwd
load-verify-scheme:	0
crypto-type:	0
aes-ce-id:	0
aes-enc-key:	cert/key/KCEICV.txt
images-table:	cert/Images.txt
nvcounter-val:	1
cert-pkg:	cert/ICVSBContent.crt
2026-02-22 21:23:08,156 - **** Creating Content Certificate ****
2026-02-22 21:23:08,160 - **** Certificate file (context) creation has been completed successfully ****
2026-02-22 21:23:08,316 - Content Certificate Generation Utility started (Logging to sb_content_cert.log)
2026-02-22 21:23:08,317 - Parsing config file: cert/cfg/ICVSBContent.cfg
2026-02-22 21:23:08,318 - Parsed config items:
cert-keypair:	cert/key/ICVSBContent.pem
cert-keypair-pwd:	cert/key/ICVSBContent.pwd
load-verify-scheme:	0
crypto-type:	0
aes-ce-id:	0
aes-enc-key:	cert/key/KCEICV.txt
images-table:	cert/Images.txt
nvcounter-val:	1
cert-pkg:	cert/ICVSBContent.crt
2026-02-22 21:23:08,318 - **** Creating Content Certificate ****
2026-02-22 21:23:08,322 - **** Certificate file (context) creation has been completed successfully ****
2026-02-22 21:27:27,830 - Content Certificate Generation Utility started (Logging to sb_content_cert.log)
2026-02-22 21:27:27,830 - Parsing config file: cert/cfg/ICVSBContent.cfg
2026-02-22 21:27:27,831 - Parsed config items:
cert-keypair:	cert/key/ICVSBContent.pem
cert-keypair-pwd:	cert/key/ICVSBContent.pwd
load-verify-scheme:	0
crypto-type:	0
aes-ce-id:	0
aes-enc-key:	cert/key/KCEICV.txt
images-table:	cert/Images.txt
nvcounter-val:	1
cert-pkg:	cert/ICVSBContent.crt
2026-02-22 21:27:27,831 - **** Creating Content Certificate ****
2026-02-22 21:27:27,835 - **** Certificate file (context) creation has been completed successfully ****
2026-02-22 21:27:27,982 - Content Certificate Generation Utility started (Logging to sb_content_cert.log)
2026-02-22 21:27:27,983 - Parsing config file: cert/cfg/ICVSBContent.cfg
2026-02-22 21:27:27,983 - Parsed config items:
cert-keypair:	cert/key/ICVSBContent.pem
cert-keypair-pwd:	cert/key/ICVSBContent.pwd
load-verify-scheme:	0
crypto-type:	0
aes-ce-id:	0
aes-enc-key:	cert/key/KCEICV.txt
images-table:	cert/Images.txt
nvcounter-val:	1
cert-pkg:	cert/ICVSBContent.crt
2026-02-22 21:27:27,983 - **** Creating Content Certificate ****
2026-02-22 21:27:27,987 - **** Certificate file (context) creation has been completed successfully ****
2026-02-22 21:27:28,167 - Content Certificate Generation Utility started (Logging to sb_content_cert.log)
2026-02-22 21:27:28,167 - Parsing config file: cert/cfg/ICVSBContent.cfg
2026-02-22 21:27:28,168 - Parsed config items:
cert-keypair:	cert/key/ICVSBContent.pem
cert-keypair-pwd:	cert/key/ICVSBContent.pwd
load-verify-scheme:	0
crypto-type:	0
aes-ce-id:	0
aes-enc-key:	cert/key/KCEICV.txt
images-table:	cert/Images.txt
nvcounter-val:	1
cert-pkg:	cert/ICVSBContent.crt
2026-02-22 21:27:28,168 - **** Creating Content Certificate ****
2026-02-22 21:27:28,171 - **** Certificate file (context) creation has been completed successfully ****
2026-02-22 21:27:28,336 - Content Certificate Generation Utility started (Logging to sb_content_cert.log)
2026-02-22 21:27:28,336 - Parsing config file: cert/cfg/ICVSBContent.cfg
2026-02-22 21:27:28,336 - Parsed config items:
cert-keypair:	cert/key/ICVSBContent.pem
cert-keypair-pwd:	cert/key/ICVSBContent.pwd
load-verify-scheme:	0
crypto-type:	0
aes-ce-id:	0
aes-enc-key:	cert/key/KCEICV.txt
images-table:	cert/Images.txt
nvcounter-val:	1
cert-pkg:	cert/ICVSBContent.crt
2026-02-22 21:27:28,337 - **** Creating Content Certificate ****
2026-02-22 21:27:28,340 - **** Certificate file (context) creation has been completed successfully ****
2026-02-22 21:27:28,873 - Content Certificate Generation Utility started (Logging to sb_content_cert.log)
2026-02-22 21:27:28,873 - Parsing config file: cert/cfg/ICVSBContent.cfg
2026-02-22 21:27:28,873 - Parsed config items:
cert-keypair:	cert/key/ICVSBContent.pem
cert-keypair-pwd:	cert/key/ICVSBContent.pwd
load-verify-scheme:	0
crypto-type:	0
aes-ce-id:	0
aes-enc-key:	cert/key/KCEICV.txt
images-table:	cert/Images.txt
nvcounter-val:	1
cert-pkg:	cert/ICVSBContent.crt
2026-02-22 21:27:28,873 - **** Creating Content Certificate ****
2026-02-22 21:27:28,876 - **** Certificate file (context) creation has been completed successfully ****
2026-02-22 21:27:29,022 - Content Certificate Generation Utility started (Logging to sb_content_cert.log)
2026-02-22 21:27:29,022 - Parsing config file: cert/cfg/ICVSBContent.cfg
2026-02-22 21:27:29,022 - Parsed config items:
cert-keypair:	cert/key/ICVSBContent.pem
cert-keypair-pwd:	cert/key/ICVSBContent.pwd
load-verify-scheme:	0
crypto-type:	0
aes-ce-id:	0
aes-enc-key:	cert/key/KCEICV.txt
images-table:	cert/Images.txt
nvcounter-val:	1
cert-pkg:	cert/ICVSBContent.crt
2026-02-22 21:27:29,022 - **** Creating Content Certificate ****
2026-02-22 21:27:29,025 - **** Certificate file (context) creation has been completed successfully ****
2026-02-22 21:28:38,579 - Content Certificate Generation Utility started (Logging to sb_content_cert.log)
2026-02-22 21:28:38,579 - Parsing config file: cert/cfg/ICVSBContent.cfg
2026-02-22 21:28:38,579 - Parsed config items:
cert-keypair:	cert/key/ICVSBContent.pem
cert-keypair-pwd:	cert/key/ICVSBContent.pwd
load-verify-scheme:	0
crypto-type:	0
aes-ce-id:	0
aes-enc-key:	cert/key/KCEICV.txt
images-table:	cert/Images.txt
nvcounter-val:	1
cert-pkg:	cert/ICVSBContent.crt
2026-02-22 21:28:38,580 - **** Creating Content Certificate ****
2026-02-22 21:28:38,585 - **** Certificate file (context) creation has been completed successfully ****
2026-02-22 21:28:38,745 - Content Certificate Generation Utility started (Logging to sb_content_cert.log)
2026-02-22 21:28:38,745 - Parsing config file: cert/cfg/ICVSBContent.cfg
2026-02-22 21:28:38,746 - Parsed config items:
cert-keypair:	cert/key/ICVSBContent.pem
cert-keypair-pwd:	cert/key/ICVSBContent.pwd
load-verify-scheme:	0
crypto-type:	0
aes-ce-id:	0
aes-enc-key:	cert/key/KCEICV.txt
images-table:	cert/Images.txt
nvcounter-val:	1
cert-pkg:	cert/ICVSBContent.crt
2026-02-22 21:28:38,746 - **** Creating Content Certificate ****
2026-02-22 21:28:38,750 - **** Certificate file (context) creation has been completed successfully ****
2026-02-22 21:28:38,930 - Content Certificate Generation Utility started (Logging to sb_content_cert.log)
2026-02-22 21:28:38,930 - Parsing config file: cert/cfg/ICVSBContent.cfg
2026-02-22 21:28:38,930 - Parsed config items:
cert-keypair:	cert/key/ICVSBContent.pem
cert-keypair-pwd:	cert/key/ICVSBContent.pwd
load-verify-scheme:	0
crypto-type:	0
aes-ce-id:	0
aes-enc-key:	cert/key/KCEICV.txt
images-table:	cert/Images.txt
nvcounter-val:	1
cert-pkg:	cert/ICVSBContent.crt
2026-02-22 21:28:38,931 - **** Creating Content Certificate ****
2026-02-22 21:28:38,934 - **** Certificate file (context) creation has been completed successfully ****
2026-02-22 21:28:39,094 - Content Certificate Generation Utility started (Logging to sb_content_cert.log)
2026-02-22 21:28:39,095 - Parsing config file: cert/cfg/ICVSBContent.cfg
2026-02-22 21:28:39,095 - Parsed config items:
cert-keypair:	cert/key/ICVSBContent.pem
cert-keypair-pwd:	cert/key/ICVSBContent.pwd
load-verify-scheme:	0
crypto-type:	0
aes-ce-id:	0
aes-enc-key:	cert/key/KCEICV.txt
images-table:	cert/Images.txt
nvcounter-val:	1
cert-pkg:	cert/ICVSBContent.crt
2026-02-22 21:28:39,095 - **** Creating Content Certificate ****
2026-02-22 21:28:39,098 - **** Certificate file (context) creation has been completed successfully ****
2026-02-22 21:28:39,624 - Content Certificate Generation Utility started (Logging to sb_content_cert.log)
2026-02-22 21:28:39,624 - Parsing config file: cert/cfg/ICVSBContent.cfg
2026-02-22 21:28:39,624 - Parsed config items:
cert-keypair:	cert/key/ICVSBContent.pem
cert-keypair-pwd:	cert/key/ICVSBContent.pwd
load-verify-scheme:	0
crypto-type:	0
aes-ce-id:	0
aes-enc-key:	cert/key/KCEICV.txt
images-table:	cert/Images.txt
nvcounter-val:	1
cert-pkg:	cert/ICVSBContent.crt
2026-02-22 21:28:39,625 - **** Creating Content Certificate ****
2026-02-22 21:28:39,628 - **** Certificate file (context) creation has been completed successfully ****
2026-02-22 21:28:39,860 - Content Certificate Generation Utility started (Logging to sb_content_cert.log)
2026-02-22 21:28:39,860 - Parsing config file: cert/cfg/ICVSBContent.cfg
2026-02-22 21:28:39,860 - Parsed config items:
cert-keypair:	cert/key/ICVSBContent.pem
cert-keypair-pwd:	cert/key/ICVSBContent.pwd
load-verify-scheme:	0
crypto-type:	0
aes-ce-id:	0
aes-enc-key:	cert/key/KCEICV.txt
images-table:	cert/Images.txt
nvcounter-val:	1
cert-pkg:	cert/ICVSBContent.crt
2026-02-22 21:28:39,860 - **** Creating Content Certificate ****
2026-02-22 21:28:39,864 - **** Certificate file (context) creation has been completed successfully ****
2026-02-22 21:29:25,844 - Content Certificate Generation Utility started (Logging to sb_content_cert.log)
2026-02-22 21:29:25,845 - Parsing config file: cert/cfg/ICVSBContent.cfg
2026-02-22 21:29:25,845 - Parsed config items:
cert-keypair:	cert/key/ICVSBContent.pem
cert-keypair-pwd:	cert/key/ICVSBContent.pwd
load-verify-scheme:	0
crypto-type:	0
aes-ce-id:	0
aes-enc-key:	cert/key/KCEICV.txt
images-table:	cert/Images.txt
nvcounter-val:	1
cert-pkg:	cert/ICVSBContent.crt
2026-02-22 21:29:25,845 - **** Creating Content Certificate ****
2026-02-22 21:29:25,849 - **** Certificate file (context) creation has been completed successfully ****
2026-02-22 21:29:25,995 - Content Certificate Generation Utility started (Logging to sb_content_cert.log)
2026-02-22 21:29:25,995 - Parsing config file: cert/cfg/ICVSBContent.cfg
2026-02-22 21:29:25,995 - Parsed config items:
cert-keypair:	cert/key/ICVSBContent.pem
cert-keypair-pwd:	cert/key/ICVSBContent.pwd
load-verify-scheme:	0
crypto-type:	0
aes-ce-id:	0
aes-enc-key:	cert/key/KCEICV.txt
images-table:	cert/Images.txt
nvcounter-val:	1
cert-pkg:	cert/ICVSBContent.crt
2026-02-22 21:29:25,996 - **** Creating Content Certificate ****
2026-02-22 21:29:26,000 - **** Certificate file (context) creation has been completed successfully ****
2026-02-22 21:29:26,215 - Content Certificate Generation Utility started (Logging to sb_content_cert.log)
2026-02-22 21:29:26,215 - Parsing config file: cert/cfg/ICVSBContent.cfg
2026-02-22 21:29:26,216 - Parsed config items:
cert-keypair:	cert/key/ICVSBContent.pem
cert-keypair-pwd:	cert/key/ICVSBContent.pwd
load-verify-scheme:	0
crypto-type:	0
aes-ce-id:	0
aes-enc-key:	cert/key/KCEICV.txt
images-table:	cert/Images.txt
nvcounter-val:	1
cert-pkg:	cert/ICVSBContent.crt
2026-02-22 21:29:26,216 - **** Creating Content Certificate ****
2026-02-22 21:29:26,220 - **** Certificate file (context) creation has been completed successfully ****
2026-02-22 21:29:26,360 - Content Certificate Generation Utility started (Logging to sb_content_cert.log)
2026-02-22 21:29:26,360 - Parsing config file: cert/cfg/ICVSBContent.cfg
2026-02-22 21:29:26,360 - Parsed config items:
cert-keypair:	cert/key/ICVSBContent.pem
cert-keypair-pwd:	cert/key/ICVSBContent.pwd
load-verify-scheme:	0
crypto-type:	0
aes-ce-id:	0
aes-enc-key:	cert/key/KCEICV.txt
images-table:	cert/Images.txt
nvcounter-val:	1
cert-pkg:	cert/ICVSBContent.crt
2026-02-22 21:29:26,360 - **** Creating Content Certificate ****
2026-02-22 21:29:26,364 - **** Certificate file (context) creation has been completed successfully ****
2026-02-22 21:29:26,917 - Content Certificate Generation Utility started (Logging to sb_content_cert.log)
2026-02-22 21:29:26,917 - Parsing config file: cert/cfg/ICVSBContent.cfg
2026-02-22 21:29:26,917 - Parsed config items:
cert-keypair:	cert/key/ICVSBContent.pem
cert-keypair-pwd:	cert/key/ICVSBContent.pwd
load-verify-scheme:	0
crypto-type:	0
aes-ce-id:	0
aes-enc-key:	cert/key/KCEICV.txt
images-table:	cert/Images.txt
nvcounter-val:	1
cert-pkg:	cert/ICVSBContent.crt
2026-02-22 21:29:26,917 - **** Creating Content Certificate ****
2026-02-22 21:29:26,920 - **** Certificate file (context) creation has been completed successfully ****
2026-02-22 21:29:27,071 - Content Certificate Generation Utility started (Logging to sb_content_cert.log)
2026-02-22 21:29:27,071 - Parsing config file: cert/cfg/ICVSBContent.cfg
2026-02-22 21:29:27,072 - Parsed config items:
cert-keypair:	cert/key/ICVSBContent.pem
cert-keypair-pwd:	cert/key/ICVSBContent.pwd
load-verify-scheme:	0
crypto-type:	0
aes-ce-id:	0
aes-enc-key:	cert/key/KCEICV.txt
images-table:	cert/Images.txt
nvcounter-val:	1
cert-pkg:	cert/ICVSBContent.crt
2026-02-22 21:29:27,072 - **** Creating Content Certificate ****
2026-02-22 21:29:27,075 - **** Certificate file (context) creation has been completed successfully ****
2026-02-22 21:30:35,481 - Content Certificate Generation Utility started (Logging to sb_content_cert.log)
2026-02-22 21:30:35,481 - Parsing config file: cert/cfg/ICVSBContent.cfg
2026-02-22 21:30:35,482 - Parsed config items:
cert-keypair:	cert/key/ICVSBContent.pem
cert-keypair-pwd:	cert/key/ICVSBContent.pwd
load-verify-scheme:	0
crypto-type:	0
aes-ce-id:	0
aes-enc-key:	cert/key/KCEICV.txt
images-table:	cert/Images.txt
nvcounter-val:	1
cert-pkg:	cert/ICVSBContent.crt
2026-02-22 21:30:35,482 - **** Creating Content Certificate ****
2026-02-22 21:30:35,487 - **** Certificate file (context) creation has been completed successfully ****
2026-02-22 21:30:35,657 - Content Certificate Generation Utility started (Logging to sb_content_cert.log)
2026-02-22 21:30:35,657 - Parsing config file: cert/cfg/ICVSBContent.cfg
2026-02-22 21:30:35,657 - Parsed config items:
cert-keypair:	cert/key/ICVSBContent.pem
cert-keypair-pwd:	cert/key/ICVSBContent.pwd
load-verify-scheme:	0
crypto-type:	0
aes-ce-id:	0
aes-enc-key:	cert/key/KCEICV.txt
images-table:	cert/Images.txt
nvcounter-val:	1
cert-pkg:	cert/ICVSBContent.crt
2026-02-22 21:30:35,658 - **** Creating Content Certificate ****
2026-02-22 21:30:35,663 - **** Certificate file (context) creation has been completed successfully ****
2026-02-22 21:30:35,865 - Content Certificate Generation Utility started (Logging to sb_content_cert.log)
2026-02-22 21:30:35,865 - Parsing config file: cert/cfg/ICVSBContent.cfg
2026-02-22 21:30:35,866 - Parsed config items:
cert-keypair:	cert/key/ICVSBContent.pem
cert-keypair-pwd:	cert/key/ICVSBContent.pwd
load-verify-scheme:	0
crypto-type:	0
aes-ce-id:	0
aes-enc-key:	cert/key/KCEICV.txt
images-table:	cert/Images.txt
nvcounter-val:	1
cert-pkg:	cert/ICVSBContent.crt
2026-02-22 21:30:35,866 - **** Creating Content Certificate ****
2026-02-22 21:30:35,870 - **** Certificate file (context) creation has been completed successfully ****
2026-02-22 21:30:36,028 - Content Certificate Generation Utility started (Logging to sb_content_cert.log)
2026-02-22 21:30:36,028 - Parsing config file: cert/cfg/ICVSBContent.cfg
2026-02-22 21:30:36,028 - Parsed config items:
cert-keypair:	cert/key/ICVSBContent.pem
cert-keypair-pwd:	cert/key/ICVSBContent.pwd
load-verify-scheme:	0
crypto-type:	0
aes-ce-id:	0
aes-enc-key:	cert/key/KCEICV.txt
images-table:	cert/Images.txt
nvcounter-val:	1
cert-pkg:	cert/ICVSBContent.crt
2026-02-22 21:30:36,028 - **** Creating Content Certificate ****
2026-02-22 21:30:36,032 - **** Certificate file (context) creation has been completed successfully ****
2026-02-22 21:30:36,596 - Content Certificate Generation Utility started (Logging to sb_content_cert.log)
2026-02-22 21:30:36,596 - Parsing config file: cert/cfg/ICVSBContent.cfg
2026-02-22 21:30:36,596 - Parsed config items:
cert-keypair:	cert/key/ICVSBContent.pem
cert-keypair-pwd:	cert/key/ICVSBContent.pwd
load-verify-scheme:	0
crypto-type:	0
aes-ce-id:	0
aes-enc-key:	cert/key/KCEICV.txt
images-table:	cert/Images.txt
nvcounter-val:	1
cert-pkg:	cert/ICVSBContent.crt
2026-02-22 21:30:36,596 - **** Creating Content Certificate ****
2026-02-22 21:30:36,600 - **** Certificate file (context) creation has been completed successfully ****
2026-02-22 21:30:36,769 - Content Certificate Generation Utility started (Logging to sb_content_cert.log)
2026-02-22 21:30:36,769 - Parsing config file: cert/cfg/ICVSBContent.cfg
2026-02-22 21:30:36,770 - Parsed config items:
cert-keypair:	cert/key/ICVSBContent.pem
cert-keypair-pwd:	cert/key/ICVSBContent.pwd
load-verify-scheme:	0
crypto-type:	0
aes-ce-id:	0
aes-enc-key:	cert/key/KCEICV.txt
images-table:	cert/Images.txt
nvcounter-val:	1
cert-pkg:	cert/ICVSBContent.crt
2026-02-22 21:30:36,770 - **** Creating Content Certificate ****
2026-02-22 21:30:36,773 - **** Certificate file (context) creation has been completed successfully ****
2026-02-22 21:33:39,589 - Content Certificate Generation Utility started (Logging to sb_content_cert.log)
2026-02-22 21:33:39,589 - Parsing config file: cert/cfg/ICVSBContent.cfg
2026-02-22 21:33:39,589 - Parsed config items:
cert-keypair:	cert/key/ICVSBContent.pem
cert-keypair-pwd:	cert/key/ICVSBContent.pwd
load-verify-scheme:	0
crypto-type:	0
aes-ce-id:	0
aes-enc-key:	cert/key/KCEICV.txt
images-table:	cert/Images.txt
nvcounter-val:	1
cert-pkg:	cert/ICVSBContent.crt
2026-02-22 21:33:39,589 - **** Creating Content Certificate ****
2026-02-22 21:33:39,593 - **** Certificate file (context) creation has been completed successfully ****
2026-02-22 21:33:39,762 - Content Certificate Generation Utility started (Logging to sb_content_cert.log)
2026-02-22 21:33:39,763 - Parsing config file: cert/cfg/ICVSBContent.cfg
2026-02-22 21:33:39,763 - Parsed config items:
cert-keypair:	cert/key/ICVSBContent.pem
cert-keypair-pwd:	cert/key/ICVSBContent.pwd
load-verify-scheme:	0
crypto-type:	0
aes-ce-id:	0
aes-enc-key:	cert/key/KCEICV.txt
images-table:	cert/Images.txt
nvcounter-val:	1
cert-pkg:	cert/ICVSBContent.crt
2026-02-22 21:33:39,763 - **** Creating Content Certificate ****
2026-02-22 21:33:39,767 - **** Certificate file (context) creation has been completed successfully ****
2026-02-22 21:33:39,954 - Content Certificate Generation Utility started (Logging to sb_content_cert.log)
2026-02-22 21:33:39,954 - Parsing config file: cert/cfg/ICVSBContent.cfg
2026-02-22 21:33:39,955 - Parsed config items:
cert-keypair:	cert/key/ICVSBContent.pem
cert-keypair-pwd:	cert/key/ICVSBContent.pwd
load-verify-scheme:	0
crypto-type:	0
aes-ce-id:	0
aes-enc-key:	cert/key/KCEICV.txt
images-table:	cert/Images.txt
nvcounter-val:	1
cert-pkg:	cert/ICVSBContent.crt
2026-02-22 21:33:39,955 - **** Creating Content Certificate ****
2026-02-22 21:33:39,958 - **** Certificate file (context) creation has been completed successfully ****
2026-02-22 21:33:40,113 - Content Certificate Generation Utility started (Logging to sb_content_cert.log)
2026-02-22 21:33:40,113 - Parsing config file: cert/cfg/ICVSBContent.cfg
2026-02-22 21:33:40,114 - Parsed config items:
cert-keypair:	cert/key/ICVSBContent.pem
cert-keypair-pwd:	cert/key/ICVSBContent.pwd
load-verify-scheme:	0
crypto-type:	0
aes-ce-id:	0
aes-enc-key:	cert/key/KCEICV.txt
images-table:	cert/Images.txt
nvcounter-val:	1
cert-pkg:	cert/ICVSBContent.crt
2026-02-22 21:33:40,114 - **** Creating Content Certificate ****
2026-02-22 21:33:40,116 - **** Certificate file (context) creation has been completed successfully ****
2026-02-22 21:33:40,663 - Content Certificate Generation Utility started (Logging to sb_content_cert.log)
2026-02-22 21:33:40,663 - Parsing config file: cert/cfg/ICVSBContent.cfg
2026-02-22 21:33:40,663 - Parsed config items:
cert-keypair:	cert/key/ICVSBContent.pem
cert-keypair-pwd:	cert/key/ICVSBContent.pwd
load-verify-scheme:	0
crypto-type:	0
aes-ce-id:	0
aes-enc-key:	cert/key/KCEICV.txt
images-table:	cert/Images.txt
nvcounter-val:	1
cert-pkg:	cert/ICVSBContent.crt
2026-02-22 21:33:40,663 - **** Creating Content Certificate ****
2026-02-22 21:33:40,668 - **** Certificate file (context) creation has been completed successfully ****
2026-02-22 21:33:40,825 - Content Certificate Generation Utility started (Logging to sb_content_cert.log)
2026-02-22 21:33:40,825 - Parsing config file: cert/cfg/ICVSBContent.cfg
2026-02-22 21:33:40,825 - Parsed config items:
cert-keypair:	cert/key/ICVSBContent.pem
cert-keypair-pwd:	cert/key/ICVSBContent.pwd
load-verify-scheme:	0
crypto-type:	0
aes-ce-id:	0
aes-enc-key:	cert/key/KCEICV.txt
images-table:	cert/Images.txt
nvcounter-val:	1
cert-pkg:	cert/ICVSBContent.crt
2026-02-22 21:33:40,825 - **** Creating Content Certificate ****
2026-02-22 21:33:40,828 - **** Certificate file (context) creation has been completed successfully ****
2026-02-22 21:34:29,954 - Content Certificate Generation Utility started (Logging to sb_content_cert.log)
2026-02-22 21:34:29,954 - Parsing config file: cert/cfg/ICVSBContent.cfg
2026-02-22 21:34:29,955 - Parsed config items:
cert-keypair:	cert/key/ICVSBContent.pem
cert-keypair-pwd:	cert/key/ICVSBContent.pwd
load-verify-scheme:	0
crypto-type:	0
aes-ce-id:	0
aes-enc-key:	cert/key/KCEICV.txt
images-table:	cert/Images.txt
nvcounter-val:	1
cert-pkg:	cert/ICVSBContent.crt
2026-02-22 21:34:29,955 - **** Creating Content Certificate ****
2026-02-22 21:34:29,958 - **** Certificate file (context) creation has been completed successfully ****
2026-02-22 21:34:30,123 - Content Certificate Generation Utility started (Logging to sb_content_cert.log)
2026-02-22 21:34:30,124 - Parsing config file: cert/cfg/ICVSBContent.cfg
2026-02-22 21:34:30,124 - Parsed config items:
cert-keypair:	cert/key/ICVSBContent.pem
cert-keypair-pwd:	cert/key/ICVSBContent.pwd
load-verify-scheme:	0
crypto-type:	0
aes-ce-id:	0
aes-enc-key:	cert/key/KCEICV.txt
images-table:	cert/Images.txt
nvcounter-val:	1
cert-pkg:	cert/ICVSBContent.crt
2026-02-22 21:34:30,125 - **** Creating Content Certificate ****
2026-02-22 21:34:30,131 - **** Certificate file (context) creation has been completed successfully ****
2026-02-22 21:34:30,305 - Content Certificate Generation Utility started (Logging to sb_content_cert.log)
2026-02-22 21:34:30,306 - Parsing config file: cert/cfg/ICVSBContent.cfg
2026-02-22 21:34:30,306 - Parsed config items:
cert-keypair:	cert/key/ICVSBContent.pem
cert-keypair-pwd:	cert/key/ICVSBContent.pwd
load-verify-scheme:	0
crypto-type:	0
aes-ce-id:	0
aes-enc-key:	cert/key/KCEICV.txt
images-table:	cert/Images.txt
nvcounter-val:	1
cert-pkg:	cert/ICVSBContent.crt
2026-02-22 21:34:30,306 - **** Creating Content Certificate ****
2026-02-22 21:34:30,309 - **** Certificate file (context) creation has been completed successfully ****
2026-02-22 21:34:30,459 - Content Certificate Generation Utility started (Logging to sb_content_cert.log)
2026-02-22 21:34:30,459 - Parsing config file: cert/cfg/ICVSBContent.cfg
2026-02-22 21:34:30,460 - Parsed config items:
cert-keypair:	cert/key/ICVSBContent.pem
cert-keypair-pwd:	cert/key/ICVSBContent.pwd
load-verify-scheme:	0
crypto-type:	0
aes-ce-id:	0
aes-enc-key:	cert/key/KCEICV.txt
images-table:	cert/Images.txt
nvcounter-val:	1
cert-pkg:	cert/ICVSBContent.crt
2026-02-22 21:34:30,460 - **** Creating Content Certificate ****
2026-02-22 21:34:30,463 - **** Certificate file (context) creation has been completed successfully ****
2026-02-22 21:34:31,006 - Content Certificate Generation Utility started (Logging to sb_content_cert.log)
2026-02-22 21:34:31,006 - Parsing config file: cert/cfg/ICVSBContent.cfg
2026-02-22 21:34:31,006 - Parsed config items:
cert-keypair:	cert/key/ICVSBContent.pem
cert-keypair-pwd:	cert/key/ICVSBContent.pwd
load-verify-scheme:	0
crypto-type:	0
aes-ce-id:	0
aes-enc-key:	cert/key/KCEICV.txt
images-table:	cert/Images.txt
nvcounter-val:	1
cert-pkg:	cert/ICVSBContent.crt
2026-02-22 21:34:31,006 - **** Creating Content Certificate ****
2026-02-22 21:34:31,009 - **** Certificate file (context) creation has been completed successfully ****
2026-02-22 21:34:31,169 - Content Certificate Generation Utility started (Logging to sb_content_cert.log)
2026-02-22 21:34:31,169 - Parsing config file: cert/cfg/ICVSBContent.cfg
2026-02-22 21:34:31,169 - Parsed config items:
cert-keypair:	cert/key/ICVSBContent.pem
cert-keypair-pwd:	cert/key/ICVSBContent.pwd
load-verify-scheme:	0
crypto-type:	0
aes-ce-id:	0
aes-enc-key:	cert/key/KCEICV.txt
images-table:	cert/Images.txt
nvcounter-val:	1
cert-pkg:	cert/ICVSBContent.crt
2026-02-22 21:34:31,169 - **** Creating Content Certificate ****
2026-02-22 21:34:31,173 - **** Certificate file (context) creation has been completed successfully ****
2026-02-22 21:35:22,030 - Content Certificate Generation Utility started (Logging to sb_content_cert.log)
2026-02-22 21:35:22,031 - Parsing config file: cert/cfg/ICVSBContent.cfg
2026-02-22 21:35:22,031 - Parsed config items:
cert-keypair:	cert/key/ICVSBContent.pem
cert-keypair-pwd:	cert/key/ICVSBContent.pwd
load-verify-scheme:	0
crypto-type:	0
aes-ce-id:	0
aes-enc-key:	cert/key/KCEICV.txt
images-table:	cert/Images.txt
nvcounter-val:	1
cert-pkg:	cert/ICVSBContent.crt
2026-02-22 21:35:22,031 - **** Creating Content Certificate ****
2026-02-22 21:35:22,034 - **** Certificate file (context) creation has been completed successfully ****
2026-02-22 21:35:22,219 - Content Certificate Generation Utility started (Logging to sb_content_cert.log)
2026-02-22 21:35:22,220 - Parsing config file: cert/cfg/ICVSBContent.cfg
2026-02-22 21:35:22,220 - Parsed config items:
cert-keypair:	cert/key/ICVSBContent.pem
cert-keypair-pwd:	cert/key/ICVSBContent.pwd
load-verify-scheme:	0
crypto-type:	0
aes-ce-id:	0
aes-enc-key:	cert/key/KCEICV.txt
images-table:	cert/Images.txt
nvcounter-val:	1
cert-pkg:	cert/ICVSBContent.crt
2026-02-22 21:35:22,220 - **** Creating Content Certificate ****
2026-02-22 21:35:22,224 - **** Certificate file (context) creation has been completed successfully ****
2026-02-22 21:35:22,405 - Content Certificate Generation Utility started (Logging to sb_content_cert.log)
2026-02-22 21:35:22,405 - Parsing config file: cert/cfg/ICVSBContent.cfg
2026-02-22 21:35:22,405 - Parsed config items:
cert-keypair:	cert/key/ICVSBContent.pem
cert-keypair-pwd:	cert/key/ICVSBContent.pwd
load-verify-scheme:	0
crypto-type:	0
aes-ce-id:	0
aes-enc-key:	cert/key/KCEICV.txt
images-table:	cert/Images.txt
nvcounter-val:	1
cert-pkg:	cert/ICVSBContent.crt
2026-02-22 21:35:22,406 - **** Creating Content Certificate ****
2026-02-22 21:35:22,409 - **** Certificate file (context) creation has been completed successfully ****
2026-02-22 21:35:22,555 - Content Certificate Generation Utility started (Logging to sb_content_cert.log)
2026-02-22 21:35:22,555 - Parsing config file: cert/cfg/ICVSBContent.cfg
2026-02-22 21:35:22,555 - Parsed config items:
cert-keypair:	cert/key/ICVSBContent.pem
cert-keypair-pwd:	cert/key/ICVSBContent.pwd
load-verify-scheme:	0
crypto-type:	0
aes-ce-id:	0
aes-enc-key:	cert/key/KCEICV.txt
images-table:	cert/Images.txt
nvcounter-val:	1
cert-pkg:	cert/ICVSBContent.crt
2026-02-22 21:35:22,555 - **** Creating Content Certificate ****
2026-02-22 21:35:22,558 - **** Certificate file (context) creation has been completed successfully ****
2026-02-22 21:35:23,107 - Content Certificate Generation Utility started (Logging to sb_content_cert.log)
2026-02-22 21:35:23,108 - Parsing config file: cert/cfg/ICVSBContent.cfg
2026-02-22 21:35:23,108 - Parsed config items:
cert-keypair:	cert/key/ICVSBContent.pem
cert-keypair-pwd:	cert/key/ICVSBContent.pwd
load-verify-scheme:	0
crypto-type:	0
aes-ce-id:	0
aes-enc-key:	cert/key/KCEICV.txt
images-table:	cert/Images.txt
nvcounter-val:	1
cert-pkg:	cert/ICVSBContent.crt
2026-02-22 21:35:23,108 - **** Creating Content Certificate ****
2026-02-22 21:35:23,111 - **** Certificate file (context) creation has been completed successfully ****
2026-02-22 21:35:23,255 - Content Certificate Generation Utility started (Logging to sb_content_cert.log)
2026-02-22 21:35:23,255 - Parsing config file: cert/cfg/ICVSBContent.cfg
2026-02-22 21:35:23,255 - Parsed config items:
cert-keypair:	cert/key/ICVSBContent.pem
cert-keypair-pwd:	cert/key/ICVSBContent.pwd
load-verify-scheme:	0
crypto-type:	0
aes-ce-id:	0
aes-enc-key:	cert/key/KCEICV.txt
images-table:	cert/Images.txt
nvcounter-val:	1
cert-pkg:	cert/ICVSBContent.crt
2026-02-22 21:35:23,256 - **** Creating Content Certificate ****
2026-02-22 21:35:23,259 - **** Certificate file (context) creation has been completed successfully ****
2026-02-22 21:37:22,268 - Content Certificate Generation Utility started (Logging to sb_content_cert.log)
2026-02-22 21:37:22,268 - Parsing config file: cert/cfg/ICVSBContent.cfg
2026-02-22 21:37:22,269 - Parsed config items:
cert-keypair:	cert/key/ICVSBContent.pem
cert-keypair-pwd:	cert/key/ICVSBContent.pwd
load-verify-scheme:	0
crypto-type:	0
aes-ce-id:	0
aes-enc-key:	cert/key/KCEICV.txt
images-table:	cert/Images.txt
nvcounter-val:	1
cert-pkg:	cert/ICVSBContent.crt
2026-02-22 21:37:22,269 - **** Creating Content Certificate ****
2026-02-22 21:37:22,274 - **** Certificate file (context) creation has been completed successfully ****
2026-02-22 21:37:22,416 - Content Certificate Generation Utility started (Logging to sb_content_cert.log)
2026-02-22 21:37:22,416 - Parsing config file: cert/cfg/ICVSBContent.cfg
2026-02-22 21:37:22,416 - Parsed config items:
cert-keypair:	cert/key/ICVSBContent.pem
cert-keypair-pwd:	cert/key/ICVSBContent.pwd
load-verify-scheme:	0
crypto-type:	0
aes-ce-id:	0
aes-enc-key:	cert/key/KCEICV.txt
images-table:	cert/Images.txt
nvcounter-val:	1
cert-pkg:	cert/ICVSBContent.crt
2026-02-22 21:37:22,417 - **** Creating Content Certificate ****
2026-02-22 21:37:22,421 - **** Certificate file (context) creation has been completed successfully ****
2026-02-22 21:37:22,613 - Content Certificate Generation Utility started (Logging to sb_content_cert.log)
2026-02-22 21:37:22,613 - Parsing config file: cert/cfg/ICVSBContent.cfg
2026-02-22 21:37:22,613 - Parsed config items:
cert-keypair:	cert/key/ICVSBContent.pem
cert-keypair-pwd:	cert/key/ICVSBContent.pwd
load-verify-scheme:	0
crypto-type:	0
aes-ce-id:	0
aes-enc-key:	cert/key/KCEICV.txt
images-table:	cert/Images.txt
nvcounter-val:	1
cert-pkg:	cert/ICVSBContent.crt
2026-02-22 21:37:22,613 - **** Creating Content Certificate ****
2026-02-22 21:37:22,618 - **** Certificate file (context) creation has been completed successfully ****
2026-02-22 21:37:22,768 - Content Certificate Generation Utility started (Logging to sb_content_cert.log)
2026-02-22 21:37:22,768 - Parsing config file: cert/cfg/ICVSBContent.cfg
2026-02-22 21:37:22,768 - Parsed config items:
cert-keypair:	cert/key/ICVSBContent.pem
cert-keypair-pwd:	cert/key/ICVSBContent.pwd
load-verify-scheme:	0
crypto-type:	0
aes-ce-id:	0
aes-enc-key:	cert/key/KCEICV.txt
images-table:	cert/Images.txt
nvcounter-val:	1
cert-pkg:	cert/ICVSBContent.crt
2026-02-22 21:37:22,768 - **** Creating Content Certificate ****
2026-02-22 21:37:22,772 - **** Certificate file (context) creation has been completed successfully ****
2026-02-22 21:37:23,328 - Content Certificate Generation Utility started (Logging to sb_content_cert.log)
2026-02-22 21:37:23,328 - Parsing config file: cert/cfg/ICVSBContent.cfg
2026-02-22 21:37:23,328 - Parsed config items:
cert-keypair:	cert/key/ICVSBContent.pem
cert-keypair-pwd:	cert/key/ICVSBContent.pwd
load-verify-scheme:	0
crypto-type:	0
aes-ce-id:	0
aes-enc-key:	cert/key/KCEICV.txt
images-table:	cert/Images.txt
nvcounter-val:	1
cert-pkg:	cert/ICVSBContent.crt
2026-02-22 21:37:23,328 - **** Creating Content Certificate ****
2026-02-22 21:37:23,333 - **** Certificate file (context) creation has been completed successfully ****
2026-02-22 21:37:23,484 - Content Certificate Generation Utility started (Logging to sb_content_cert.log)
2026-02-22 21:37:23,484 - Parsing config file: cert/cfg/ICVSBContent.cfg
2026-02-22 21:37:23,484 - Parsed config items:
cert-keypair:	cert/key/ICVSBContent.pem
cert-keypair-pwd:	cert/key/ICVSBContent.pwd
load-verify-scheme:	0
crypto-type:	0
aes-ce-id:	0
aes-enc-key:	cert/key/KCEICV.txt
images-table:	cert/Images.txt
nvcounter-val:	1
cert-pkg:	cert/ICVSBContent.crt
2026-02-22 21:37:23,484 - **** Creating Content Certificate ****
2026-02-22 21:37:23,488 - **** Certificate file (context) creation has been completed successfully ****
2026-02-22 21:39:10,594 - Content Certificate Generation Utility started (Logging to sb_content_cert.log)
2026-02-22 21:39:10,594 - Parsing config file: cert/cfg/ICVSBContent.cfg
2026-02-22 21:39:10,595 - Parsed config items:
cert-keypair:	cert/key/ICVSBContent.pem
cert-keypair-pwd:	cert/key/ICVSBContent.pwd
load-verify-scheme:	0
crypto-type:	0
aes-ce-id:	0
aes-enc-key:	cert/key/KCEICV.txt
images-table:	cert/Images.txt
nvcounter-val:	1
cert-pkg:	cert/ICVSBContent.crt
2026-02-22 21:39:10,595 - **** Creating Content Certificate ****
2026-02-22 21:39:10,600 - **** Certificate file (context) creation has been completed successfully ****
2026-02-22 21:39:10,765 - Content Certificate Generation Utility started (Logging to sb_content_cert.log)
2026-02-22 21:39:10,765 - Parsing config file: cert/cfg/ICVSBContent.cfg
2026-02-22 21:39:10,765 - Parsed config items:
cert-keypair:	cert/key/ICVSBContent.pem
cert-keypair-pwd:	cert/key/ICVSBContent.pwd
load-verify-scheme:	0
crypto-type:	0
aes-ce-id:	0
aes-enc-key:	cert/key/KCEICV.txt
images-table:	cert/Images.txt
nvcounter-val:	1
cert-pkg:	cert/ICVSBContent.crt
2026-02-22 21:39:10,765 - **** Creating Content Certificate ****
2026-02-22 21:39:10,770 - **** Certificate file (context) creation has been completed successfully ****
2026-02-22 21:39:10,947 - Content Certificate Generation Utility started (Logging to sb_content_cert.log)
2026-02-22 21:39:10,948 - Parsing config file: cert/cfg/ICVSBContent.cfg
2026-02-22 21:39:10,948 - Parsed config items:
cert-keypair:	cert/key/ICVSBContent.pem
cert-keypair-pwd:	cert/key/ICVSBContent.pwd
load-verify-scheme:	0
crypto-type:	0
aes-ce-id:	0
aes-enc-key:	cert/key/KCEICV.txt
images-table:	cert/Images.txt
nvcounter-val:	1
cert-pkg:	cert/ICVSBContent.crt
2026-02-22 21:39:10,948 - **** Creating Content Certificate ****
2026-02-22 21:39:10,952 - **** Certificate file (context) creation has been completed successfully ****
2026-02-22 21:39:11,100 - Content Certificate Generation Utility started (Logging to sb_content_cert.log)
2026-02-22 21:39:11,100 - Parsing config file: cert/cfg/ICVSBContent.cfg
2026-02-22 21:39:11,100 - Parsed config items:
cert-keypair:	cert/key/ICVSBContent.pem
cert-keypair-pwd:	cert/key/ICVSBContent.pwd
load-verify-scheme:	0
crypto-type:	0
aes-ce-id:	0
aes-enc-key:	cert/key/KCEICV.txt
images-table:	cert/Images.txt
nvcounter-val:	1
cert-pkg:	cert/ICVSBContent.crt
2026-02-22 21:39:11,100 - **** Creating Content Certificate ****
2026-02-22 21:39:11,103 - **** Certificate file (context) creation has been completed successfully ****
2026-02-22 21:39:11,626 - Content Certificate Generation Utility started (Logging to sb_content_cert.log)
2026-02-22 21:39:11,627 - Parsing config file: cert/cfg/ICVSBContent.cfg
2026-02-22 21:39:11,627 - Parsed config items:
cert-keypair:	cert/key/ICVSBContent.pem
cert-keypair-pwd:	cert/key/ICVSBContent.pwd
load-verify-scheme:	0
crypto-type:	0
aes-ce-id:	0
aes-enc-key:	cert/key/KCEICV.txt
images-table:	cert/Images.txt
nvcounter-val:	1
cert-pkg:	cert/ICVSBContent.crt
2026-02-22 21:39:11,627 - **** Creating Content Certificate ****
2026-02-22 21:39:11,631 - **** Certificate file (context) creation has been completed successfully ****
2026-02-22 21:39:11,775 - Content Certificate Generation Utility started (Logging to sb_content_cert.log)
2026-02-22 21:39:11,776 - Parsing config file: cert/cfg/ICVSBContent.cfg
2026-02-22 21:39:11,776 - Parsed config items:
cert-keypair:	cert/key/ICVSBContent.pem
cert-keypair-pwd:	cert/key/ICVSBContent.pwd
load-verify-scheme:	0
crypto-type:	0
aes-ce-id:	0
aes-enc-key:	cert/key/KCEICV.txt
images-table:	cert/Images.txt
nvcounter-val:	1
cert-pkg:	cert/ICVSBContent.crt
2026-02-22 21:39:11,776 - **** Creating Content Certificate ****
2026-02-22 21:39:11,779 - **** Certificate file (context) creation has been completed successfully ****
2026-02-22 21:40:33,432 - Content Certificate Generation Utility started (Logging to sb_content_cert.log)
2026-02-22 21:40:33,433 - Parsing config file: cert/cfg/ICVSBContent.cfg
2026-02-22 21:40:33,433 - Parsed config items:
cert-keypair:	cert/key/ICVSBContent.pem
cert-keypair-pwd:	cert/key/ICVSBContent.pwd
load-verify-scheme:	0
crypto-type:	0
aes-ce-id:	0
aes-enc-key:	cert/key/KCEICV.txt
images-table:	cert/Images.txt
nvcounter-val:	1
cert-pkg:	cert/ICVSBContent.crt
2026-02-22 21:40:33,433 - **** Creating Content Certificate ****
2026-02-22 21:40:33,439 - **** Certificate file (context) creation has been completed successfully ****
2026-02-22 21:40:33,589 - Content Certificate Generation Utility started (Logging to sb_content_cert.log)
2026-02-22 21:40:33,590 - Parsing config file: cert/cfg/ICVSBContent.cfg
2026-02-22 21:40:33,590 - Parsed config items:
cert-keypair:	cert/key/ICVSBContent.pem
cert-keypair-pwd:	cert/key/ICVSBContent.pwd
load-verify-scheme:	0
crypto-type:	0
aes-ce-id:	0
aes-enc-key:	cert/key/KCEICV.txt
images-table:	cert/Images.txt
nvcounter-val:	1
cert-pkg:	cert/ICVSBContent.crt
2026-02-22 21:40:33,591 - **** Creating Content Certificate ****
2026-02-22 21:40:33,595 - **** Certificate file (context) creation has been completed successfully ****
2026-02-22 21:40:33,764 - Content Certificate Generation Utility started (Logging to sb_content_cert.log)
2026-02-22 21:40:33,764 - Parsing config file: cert/cfg/ICVSBContent.cfg
2026-02-22 21:40:33,764 - Parsed config items:
cert-keypair:	cert/key/ICVSBContent.pem
cert-keypair-pwd:	cert/key/ICVSBContent.pwd
load-verify-scheme:	0
crypto-type:	0
aes-ce-id:	0
aes-enc-key:	cert/key/KCEICV.txt
images-table:	cert/Images.txt
nvcounter-val:	1
cert-pkg:	cert/ICVSBContent.crt
2026-02-22 21:40:33,764 - **** Creating Content Certificate ****
2026-02-22 21:40:33,767 - **** Certificate file (context) creation has been completed successfully ****
2026-02-22 21:40:33,919 - Content Certificate Generation Utility started (Logging to sb_content_cert.log)
2026-02-22 21:40:33,919 - Parsing config file: cert/cfg/ICVSBContent.cfg
2026-02-22 21:40:33,919 - Parsed config items:
cert-keypair:	cert/key/ICVSBContent.pem
cert-keypair-pwd:	cert/key/ICVSBContent.pwd
load-verify-scheme:	0
crypto-type:	0
aes-ce-id:	0
aes-enc-key:	cert/key/KCEICV.txt
images-table:	cert/Images.txt
nvcounter-val:	1
cert-pkg:	cert/ICVSBContent.crt
2026-02-22 21:40:33,919 - **** Creating Content Certificate ****
2026-02-22 21:40:33,923 - **** Certificate file (context) creation has been completed successfully ****
2026-02-22 21:40:34,462 - Content Certificate Generation Utility started (Logging to sb_content_cert.log)
2026-02-22 21:40:34,463 - Parsing config file: cert/cfg/ICVSBContent.cfg
2026-02-22 21:40:34,463 - Parsed config items:
cert-keypair:	cert/key/ICVSBContent.pem
cert-keypair-pwd:	cert/key/ICVSBContent.pwd
load-verify-scheme:	0
crypto-type:	0
aes-ce-id:	0
aes-enc-key:	cert/key/KCEICV.txt
images-table:	cert/Images.txt
nvcounter-val:	1
cert-pkg:	cert/ICVSBContent.crt
2026-02-22 21:40:34,463 - **** Creating Content Certificate ****
2026-02-22 21:40:34,467 - **** Certificate file (context) creation has been completed successfully ****
2026-02-22 21:40:34,623 - Content Certificate Generation Utility started (Logging to sb_content_cert.log)
2026-02-22 21:40:34,623 - Parsing config file: cert/cfg/ICVSBContent.cfg
2026-02-22 21:40:34,624 - Parsed config items:
cert-keypair:	cert/key/ICVSBContent.pem
cert-keypair-pwd:	cert/key/ICVSBContent.pwd
load-verify-scheme:	0
crypto-type:	0
aes-ce-id:	0
aes-enc-key:	cert/key/KCEICV.txt
images-table:	cert/Images.txt
nvcounter-val:	1
cert-pkg:	cert/ICVSBContent.crt
2026-02-22 21:40:34,624 - **** Creating Content Certificate ****
2026-02-22 21:40:34,627 - **** Certificate file (context) creation has been completed successfully ****
2026-02-22 21:41:42,053 - Content Certificate Generation Utility started (Logging to sb_content_cert.log)
2026-02-22 21:41:42,054 - Parsing config file: cert/cfg/ICVSBContent.cfg
2026-02-22 21:41:42,054 - Parsed config items:
cert-keypair:	cert/key/ICVSBContent.pem
cert-keypair-pwd:	cert/key/ICVSBContent.pwd
load-verify-scheme:	0
crypto-type:	0
aes-ce-id:	0
aes-enc-key:	cert/key/KCEICV.txt
images-table:	cert/Images.txt
nvcounter-val:	1
cert-pkg:	cert/ICVSBContent.crt
2026-02-22 21:41:42,055 - **** Creating Content Certificate ****
2026-02-22 21:41:42,060 - **** Certificate file (context) creation has been completed successfully ****
2026-02-22 21:41:42,215 - Content Certificate Generation Utility started (Logging to sb_content_cert.log)
2026-02-22 21:41:42,215 - Parsing config file: cert/cfg/ICVSBContent.cfg
2026-02-22 21:41:42,215 - Parsed config items:
cert-keypair:	cert/key/ICVSBContent.pem
cert-keypair-pwd:	cert/key/ICVSBContent.pwd
load-verify-scheme:	0
crypto-type:	0
aes-ce-id:	0
aes-enc-key:	cert/key/KCEICV.txt
images-table:	cert/Images.txt
nvcounter-val:	1
cert-pkg:	cert/ICVSBContent.crt
2026-02-22 21:41:42,215 - **** Creating Content Certificate ****
2026-02-22 21:41:42,219 - **** Certificate file (context) creation has been completed successfully ****
2026-02-22 21:41:42,408 - Content Certificate Generation Utility started (Logging to sb_content_cert.log)
2026-02-22 21:41:42,408 - Parsing config file: cert/cfg/ICVSBContent.cfg
2026-02-22 21:41:42,409 - Parsed config items:
cert-keypair:	cert/key/ICVSBContent.pem
cert-keypair-pwd:	cert/key/ICVSBContent.pwd
load-verify-scheme:	0
crypto-type:	0
aes-ce-id:	0
aes-enc-key:	cert/key/KCEICV.txt
images-table:	cert/Images.txt
nvcounter-val:	1
cert-pkg:	cert/ICVSBContent.crt
2026-02-22 21:41:42,409 - **** Creating Content Certificate ****
2026-02-22 21:41:42,413 - **** Certificate file (context) creation has been completed successfully ****
2026-02-22 21:41:42,571 - Content Certificate Generation Utility started (Logging to sb_content_cert.log)
2026-02-22 21:41:42,571 - Parsing config file: cert/cfg/ICVSBContent.cfg
2026-02-22 21:41:42,571 - Parsed config items:
cert-keypair:	cert/key/ICVSBContent.pem
cert-keypair-pwd:	cert/key/ICVSBContent.pwd
load-verify-scheme:	0
crypto-type:	0
aes-ce-id:	0
aes-enc-key:	cert/key/KCEICV.txt
images-table:	cert/Images.txt
nvcounter-val:	1
cert-pkg:	cert/ICVSBContent.crt
2026-02-22 21:41:42,571 - **** Creating Content Certificate ****
2026-02-22 21:41:42,575 - **** Certificate file (context) creation has been completed successfully ****
2026-02-22 21:41:43,133 - Content Certificate Generation Utility started (Logging to sb_content_cert.log)
2026-02-22 21:41:43,133 - Parsing config file: cert/cfg/ICVSBContent.cfg
2026-02-22 21:41:43,133 - Parsed config items:
cert-keypair:	cert/key/ICVSBContent.pem
cert-keypair-pwd:	cert/key/ICVSBContent.pwd
load-verify-scheme:	0
crypto-type:	0
aes-ce-id:	0
aes-enc-key:	cert/key/KCEICV.txt
images-table:	cert/Images.txt
nvcounter-val:	1
cert-pkg:	cert/ICVSBContent.crt
2026-02-22 21:41:43,134 - **** Creating Content Certificate ****
2026-02-22 21:41:43,137 - **** Certificate file (context) creation has been completed successfully ****
2026-02-22 21:41:43,296 - Content Certificate Generation Utility started (Logging to sb_content_cert.log)
2026-02-22 21:41:43,296 - Parsing config file: cert/cfg/ICVSBContent.cfg
2026-02-22 21:41:43,296 - Parsed config items:
cert-keypair:	cert/key/ICVSBContent.pem
cert-keypair-pwd:	cert/key/ICVSBContent.pwd
load-verify-scheme:	0
crypto-type:	0
aes-ce-id:	0
aes-enc-key:	cert/key/KCEICV.txt
images-table:	cert/Images.txt
nvcounter-val:	1
cert-pkg:	cert/ICVSBContent.crt
2026-02-22 21:41:43,297 - **** Creating Content Certificate ****
2026-02-22 21:41:43,301 - **** Certificate file (context) creation has been completed successfully ****
2026-02-22 21:47:06,657 - Content Certificate Generation Utility started (Logging to sb_content_cert.log)
2026-02-22 21:47:06,657 - Parsing config file: cert/cfg/ICVSBContent.cfg
2026-02-22 21:47:06,657 - Parsed config items:
cert-keypair:	cert/key/ICVSBContent.pem
cert-keypair-pwd:	cert/key/ICVSBContent.pwd
load-verify-scheme:	0
crypto-type:	0
aes-ce-id:	0
aes-enc-key:	cert/key/KCEICV.txt
images-table:	cert/Images.txt
nvcounter-val:	1
cert-pkg:	cert/ICVSBContent.crt
2026-02-22 21:47:06,657 - **** Creating Content Certificate ****
2026-02-22 21:47:06,662 - **** Certificate file (context) creation has been completed successfully ****
2026-02-22 21:47:06,819 - Content Certificate Generation Utility started (Logging to sb_content_cert.log)
2026-02-22 21:47:06,819 - Parsing config file: cert/cfg/ICVSBContent.cfg
2026-02-22 21:47:06,819 - Parsed config items:
cert-keypair:	cert/key/ICVSBContent.pem
cert-keypair-pwd:	cert/key/ICVSBContent.pwd
load-verify-scheme:	0
crypto-type:	0
aes-ce-id:	0
aes-enc-key:	cert/key/KCEICV.txt
images-table:	cert/Images.txt
nvcounter-val:	1
cert-pkg:	cert/ICVSBContent.crt
2026-02-22 21:47:06,820 - **** Creating Content Certificate ****
2026-02-22 21:47:06,823 - **** Certificate file (context) creation has been completed successfully ****
2026-02-22 21:47:07,014 - Content Certificate Generation Utility started (Logging to sb_content_cert.log)
2026-02-22 21:47:07,014 - Parsing config file: cert/cfg/ICVSBContent.cfg
2026-02-22 21:47:07,014 - Parsed config items:
cert-keypair:	cert/key/ICVSBContent.pem
cert-keypair-pwd:	cert/key/ICVSBContent.pwd
load-verify-scheme:	0
crypto-type:	0
aes-ce-id:	0
aes-enc-key:	cert/key/KCEICV.txt
images-table:	cert/Images.txt
nvcounter-val:	1
cert-pkg:	cert/ICVSBContent.crt
2026-02-22 21:47:07,014 - **** Creating Content Certificate ****
2026-02-22 21:47:07,017 - **** Certificate file (context) creation has been completed successfully ****
2026-02-22 21:47:07,191 - Content Certificate Generation Utility started (Logging to sb_content_cert.log)
2026-02-22 21:47:07,191 - Parsing config file: cert/cfg/ICVSBContent.cfg
2026-02-22 21:47:07,191 - Parsed config items:
cert-keypair:	cert/key/ICVSBContent.pem
cert-keypair-pwd:	cert/key/ICVSBContent.pwd
load-verify-scheme:	0
crypto-type:	0
aes-ce-id:	0
aes-enc-key:	cert/key/KCEICV.txt
images-table:	cert/Images.txt
nvcounter-val:	1
cert-pkg:	cert/ICVSBContent.crt
2026-02-22 21:47:07,192 - **** Creating Content Certificate ****
2026-02-22 21:47:07,196 - **** Certificate file (context) creation has been completed successfully ****
2026-02-22 21:47:07,767 - Content Certificate Generation Utility started (Logging to sb_content_cert.log)
2026-02-22 21:47:07,767 - Parsing config file: cert/cfg/ICVSBContent.cfg
2026-02-22 21:47:07,767 - Parsed config items:
cert-keypair:	cert/key/ICVSBContent.pem
cert-keypair-pwd:	cert/key/ICVSBContent.pwd
load-verify-scheme:	0
crypto-type:	0
aes-ce-id:	0
aes-enc-key:	cert/key/KCEICV.txt
images-table:	cert/Images.txt
nvcounter-val:	1
cert-pkg:	cert/ICVSBContent.crt
2026-02-22 21:47:07,767 - **** Creating Content Certificate ****
2026-02-22 21:47:07,771 - **** Certificate file (context) creation has been completed successfully ****
2026-02-22 21:47:07,954 - Content Certificate Generation Utility started (Logging to sb_content_cert.log)
2026-02-22 21:47:07,955 - Parsing config file: cert/cfg/ICVSBContent.cfg
2026-02-22 21:47:07,955 - Parsed config items:
cert-keypair:	cert/key/ICVSBContent.pem
cert-keypair-pwd:	cert/key/ICVSBContent.pwd
load-verify-scheme:	0
crypto-type:	0
aes-ce-id:	0
aes-enc-key:	cert/key/KCEICV.txt
images-table:	cert/Images.txt
nvcounter-val:	1
cert-pkg:	cert/ICVSBContent.crt
2026-02-22 21:47:07,955 - **** Creating Content Certificate ****
2026-02-22 21:47:07,958 - **** Certificate file (context) creation has been completed successfully ****
2026-02-22 22:03:04,859 - Content Certificate Generation Utility started (Logging to sb_content_cert.log)
2026-02-22 22:03:04,860 - Parsing config file: cert/cfg/ICVSBContent.cfg
2026-02-22 22:03:04,861 - Parsed config items:
cert-keypair:	cert/key/ICVSBContent.pem
cert-keypair-pwd:	cert/key/ICVSBContent.pwd
load-verify-scheme:	0
crypto-type:	0
aes-ce-id:	0
aes-enc-key:	cert/key/KCEICV.txt
images-table:	cert/Images.txt
nvcounter-val:	1
cert-pkg:	cert/ICVSBContent.crt
2026-02-22 22:03:04,861 - **** Creating Content Certificate ****
2026-02-22 22:03:04,867 - **** Certificate file (context) creation has been completed successfully ****
2026-02-22 22:03:05,027 - Content Certificate Generation Utility started (Logging to sb_content_cert.log)
2026-02-22 22:03:05,027 - Parsing config file: cert/cfg/ICVSBContent.cfg
2026-02-22 22:03:05,027 - Parsed config items:
cert-keypair:	cert/key/ICVSBContent.pem
cert-keypair-pwd:	cert/key/ICVSBContent.pwd
load-verify-scheme:	0
crypto-type:	0
aes-ce-id:	0
aes-enc-key:	cert/key/KCEICV.txt
images-table:	cert/Images.txt
nvcounter-val:	1
cert-pkg:	cert/ICVSBContent.crt
2026-02-22 22:03:05,027 - **** Creating Content Certificate ****
2026-02-22 22:03:05,031 - **** Certificate file (context) creation has been completed successfully ****
2026-02-22 22:03:05,206 - Content Certificate Generation Utility started (Logging to sb_content_cert.log)
2026-02-22 22:03:05,206 - Parsing config file: cert/cfg/ICVSBContent.cfg
2026-02-22 22:03:05,206 - Parsed config items:
cert-keypair:	cert/key/ICVSBContent.pem
cert-keypair-pwd:	cert/key/ICVSBContent.pwd
load-verify-scheme:	0
crypto-type:	0
aes-ce-id:	0
aes-enc-key:	cert/key/KCEICV.txt
images-table:	cert/Images.txt
nvcounter-val:	1
cert-pkg:	cert/ICVSBContent.crt
2026-02-22 22:03:05,207 - **** Creating Content Certificate ****
2026-02-22 22:03:05,210 - **** Certificate file (context) creation has been completed successfully ****
2026-02-22 22:03:05,366 - Content Certificate Generation Utility started (Logging to sb_content_cert.log)
2026-02-22 22:03:05,366 - Parsing config file: cert/cfg/ICVSBContent.cfg
2026-02-22 22:03:05,366 - Parsed config items:
cert-keypair:	cert/key/ICVSBContent.pem
cert-keypair-pwd:	cert/key/ICVSBContent.pwd
load-verify-scheme:	0
crypto-type:	0
aes-ce-id:	0
aes-enc-key:	cert/key/KCEICV.txt
images-table:	cert/Images.txt
nvcounter-val:	1
cert-pkg:	cert/ICVSBContent.crt
2026-02-22 22:03:05,366 - **** Creating Content Certificate ****
2026-02-22 22:03:05,369 - **** Certificate file (context) creation has been completed successfully ****
2026-02-22 22:03:05,923 - Content Certificate Generation Utility started (Logging to sb_content_cert.log)
2026-02-22 22:03:05,923 - Parsing config file: cert/cfg/ICVSBContent.cfg
2026-02-22 22:03:05,923 - Parsed config items:
cert-keypair:	cert/key/ICVSBContent.pem
cert-keypair-pwd:	cert/key/ICVSBContent.pwd
load-verify-scheme:	0
crypto-type:	0
aes-ce-id:	0
aes-enc-key:	cert/key/KCEICV.txt
images-table:	cert/Images.txt
nvcounter-val:	1
cert-pkg:	cert/ICVSBContent.crt
2026-02-22 22:03:05,924 - **** Creating Content Certificate ****
2026-02-22 22:03:05,927 - **** Certificate file (context) creation has been completed successfully ****
2026-02-22 22:03:06,090 - Content Certificate Generation Utility started (Logging to sb_content_cert.log)
2026-02-22 22:03:06,090 - Parsing config file: cert/cfg/ICVSBContent.cfg
2026-02-22 22:03:06,090 - Parsed config items:
cert-keypair:	cert/key/ICVSBContent.pem
cert-keypair-pwd:	cert/key/ICVSBContent.pwd
load-verify-scheme:	0
crypto-type:	0
aes-ce-id:	0
aes-enc-key:	cert/key/KCEICV.txt
images-table:	cert/Images.txt
nvcounter-val:	1
cert-pkg:	cert/ICVSBContent.crt
2026-02-22 22:03:06,090 - **** Creating Content Certificate ****
2026-02-22 22:03:06,093 - **** Certificate file (context) creation has been completed successfully ****
2026-02-22 22:04:26,586 - Content Certificate Generation Utility started (Logging to sb_content_cert.log)
2026-02-22 22:04:26,586 - Parsing config file: cert/cfg/ICVSBContent.cfg
2026-02-22 22:04:26,587 - Parsed config items:
cert-keypair:	cert/key/ICVSBContent.pem
cert-keypair-pwd:	cert/key/ICVSBContent.pwd
load-verify-scheme:	0
crypto-type:	0
aes-ce-id:	0
aes-enc-key:	cert/key/KCEICV.txt
images-table:	cert/Images.txt
nvcounter-val:	1
cert-pkg:	cert/ICVSBContent.crt
2026-02-22 22:04:26,587 - **** Creating Content Certificate ****
2026-02-22 22:04:26,590 - **** Certificate file (context) creation has been completed successfully ****
2026-02-22 22:04:26,752 - Content Certificate Generation Utility started (Logging to sb_content_cert.log)
2026-02-22 22:04:26,752 - Parsing config file: cert/cfg/ICVSBContent.cfg
2026-02-22 22:04:26,752 - Parsed config items:
cert-keypair:	cert/key/ICVSBContent.pem
cert-keypair-pwd:	cert/key/ICVSBContent.pwd
load-verify-scheme:	0
crypto-type:	0
aes-ce-id:	0
aes-enc-key:	cert/key/KCEICV.txt
images-table:	cert/Images.txt
nvcounter-val:	1
cert-pkg:	cert/ICVSBContent.crt
2026-02-22 22:04:26,753 - **** Creating Content Certificate ****
2026-02-22 22:04:26,756 - **** Certificate file (context) creation has been completed successfully ****
2026-02-22 22:04:26,928 - Content Certificate Generation Utility started (Logging to sb_content_cert.log)
2026-02-22 22:04:26,928 - Parsing config file: cert/cfg/ICVSBContent.cfg
2026-02-22 22:04:26,928 - Parsed config items:
cert-keypair:	cert/key/ICVSBContent.pem
cert-keypair-pwd:	cert/key/ICVSBContent.pwd
load-verify-scheme:	0
crypto-type:	0
aes-ce-id:	0
aes-enc-key:	cert/key/KCEICV.txt
images-table:	cert/Images.txt
nvcounter-val:	1
cert-pkg:	cert/ICVSBContent.crt
2026-02-22 22:04:26,928 - **** Creating Content Certificate ****
2026-02-22 22:04:26,931 - **** Certificate file (context) creation has been completed successfully ****
2026-02-22 22:04:27,084 - Content Certificate Generation Utility started (Logging to sb_content_cert.log)
2026-02-22 22:04:27,084 - Parsing config file: cert/cfg/ICVSBContent.cfg
2026-02-22 22:04:27,084 - Parsed config items:
cert-keypair:	cert/key/ICVSBContent.pem
cert-keypair-pwd:	cert/key/ICVSBContent.pwd
load-verify-scheme:	0
crypto-type:	0
aes-ce-id:	0
aes-enc-key:	cert/key/KCEICV.txt
images-table:	cert/Images.txt
nvcounter-val:	1
cert-pkg:	cert/ICVSBContent.crt
2026-02-22 22:04:27,084 - **** Creating Content Certificate ****
2026-02-22 22:04:27,087 - **** Certificate file (context) creation has been completed successfully ****
2026-02-22 22:04:27,622 - Content Certificate Generation Utility started (Logging to sb_content_cert.log)
2026-02-22 22:04:27,623 - Parsing config file: cert/cfg/ICVSBContent.cfg
2026-02-22 22:04:27,623 - Parsed config items:
cert-keypair:	cert/key/ICVSBContent.pem
cert-keypair-pwd:	cert/key/ICVSBContent.pwd
load-verify-scheme:	0
crypto-type:	0
aes-ce-id:	0
aes-enc-key:	cert/key/KCEICV.txt
images-table:	cert/Images.txt
nvcounter-val:	1
cert-pkg:	cert/ICVSBContent.crt
2026-02-22 22:04:27,623 - **** Creating Content Certificate ****
2026-02-22 22:04:27,628 - **** Certificate file (context) creation has been completed successfully ****
2026-02-22 22:04:27,780 - Content Certificate Generation Utility started (Logging to sb_content_cert.log)
2026-02-22 22:04:27,780 - Parsing config file: cert/cfg/ICVSBContent.cfg
2026-02-22 22:04:27,780 - Parsed config items:
cert-keypair:	cert/key/ICVSBContent.pem
cert-keypair-pwd:	cert/key/ICVSBContent.pwd
load-verify-scheme:	0
crypto-type:	0
aes-ce-id:	0
aes-enc-key:	cert/key/KCEICV.txt
images-table:	cert/Images.txt
nvcounter-val:	1
cert-pkg:	cert/ICVSBContent.crt
2026-02-22 22:04:27,780 - **** Creating Content Certificate ****
2026-02-22 22:04:27,785 - **** Certificate file (context) creation has been completed successfully ****
2026-02-22 22:11:32,107 - Content Certificate Generation Utility started (Logging to sb_content_cert.log)
2026-02-22 22:11:32,107 - Parsing config file: cert/cfg/ICVSBContent.cfg
2026-02-22 22:11:32,107 - Parsed config items:
cert-keypair:	cert/key/ICVSBContent.pem
cert-keypair-pwd:	cert/key/ICVSBContent.pwd
load-verify-scheme:	0
crypto-type:	0
aes-ce-id:	0
aes-enc-key:	cert/key/KCEICV.txt
images-table:	cert/Images.txt
nvcounter-val:	1
cert-pkg:	cert/ICVSBContent.crt
2026-02-22 22:11:32,107 - **** Creating Content Certificate ****
2026-02-22 22:11:32,112 - **** Certificate file (context) creation has been completed successfully ****
2026-02-22 22:11:32,249 - Content Certificate Generation Utility started (Logging to sb_content_cert.log)
2026-02-22 22:11:32,249 - Parsing config file: cert/cfg/ICVSBContent.cfg
2026-02-22 22:11:32,249 - Parsed config items:
cert-keypair:	cert/key/ICVSBContent.pem
cert-keypair-pwd:	cert/key/ICVSBContent.pwd
load-verify-scheme:	0
crypto-type:	0
aes-ce-id:	0
aes-enc-key:	cert/key/KCEICV.txt
images-table:	cert/Images.txt
nvcounter-val:	1
cert-pkg:	cert/ICVSBContent.crt
2026-02-22 22:11:32,250 - **** Creating Content Certificate ****
2026-02-22 22:11:32,253 - **** Certificate file (context) creation has been completed successfully ****
2026-02-22 22:11:32,418 - Content Certificate Generation Utility started (Logging to sb_content_cert.log)
2026-02-22 22:11:32,419 - Parsing config file: cert/cfg/ICVSBContent.cfg
2026-02-22 22:11:32,419 - Parsed config items:
cert-keypair:	cert/key/ICVSBContent.pem
cert-keypair-pwd:	cert/key/ICVSBContent.pwd
load-verify-scheme:	0
crypto-type:	0
aes-ce-id:	0
aes-enc-key:	cert/key/KCEICV.txt
images-table:	cert/Images.txt
nvcounter-val:	1
cert-pkg:	cert/ICVSBContent.crt
2026-02-22 22:11:32,419 - **** Creating Content Certificate ****
2026-02-22 22:11:32,423 - **** Certificate file (context) creation has been completed successfully ****
2026-02-22 22:11:32,566 - Content Certificate Generation Utility started (Logging to sb_content_cert.log)
2026-02-22 22:11:32,566 - Parsing config file: cert/cfg/ICVSBContent.cfg
2026-02-22 22:11:32,566 - Parsed config items:
cert-keypair:	cert/key/ICVSBContent.pem
cert-keypair-pwd:	cert/key/ICVSBContent.pwd
load-verify-scheme:	0
crypto-type:	0
aes-ce-id:	0
aes-enc-key:	cert/key/KCEICV.txt
images-table:	cert/Images.txt
nvcounter-val:	1
cert-pkg:	cert/ICVSBContent.crt
2026-02-22 22:11:32,566 - **** Creating Content Certificate ****
2026-02-22 22:11:32,569 - **** Certificate file (context) creation has been completed successfully ****
2026-02-22 22:11:33,087 - Content Certificate Generation Utility started (Logging to sb_content_cert.log)
2026-02-22 22:11:33,087 - Parsing config file: cert/cfg/ICVSBContent.cfg
2026-02-22 22:11:33,088 - Parsed config items:
cert-keypair:	cert/key/ICVSBContent.pem
cert-keypair-pwd:	cert/key/ICVSBContent.pwd
load-verify-scheme:	0
crypto-type:	0
aes-ce-id:	0
aes-enc-key:	cert/key/KCEICV.txt
images-table:	cert/Images.txt
nvcounter-val:	1
cert-pkg:	cert/ICVSBContent.crt
2026-02-22 22:11:33,088 - **** Creating Content Certificate ****
2026-02-22 22:11:33,090 - **** Certificate file (context) creation has been completed successfully ****
2026-02-22 22:11:33,234 - Content Certificate Generation Utility started (Logging to sb_content_cert.log)
2026-02-22 22:11:33,234 - Parsing config file: cert/cfg/ICVSBContent.cfg
2026-02-22 22:11:33,234 - Parsed config items:
cert-keypair:	cert/key/ICVSBContent.pem
cert-keypair-pwd:	cert/key/ICVSBContent.pwd
load-verify-scheme:	0
crypto-type:	0
aes-ce-id:	0
aes-enc-key:	cert/key/KCEICV.txt
images-table:	cert/Images.txt
nvcounter-val:	1
cert-pkg:	cert/ICVSBContent.crt
2026-02-22 22:11:33,235 - **** Creating Content Certificate ****
2026-02-22 22:11:33,237 - **** Certificate file (context) creation has been completed successfully ****
2026-02-22 22:14:29,708 - Content Certificate Generation Utility started (Logging to sb_content_cert.log)
2026-02-22 22:14:29,709 - Parsing config file: cert/cfg/ICVSBContent.cfg
2026-02-22 22:14:29,709 - Parsed config items:
cert-keypair:	cert/key/ICVSBContent.pem
cert-keypair-pwd:	cert/key/ICVSBContent.pwd
load-verify-scheme:	0
crypto-type:	0
aes-ce-id:	0
aes-enc-key:	cert/key/KCEICV.txt
images-table:	cert/Images.txt
nvcounter-val:	1
cert-pkg:	cert/ICVSBContent.crt
2026-02-22 22:14:29,710 - **** Creating Content Certificate ****
2026-02-22 22:14:29,714 - **** Certificate file (context) creation has been completed successfully ****
2026-02-22 22:14:29,861 - Content Certificate Generation Utility started (Logging to sb_content_cert.log)
2026-02-22 22:14:29,861 - Parsing config file: cert/cfg/ICVSBContent.cfg
2026-02-22 22:14:29,861 - Parsed config items:
cert-keypair:	cert/key/ICVSBContent.pem
cert-keypair-pwd:	cert/key/ICVSBContent.pwd
load-verify-scheme:	0
crypto-type:	0
aes-ce-id:	0
aes-enc-key:	cert/key/KCEICV.txt
images-table:	cert/Images.txt
nvcounter-val:	1
cert-pkg:	cert/ICVSBContent.crt
2026-02-22 22:14:29,861 - **** Creating Content Certificate ****
2026-02-22 22:14:29,865 - **** Certificate file (context) creation has been completed successfully ****
2026-02-22 22:14:30,039 - Content Certificate Generation Utility started (Logging to sb_content_cert.log)
2026-02-22 22:14:30,040 - Parsing config file: cert/cfg/ICVSBContent.cfg
2026-02-22 22:14:30,040 - Parsed config items:
cert-keypair:	cert/key/ICVSBContent.pem
cert-keypair-pwd:	cert/key/ICVSBContent.pwd
load-verify-scheme:	0
crypto-type:	0
aes-ce-id:	0
aes-enc-key:	cert/key/KCEICV.txt
images-table:	cert/Images.txt
nvcounter-val:	1
cert-pkg:	cert/ICVSBContent.crt
2026-02-22 22:14:30,040 - **** Creating Content Certificate ****
2026-02-22 22:14:30,043 - **** Certificate file (context) creation has been completed successfully ****
2026-02-22 22:14:30,180 - Content Certificate Generation Utility started (Logging to sb_content_cert.log)
2026-02-22 22:14:30,180 - Parsing config file: cert/cfg/ICVSBContent.cfg
2026-02-22 22:14:30,180 - Parsed config items:
cert-keypair:	cert/key/ICVSBContent.pem
cert-keypair-pwd:	cert/key/ICVSBContent.pwd
load-verify-scheme:	0
crypto-type:	0
aes-ce-id:	0
aes-enc-key:	cert/key/KCEICV.txt
images-table:	cert/Images.txt
nvcounter-val:	1
cert-pkg:	cert/ICVSBContent.crt
2026-02-22 22:14:30,180 - **** Creating Content Certificate ****
2026-02-22 22:14:30,183 - **** Certificate file (context) creation has been completed successfully ****
2026-02-22 22:14:30,707 - Content Certificate Generation Utility started (Logging to sb_content_cert.log)
2026-02-22 22:14:30,707 - Parsing config file: cert/cfg/ICVSBContent.cfg
2026-02-22 22:14:30,708 - Parsed config items:
cert-keypair:	cert/key/ICVSBContent.pem
cert-keypair-pwd:	cert/key/ICVSBContent.pwd
load-verify-scheme:	0
crypto-type:	0
aes-ce-id:	0
aes-enc-key:	cert/key/KCEICV.txt
images-table:	cert/Images.txt
nvcounter-val:	1
cert-pkg:	cert/ICVSBContent.crt
2026-02-22 22:14:30,708 - **** Creating Content Certificate ****
2026-02-22 22:14:30,711 - **** Certificate file (context) creation has been completed successfully ****
2026-02-22 22:14:30,855 - Content Certificate Generation Utility started (Logging to sb_content_cert.log)
2026-02-22 22:14:30,855 - Parsing config file: cert/cfg/ICVSBContent.cfg
2026-02-22 22:14:30,856 - Parsed config items:
cert-keypair:	cert/key/ICVSBContent.pem
cert-keypair-pwd:	cert/key/ICVSBContent.pwd
load-verify-scheme:	0
crypto-type:	0
aes-ce-id:	0
aes-enc-key:	cert/key/KCEICV.txt
images-table:	cert/Images.txt
nvcounter-val:	1
cert-pkg:	cert/ICVSBContent.crt
2026-02-22 22:14:30,856 - **** Creating Content Certificate ****
2026-02-22 22:14:30,859 - **** Certificate file (context) creation has been completed successfully ****
2026-02-22 22:19:02,801 - Content Certificate Generation Utility started (Logging to sb_content_cert.log)
2026-02-22 22:19:02,801 - Parsing config file: cert/cfg/ICVSBContent.cfg
2026-02-22 22:19:02,802 - Parsed config items:
cert-keypair:	cert/key/ICVSBContent.pem
cert-keypair-pwd:	cert/key/ICVSBContent.pwd
load-verify-scheme:	0
crypto-type:	0
aes-ce-id:	0
aes-enc-key:	cert/key/KCEICV.txt
images-table:	cert/Images.txt
nvcounter-val:	1
cert-pkg:	cert/ICVSBContent.crt
2026-02-22 22:19:02,802 - **** Creating Content Certificate ****
2026-02-22 22:19:02,807 - **** Certificate file (context) creation has been completed successfully ****
2026-02-22 22:19:02,950 - Content Certificate Generation Utility started (Logging to sb_content_cert.log)
2026-02-22 22:19:02,950 - Parsing config file: cert/cfg/ICVSBContent.cfg
2026-02-22 22:19:02,950 - Parsed config items:
cert-keypair:	cert/key/ICVSBContent.pem
cert-keypair-pwd:	cert/key/ICVSBContent.pwd
load-verify-scheme:	0
crypto-type:	0
aes-ce-id:	0
aes-enc-key:	cert/key/KCEICV.txt
images-table:	cert/Images.txt
nvcounter-val:	1
cert-pkg:	cert/ICVSBContent.crt
2026-02-22 22:19:02,950 - **** Creating Content Certificate ****
2026-02-22 22:19:02,956 - **** Certificate file (context) creation has been completed successfully ****
2026-02-22 22:19:03,146 - Content Certificate Generation Utility started (Logging to sb_content_cert.log)
2026-02-22 22:19:03,146 - Parsing config file: cert/cfg/ICVSBContent.cfg
2026-02-22 22:19:03,147 - Parsed config items:
cert-keypair:	cert/key/ICVSBContent.pem
cert-keypair-pwd:	cert/key/ICVSBContent.pwd
load-verify-scheme:	0
crypto-type:	0
aes-ce-id:	0
aes-enc-key:	cert/key/KCEICV.txt
images-table:	cert/Images.txt
nvcounter-val:	1
cert-pkg:	cert/ICVSBContent.crt
2026-02-22 22:19:03,147 - **** Creating Content Certificate ****
2026-02-22 22:19:03,151 - **** Certificate file (context) creation has been completed successfully ****
2026-02-22 22:19:03,296 - Content Certificate Generation Utility started (Logging to sb_content_cert.log)
2026-02-22 22:19:03,297 - Parsing config file: cert/cfg/ICVSBContent.cfg
2026-02-22 22:19:03,297 - Parsed config items:
cert-keypair:	cert/key/ICVSBContent.pem
cert-keypair-pwd:	cert/key/ICVSBContent.pwd
load-verify-scheme:	0
crypto-type:	0
aes-ce-id:	0
aes-enc-key:	cert/key/KCEICV.txt
images-table:	cert/Images.txt
nvcounter-val:	1
cert-pkg:	cert/ICVSBContent.crt
2026-02-22 22:19:03,297 - **** Creating Content Certificate ****
2026-02-22 22:19:03,300 - **** Certificate file (context) creation has been completed successfully ****
2026-02-22 22:19:03,849 - Content Certificate Generation Utility started (Logging to sb_content_cert.log)
2026-02-22 22:19:03,849 - Parsing config file: cert/cfg/ICVSBContent.cfg
2026-02-22 22:19:03,849 - Parsed config items:
cert-keypair:	cert/key/ICVSBContent.pem
cert-keypair-pwd:	cert/key/ICVSBContent.pwd
load-verify-scheme:	0
crypto-type:	0
aes-ce-id:	0
aes-enc-key:	cert/key/KCEICV.txt
images-table:	cert/Images.txt
nvcounter-val:	1
cert-pkg:	cert/ICVSBContent.crt
2026-02-22 22:19:03,849 - **** Creating Content Certificate ****
2026-02-22 22:19:03,852 - **** Certificate file (context) creation has been completed successfully ****
2026-02-22 22:19:04,007 - Content Certificate Generation Utility started (Logging to sb_content_cert.log)
2026-02-22 22:19:04,007 - Parsing config file: cert/cfg/ICVSBContent.cfg
2026-02-22 22:19:04,007 - Parsed config items:
cert-keypair:	cert/key/ICVSBContent.pem
cert-keypair-pwd:	cert/key/ICVSBContent.pwd
load-verify-scheme:	0
crypto-type:	0
aes-ce-id:	0
aes-enc-key:	cert/key/KCEICV.txt
images-table:	cert/Images.txt
nvcounter-val:	1
cert-pkg:	cert/ICVSBContent.crt
2026-02-22 22:19:04,007 - **** Creating Content Certificate ****
2026-02-22 22:19:04,010 - **** Certificate file (context) creation has been completed successfully ****
2026-02-22 22:20:30,218 - Content Certificate Generation Utility started (Logging to sb_content_cert.log)
2026-02-22 22:20:30,218 - Parsing config file: cert/cfg/ICVSBContent.cfg
2026-02-22 22:20:30,218 - Parsed config items:
cert-keypair:	cert/key/ICVSBContent.pem
cert-keypair-pwd:	cert/key/ICVSBContent.pwd
load-verify-scheme:	0
crypto-type:	0
aes-ce-id:	0
aes-enc-key:	cert/key/KCEICV.txt
images-table:	cert/Images.txt
nvcounter-val:	1
cert-pkg:	cert/ICVSBContent.crt
2026-02-22 22:20:30,219 - **** Creating Content Certificate ****
2026-02-22 22:20:30,223 - **** Certificate file (context) creation has been completed successfully ****
2026-02-22 22:20:30,369 - Content Certificate Generation Utility started (Logging to sb_content_cert.log)
2026-02-22 22:20:30,369 - Parsing config file: cert/cfg/ICVSBContent.cfg
2026-02-22 22:20:30,370 - Parsed config items:
cert-keypair:	cert/key/ICVSBContent.pem
cert-keypair-pwd:	cert/key/ICVSBContent.pwd
load-verify-scheme:	0
crypto-type:	0
aes-ce-id:	0
aes-enc-key:	cert/key/KCEICV.txt
images-table:	cert/Images.txt
nvcounter-val:	1
cert-pkg:	cert/ICVSBContent.crt
2026-02-22 22:20:30,370 - **** Creating Content Certificate ****
2026-02-22 22:20:30,373 - **** Certificate file (context) creation has been completed successfully ****
2026-02-22 22:20:30,538 - Content Certificate Generation Utility started (Logging to sb_content_cert.log)
2026-02-22 22:20:30,538 - Parsing config file: cert/cfg/ICVSBContent.cfg
2026-02-22 22:20:30,538 - Parsed config items:
cert-keypair:	cert/key/ICVSBContent.pem
cert-keypair-pwd:	cert/key/ICVSBContent.pwd
load-verify-scheme:	0
crypto-type:	0
aes-ce-id:	0
aes-enc-key:	cert/key/KCEICV.txt
images-table:	cert/Images.txt
nvcounter-val:	1
cert-pkg:	cert/ICVSBContent.crt
2026-02-22 22:20:30,539 - **** Creating Content Certificate ****
2026-02-22 22:20:30,543 - **** Certificate file (context) creation has been completed successfully ****
2026-02-22 22:20:30,686 - Content Certificate Generation Utility started (Logging to sb_content_cert.log)
2026-02-22 22:20:30,686 - Parsing config file: cert/cfg/ICVSBContent.cfg
2026-02-22 22:20:30,686 - Parsed config items:
cert-keypair:	cert/key/ICVSBContent.pem
cert-keypair-pwd:	cert/key/ICVSBContent.pwd
load-verify-scheme:	0
crypto-type:	0
aes-ce-id:	0
aes-enc-key:	cert/key/KCEICV.txt
images-table:	cert/Images.txt
nvcounter-val:	1
cert-pkg:	cert/ICVSBContent.crt
2026-02-22 22:20:30,686 - **** Creating Content Certificate ****
2026-02-22 22:20:30,690 - **** Certificate file (context) creation has been completed successfully ****
2026-02-22 22:20:31,222 - Content Certificate Generation Utility started (Logging to sb_content_cert.log)
2026-02-22 22:20:31,223 - Parsing config file: cert/cfg/ICVSBContent.cfg
2026-02-22 22:20:31,223 - Parsed config items:
cert-keypair:	cert/key/ICVSBContent.pem
cert-keypair-pwd:	cert/key/ICVSBContent.pwd
load-verify-scheme:	0
crypto-type:	0
aes-ce-id:	0
aes-enc-key:	cert/key/KCEICV.txt
images-table:	cert/Images.txt
nvcounter-val:	1
cert-pkg:	cert/ICVSBContent.crt
2026-02-22 22:20:31,223 - **** Creating Content Certificate ****
2026-02-22 22:20:31,226 - **** Certificate file (context) creation has been completed successfully ****
2026-02-22 22:20:31,377 - Content Certificate Generation Utility started (Logging to sb_content_cert.log)
2026-02-22 22:20:31,377 - Parsing config file: cert/cfg/ICVSBContent.cfg
2026-02-22 22:20:31,377 - Parsed config items:
cert-keypair:	cert/key/ICVSBContent.pem
cert-keypair-pwd:	cert/key/ICVSBContent.pwd
load-verify-scheme:	0
crypto-type:	0
aes-ce-id:	0
aes-enc-key:	cert/key/KCEICV.txt
images-table:	cert/Images.txt
nvcounter-val:	1
cert-pkg:	cert/ICVSBContent.crt
2026-02-22 22:20:31,377 - **** Creating Content Certificate ****
2026-02-22 22:20:31,380 - **** Certificate file (context) creation has been completed successfully ****
2026-02-22 22:21:55,685 - Content Certificate Generation Utility started (Logging to sb_content_cert.log)
2026-02-22 22:21:55,685 - Parsing config file: cert/cfg/ICVSBContent.cfg
2026-02-22 22:21:55,685 - Parsed config items:
cert-keypair:	cert/key/ICVSBContent.pem
cert-keypair-pwd:	cert/key/ICVSBContent.pwd
load-verify-scheme:	0
crypto-type:	0
aes-ce-id:	0
aes-enc-key:	cert/key/KCEICV.txt
images-table:	cert/Images.txt
nvcounter-val:	1
cert-pkg:	cert/ICVSBContent.crt
2026-02-22 22:21:55,685 - **** Creating Content Certificate ****
2026-02-22 22:21:55,689 - **** Certificate file (context) creation has been completed successfully ****
2026-02-22 22:21:55,845 - Content Certificate Generation Utility started (Logging to sb_content_cert.log)
2026-02-22 22:21:55,845 - Parsing config file: cert/cfg/ICVSBContent.cfg
2026-02-22 22:21:55,845 - Parsed config items:
cert-keypair:	cert/key/ICVSBContent.pem
cert-keypair-pwd:	cert/key/ICVSBContent.pwd
load-verify-scheme:	0
crypto-type:	0
aes-ce-id:	0
aes-enc-key:	cert/key/KCEICV.txt
images-table:	cert/Images.txt
nvcounter-val:	1
cert-pkg:	cert/ICVSBContent.crt
2026-02-22 22:21:55,846 - **** Creating Content Certificate ****
2026-02-22 22:21:55,848 - **** Certificate file (context) creation has been completed successfully ****
2026-02-22 22:21:56,033 - Content Certificate Generation Utility started (Logging to sb_content_cert.log)
2026-02-22 22:21:56,033 - Parsing config file: cert/cfg/ICVSBContent.cfg
2026-02-22 22:21:56,033 - Parsed config items:
cert-keypair:	cert/key/ICVSBContent.pem
cert-keypair-pwd:	cert/key/ICVSBContent.pwd
load-verify-scheme:	0
crypto-type:	0
aes-ce-id:	0
aes-enc-key:	cert/key/KCEICV.txt
images-table:	cert/Images.txt
nvcounter-val:	1
cert-pkg:	cert/ICVSBContent.crt
2026-02-22 22:21:56,033 - **** Creating Content Certificate ****
2026-02-22 22:21:56,037 - **** Certificate file (context) creation has been completed successfully ****
2026-02-22 22:21:56,179 - Content Certificate Generation Utility started (Logging to sb_content_cert.log)
2026-02-22 22:21:56,179 - Parsing config file: cert/cfg/ICVSBContent.cfg
2026-02-22 22:21:56,179 - Parsed config items:
cert-keypair:	cert/key/ICVSBContent.pem
cert-keypair-pwd:	cert/key/ICVSBContent.pwd
load-verify-scheme:	0
crypto-type:	0
aes-ce-id:	0
aes-enc-key:	cert/key/KCEICV.txt
images-table:	cert/Images.txt
nvcounter-val:	1
cert-pkg:	cert/ICVSBContent.crt
2026-02-22 22:21:56,179 - **** Creating Content Certificate ****
2026-02-22 22:21:56,182 - **** Certificate file (context) creation has been completed successfully ****
2026-02-22 22:21:56,762 - Content Certificate Generation Utility started (Logging to sb_content_cert.log)
2026-02-22 22:21:56,762 - Parsing config file: cert/cfg/ICVSBContent.cfg
2026-02-22 22:21:56,762 - Parsed config items:
cert-keypair:	cert/key/ICVSBContent.pem
cert-keypair-pwd:	cert/key/ICVSBContent.pwd
load-verify-scheme:	0
crypto-type:	0
aes-ce-id:	0
aes-enc-key:	cert/key/KCEICV.txt
images-table:	cert/Images.txt
nvcounter-val:	1
cert-pkg:	cert/ICVSBContent.crt
2026-02-22 22:21:56,762 - **** Creating Content Certificate ****
2026-02-22 22:21:56,766 - **** Certificate file (context) creation has been completed successfully ****
2026-02-22 22:21:56,916 - Content Certificate Generation Utility started (Logging to sb_content_cert.log)
2026-02-22 22:21:56,916 - Parsing config file: cert/cfg/ICVSBContent.cfg
2026-02-22 22:21:56,916 - Parsed config items:
cert-keypair:	cert/key/ICVSBContent.pem
cert-keypair-pwd:	cert/key/ICVSBContent.pwd
load-verify-scheme:	0
crypto-type:	0
aes-ce-id:	0
aes-enc-key:	cert/key/KCEICV.txt
images-table:	cert/Images.txt
nvcounter-val:	1
cert-pkg:	cert/ICVSBContent.crt
2026-02-22 22:21:56,917 - **** Creating Content Certificate ****
2026-02-22 22:21:56,923 - **** Certificate file (context) creation has been completed successfully ****
2026-02-22 22:26:43,385 - Content Certificate Generation Utility started (Logging to sb_content_cert.log)
2026-02-22 22:26:43,385 - Parsing config file: cert/cfg/ICVSBContent.cfg
2026-02-22 22:26:43,385 - Parsed config items:
cert-keypair:	cert/key/ICVSBContent.pem
cert-keypair-pwd:	cert/key/ICVSBContent.pwd
load-verify-scheme:	0
crypto-type:	0
aes-ce-id:	0
aes-enc-key:	cert/key/KCEICV.txt
images-table:	cert/Images.txt
nvcounter-val:	1
cert-pkg:	cert/ICVSBContent.crt
2026-02-22 22:26:43,386 - **** Creating Content Certificate ****
2026-02-22 22:26:43,391 - **** Certificate file (context) creation has been completed successfully ****
2026-02-22 22:26:43,538 - Content Certificate Generation Utility started (Logging to sb_content_cert.log)
2026-02-22 22:26:43,538 - Parsing config file: cert/cfg/ICVSBContent.cfg
2026-02-22 22:26:43,539 - Parsed config items:
cert-keypair:	cert/key/ICVSBContent.pem
cert-keypair-pwd:	cert/key/ICVSBContent.pwd
load-verify-scheme:	0
crypto-type:	0
aes-ce-id:	0
aes-enc-key:	cert/key/KCEICV.txt
images-table:	cert/Images.txt
nvcounter-val:	1
cert-pkg:	cert/ICVSBContent.crt
2026-02-22 22:26:43,539 - **** Creating Content Certificate ****
2026-02-22 22:26:43,543 - **** Certificate file (context) creation has been completed successfully ****
2026-02-22 22:26:43,779 - Content Certificate Generation Utility started (Logging to sb_content_cert.log)
2026-02-22 22:26:43,779 - Parsing config file: cert/cfg/ICVSBContent.cfg
2026-02-22 22:26:43,779 - Parsed config items:
cert-keypair:	cert/key/ICVSBContent.pem
cert-keypair-pwd:	cert/key/ICVSBContent.pwd
load-verify-scheme:	0
crypto-type:	0
aes-ce-id:	0
aes-enc-key:	cert/key/KCEICV.txt
images-table:	cert/Images.txt
nvcounter-val:	1
cert-pkg:	cert/ICVSBContent.crt
2026-02-22 22:26:43,780 - **** Creating Content Certificate ****
2026-02-22 22:26:43,784 - **** Certificate file (context) creation has been completed successfully ****
2026-02-22 22:26:43,946 - Content Certificate Generation Utility started (Logging to sb_content_cert.log)
2026-02-22 22:26:43,947 - Parsing config file: cert/cfg/ICVSBContent.cfg
2026-02-22 22:26:43,947 - Parsed config items:
cert-keypair:	cert/key/ICVSBContent.pem
cert-keypair-pwd:	cert/key/ICVSBContent.pwd
load-verify-scheme:	0
crypto-type:	0
aes-ce-id:	0
aes-enc-key:	cert/key/KCEICV.txt
images-table:	cert/Images.txt
nvcounter-val:	1
cert-pkg:	cert/ICVSBContent.crt
2026-02-22 22:26:43,947 - **** Creating Content Certificate ****
2026-02-22 22:26:43,950 - **** Certificate file (context) creation has been completed successfully ****
2026-02-22 22:26:44,513 - Content Certificate Generation Utility started (Logging to sb_content_cert.log)
2026-02-22 22:26:44,513 - Parsing config file: cert/cfg/ICVSBContent.cfg
2026-02-22 22:26:44,513 - Parsed config items:
cert-keypair:	cert/key/ICVSBContent.pem
cert-keypair-pwd:	cert/key/ICVSBContent.pwd
load-verify-scheme:	0
crypto-type:	0
aes-ce-id:	0
aes-enc-key:	cert/key/KCEICV.txt
images-table:	cert/Images.txt
nvcounter-val:	1
cert-pkg:	cert/ICVSBContent.crt
2026-02-22 22:26:44,514 - **** Creating Content Certificate ****
2026-02-22 22:26:44,518 - **** Certificate file (context) creation has been completed successfully ****
2026-02-22 22:26:44,676 - Content Certificate Generation Utility started (Logging to sb_content_cert.log)
2026-02-22 22:26:44,676 - Parsing config file: cert/cfg/ICVSBContent.cfg
2026-02-22 22:26:44,677 - Parsed config items:
cert-keypair:	cert/key/ICVSBContent.pem
cert-keypair-pwd:	cert/key/ICVSBContent.pwd
load-verify-scheme:	0
crypto-type:	0
aes-ce-id:	0
aes-enc-key:	cert/key/KCEICV.txt
images-table:	cert/Images.txt
nvcounter-val:	1
cert-pkg:	cert/ICVSBContent.crt
2026-02-22 22:26:44,677 - **** Creating Content Certificate ****
2026-02-22 22:26:44,680 - **** Certificate file (context) creation has been completed successfully ****
2026-02-22 22:28:28,292 - Content Certificate Generation Utility started (Logging to sb_content_cert.log)
2026-02-22 22:28:28,294 - Parsing config file: cert/cfg/ICVSBContent.cfg
2026-02-22 22:28:28,294 - Parsed config items:
cert-keypair:	cert/key/ICVSBContent.pem
cert-keypair-pwd:	cert/key/ICVSBContent.pwd
load-verify-scheme:	0
crypto-type:	0
aes-ce-id:	0
aes-enc-key:	cert/key/KCEICV.txt
images-table:	cert/Images.txt
nvcounter-val:	1
cert-pkg:	cert/ICVSBContent.crt
2026-02-22 22:28:28,294 - **** Creating Content Certificate ****
2026-02-22 22:28:28,300 - **** Certificate file (context) creation has been completed successfully ****
2026-02-22 22:28:28,461 - Content Certificate Generation Utility started (Logging to sb_content_cert.log)
2026-02-22 22:28:28,461 - Parsing config file: cert/cfg/ICVSBContent.cfg
2026-02-22 22:28:28,461 - Parsed config items:
cert-keypair:	cert/key/ICVSBContent.pem
cert-keypair-pwd:	cert/key/ICVSBContent.pwd
load-verify-scheme:	0
crypto-type:	0
aes-ce-id:	0
aes-enc-key:	cert/key/KCEICV.txt
images-table:	cert/Images.txt
nvcounter-val:	1
cert-pkg:	cert/ICVSBContent.crt
2026-02-22 22:28:28,461 - **** Creating Content Certificate ****
2026-02-22 22:28:28,465 - **** Certificate file (context) creation has been completed successfully ****
2026-02-22 22:28:28,635 - Content Certificate Generation Utility started (Logging to sb_content_cert.log)
2026-02-22 22:28:28,635 - Parsing config file: cert/cfg/ICVSBContent.cfg
2026-02-22 22:28:28,635 - Parsed config items:
cert-keypair:	cert/key/ICVSBContent.pem
cert-keypair-pwd:	cert/key/ICVSBContent.pwd
load-verify-scheme:	0
crypto-type:	0
aes-ce-id:	0
aes-enc-key:	cert/key/KCEICV.txt
images-table:	cert/Images.txt
nvcounter-val:	1
cert-pkg:	cert/ICVSBContent.crt
2026-02-22 22:28:28,635 - **** Creating Content Certificate ****
2026-02-22 22:28:28,640 - **** Certificate file (context) creation has been completed successfully ****
2026-02-22 22:28:28,792 - Content Certificate Generation Utility started (Logging to sb_content_cert.log)
2026-02-22 22:28:28,792 - Parsing config file: cert/cfg/ICVSBContent.cfg
2026-02-22 22:28:28,793 - Parsed config items:
cert-keypair:	cert/key/ICVSBContent.pem
cert-keypair-pwd:	cert/key/ICVSBContent.pwd
load-verify-scheme:	0
crypto-type:	0
aes-ce-id:	0
aes-enc-key:	cert/key/KCEICV.txt
images-table:	cert/Images.txt
nvcounter-val:	1
cert-pkg:	cert/ICVSBContent.crt
2026-02-22 22:28:28,793 - **** Creating Content Certificate ****
2026-02-22 22:28:28,796 - **** Certificate file (context) creation has been completed successfully ****
2026-02-22 22:28:29,345 - Content Certificate Generation Utility started (Logging to sb_content_cert.log)
2026-02-22 22:28:29,346 - Parsing config file: cert/cfg/ICVSBContent.cfg
2026-02-22 22:28:29,346 - Parsed config items:
cert-keypair:	cert/key/ICVSBContent.pem
cert-keypair-pwd:	cert/key/ICVSBContent.pwd
load-verify-scheme:	0
crypto-type:	0
aes-ce-id:	0
aes-enc-key:	cert/key/KCEICV.txt
images-table:	cert/Images.txt
nvcounter-val:	1
cert-pkg:	cert/ICVSBContent.crt
2026-02-22 22:28:29,346 - **** Creating Content Certificate ****
2026-02-22 22:28:29,350 - **** Certificate file (context) creation has been completed successfully ****
2026-02-22 22:28:29,494 - Content Certificate Generation Utility started (Logging to sb_content_cert.log)
2026-02-22 22:28:29,494 - Parsing config file: cert/cfg/ICVSBContent.cfg
2026-02-22 22:28:29,494 - Parsed config items:
cert-keypair:	cert/key/ICVSBContent.pem
cert-keypair-pwd:	cert/key/ICVSBContent.pwd
load-verify-scheme:	0
crypto-type:	0
aes-ce-id:	0
aes-enc-key:	cert/key/KCEICV.txt
images-table:	cert/Images.txt
nvcounter-val:	1
cert-pkg:	cert/ICVSBContent.crt
2026-02-22 22:28:29,495 - **** Creating Content Certificate ****
2026-02-22 22:28:29,498 - **** Certificate file (context) creation has been completed successfully ****
2026-02-22 22:29:29,577 - Content Certificate Generation Utility started (Logging to sb_content_cert.log)
2026-02-22 22:29:29,578 - Parsing config file: cert/cfg/ICVSBContent.cfg
2026-02-22 22:29:29,578 - Parsed config items:
cert-keypair:	cert/key/ICVSBContent.pem
cert-keypair-pwd:	cert/key/ICVSBContent.pwd
load-verify-scheme:	0
crypto-type:	0
aes-ce-id:	0
aes-enc-key:	cert/key/KCEICV.txt
images-table:	cert/Images.txt
nvcounter-val:	1
cert-pkg:	cert/ICVSBContent.crt
2026-02-22 22:29:29,578 - **** Creating Content Certificate ****
2026-02-22 22:29:29,583 - **** Certificate file (context) creation has been completed successfully ****
2026-02-22 22:29:29,747 - Content Certificate Generation Utility started (Logging to sb_content_cert.log)
2026-02-22 22:29:29,747 - Parsing config file: cert/cfg/ICVSBContent.cfg
2026-02-22 22:29:29,747 - Parsed config items:
cert-keypair:	cert/key/ICVSBContent.pem
cert-keypair-pwd:	cert/key/ICVSBContent.pwd
load-verify-scheme:	0
crypto-type:	0
aes-ce-id:	0
aes-enc-key:	cert/key/KCEICV.txt
images-table:	cert/Images.txt
nvcounter-val:	1
cert-pkg:	cert/ICVSBContent.crt
2026-02-22 22:29:29,747 - **** Creating Content Certificate ****
2026-02-22 22:29:29,751 - **** Certificate file (context) creation has been completed successfully ****
2026-02-22 22:29:29,924 - Content Certificate Generation Utility started (Logging to sb_content_cert.log)
2026-02-22 22:29:29,925 - Parsing config file: cert/cfg/ICVSBContent.cfg
2026-02-22 22:29:29,925 - Parsed config items:
cert-keypair:	cert/key/ICVSBContent.pem
cert-keypair-pwd:	cert/key/ICVSBContent.pwd
load-verify-scheme:	0
crypto-type:	0
aes-ce-id:	0
aes-enc-key:	cert/key/KCEICV.txt
images-table:	cert/Images.txt
nvcounter-val:	1
cert-pkg:	cert/ICVSBContent.crt
2026-02-22 22:29:29,925 - **** Creating Content Certificate ****
2026-02-22 22:29:29,929 - **** Certificate file (context) creation has been completed successfully ****
2026-02-22 22:29:30,096 - Content Certificate Generation Utility started (Logging to sb_content_cert.log)
2026-02-22 22:29:30,096 - Parsing config file: cert/cfg/ICVSBContent.cfg
2026-02-22 22:29:30,097 - Parsed config items:
cert-keypair:	cert/key/ICVSBContent.pem
cert-keypair-pwd:	cert/key/ICVSBContent.pwd
load-verify-scheme:	0
crypto-type:	0
aes-ce-id:	0
aes-enc-key:	cert/key/KCEICV.txt
images-table:	cert/Images.txt
nvcounter-val:	1
cert-pkg:	cert/ICVSBContent.crt
2026-02-22 22:29:30,097 - **** Creating Content Certificate ****
2026-02-22 22:29:30,102 - **** Certificate file (context) creation has been completed successfully ****
2026-02-22 22:29:30,690 - Content Certificate Generation Utility started (Logging to sb_content_cert.log)
2026-02-22 22:29:30,691 - Parsing config file: cert/cfg/ICVSBContent.cfg
2026-02-22 22:29:30,691 - Parsed config items:
cert-keypair:	cert/key/ICVSBContent.pem
cert-keypair-pwd:	cert/key/ICVSBContent.pwd
load-verify-scheme:	0
crypto-type:	0
aes-ce-id:	0
aes-enc-key:	cert/key/KCEICV.txt
images-table:	cert/Images.txt
nvcounter-val:	1
cert-pkg:	cert/ICVSBContent.crt
2026-02-22 22:29:30,691 - **** Creating Content Certificate ****
2026-02-22 22:29:30,694 - **** Certificate file (context) creation has been completed successfully ****
2026-02-22 22:29:30,843 - Content Certificate Generation Utility started (Logging to sb_content_cert.log)
2026-02-22 22:29:30,843 - Parsing config file: cert/cfg/ICVSBContent.cfg
2026-02-22 22:29:30,843 - Parsed config items:
cert-keypair:	cert/key/ICVSBContent.pem
cert-keypair-pwd:	cert/key/ICVSBContent.pwd
load-verify-scheme:	0
crypto-type:	0
aes-ce-id:	0
aes-enc-key:	cert/key/KCEICV.txt
images-table:	cert/Images.txt
nvcounter-val:	1
cert-pkg:	cert/ICVSBContent.crt
2026-02-22 22:29:30,843 - **** Creating Content Certificate ****
2026-02-22 22:29:30,847 - **** Certificate file (context) creation has been completed successfully ****
2026-02-22 22:31:20,830 - Content Certificate Generation Utility started (Logging to sb_content_cert.log)
2026-02-22 22:31:20,831 - Parsing config file: cert/cfg/ICVSBContent.cfg
2026-02-22 22:31:20,831 - Parsed config items:
cert-keypair:	cert/key/ICVSBContent.pem
cert-keypair-pwd:	cert/key/ICVSBContent.pwd
load-verify-scheme:	0
crypto-type:	0
aes-ce-id:	0
aes-enc-key:	cert/key/KCEICV.txt
images-table:	cert/Images.txt
nvcounter-val:	1
cert-pkg:	cert/ICVSBContent.crt
2026-02-22 22:31:20,832 - **** Creating Content Certificate ****
2026-02-22 22:31:20,836 - **** Certificate file (context) creation has been completed successfully ****
2026-02-22 22:31:20,990 - Content Certificate Generation Utility started (Logging to sb_content_cert.log)
2026-02-22 22:31:20,990 - Parsing config file: cert/cfg/ICVSBContent.cfg
2026-02-22 22:31:20,990 - Parsed config items:
cert-keypair:	cert/key/ICVSBContent.pem
cert-keypair-pwd:	cert/key/ICVSBContent.pwd
load-verify-scheme:	0
crypto-type:	0
aes-ce-id:	0
aes-enc-key:	cert/key/KCEICV.txt
images-table:	cert/Images.txt
nvcounter-val:	1
cert-pkg:	cert/ICVSBContent.crt
2026-02-22 22:31:20,991 - **** Creating Content Certificate ****
2026-02-22 22:31:20,994 - **** Certificate file (context) creation has been completed successfully ****
2026-02-22 22:31:21,169 - Content Certificate Generation Utility started (Logging to sb_content_cert.log)
2026-02-22 22:31:21,170 - Parsing config file: cert/cfg/ICVSBContent.cfg
2026-02-22 22:31:21,170 - Parsed config items:
cert-keypair:	cert/key/ICVSBContent.pem
cert-keypair-pwd:	cert/key/ICVSBContent.pwd
load-verify-scheme:	0
crypto-type:	0
aes-ce-id:	0
aes-enc-key:	cert/key/KCEICV.txt
images-table:	cert/Images.txt
nvcounter-val:	1
cert-pkg:	cert/ICVSBContent.crt
2026-02-22 22:31:21,171 - **** Creating Content Certificate ****
2026-02-22 22:31:21,175 - **** Certificate file (context) creation has been completed successfully ****
2026-02-22 22:31:21,322 - Content Certificate Generation Utility started (Logging to sb_content_cert.log)
2026-02-22 22:31:21,323 - Parsing config file: cert/cfg/ICVSBContent.cfg
2026-02-22 22:31:21,323 - Parsed config items:
cert-keypair:	cert/key/ICVSBContent.pem
cert-keypair-pwd:	cert/key/ICVSBContent.pwd
load-verify-scheme:	0
crypto-type:	0
aes-ce-id:	0
aes-enc-key:	cert/key/KCEICV.txt
images-table:	cert/Images.txt
nvcounter-val:	1
cert-pkg:	cert/ICVSBContent.crt
2026-02-22 22:31:21,323 - **** Creating Content Certificate ****
2026-02-22 22:31:21,326 - **** Certificate file (context) creation has been completed successfully ****
2026-02-22 22:31:21,889 - Content Certificate Generation Utility started (Logging to sb_content_cert.log)
2026-02-22 22:31:21,889 - Parsing config file: cert/cfg/ICVSBContent.cfg
2026-02-22 22:31:21,889 - Parsed config items:
cert-keypair:	cert/key/ICVSBContent.pem
cert-keypair-pwd:	cert/key/ICVSBContent.pwd
load-verify-scheme:	0
crypto-type:	0
aes-ce-id:	0
aes-enc-key:	cert/key/KCEICV.txt
images-table:	cert/Images.txt
nvcounter-val:	1
cert-pkg:	cert/ICVSBContent.crt
2026-02-22 22:31:21,889 - **** Creating Content Certificate ****
2026-02-22 22:31:21,892 - **** Certificate file (context) creation has been completed successfully ****
2026-02-22 22:31:22,044 - Content Certificate Generation Utility started (Logging to sb_content_cert.log)
2026-02-22 22:31:22,045 - Parsing config file: cert/cfg/ICVSBContent.cfg
2026-02-22 22:31:22,045 - Parsed config items:
cert-keypair:	cert/key/ICVSBContent.pem
cert-keypair-pwd:	cert/key/ICVSBContent.pwd
load-verify-scheme:	0
crypto-type:	0
aes-ce-id:	0
aes-enc-key:	cert/key/KCEICV.txt
images-table:	cert/Images.txt
nvcounter-val:	1
cert-pkg:	cert/ICVSBContent.crt
2026-02-22 22:31:22,045 - **** Creating Content Certificate ****
2026-02-22 22:31:22,048 - **** Certificate file (context) creation has been completed successfully ****
2026-02-22 22:34:02,686 - Content Certificate Generation Utility started (Logging to sb_content_cert.log)
2026-02-22 22:34:02,686 - Parsing config file: cert/cfg/ICVSBContent.cfg
2026-02-22 22:34:02,686 - Parsed config items:
cert-keypair:	cert/key/ICVSBContent.pem
cert-keypair-pwd:	cert/key/ICVSBContent.pwd
load-verify-scheme:	0
crypto-type:	0
aes-ce-id:	0
aes-enc-key:	cert/key/KCEICV.txt
images-table:	cert/Images.txt
nvcounter-val:	1
cert-pkg:	cert/ICVSBContent.crt
2026-02-22 22:34:02,686 - **** Creating Content Certificate ****
2026-02-22 22:34:02,690 - **** Certificate file (context) creation has been completed successfully ****
2026-02-22 22:34:02,848 - Content Certificate Generation Utility started (Logging to sb_content_cert.log)
2026-02-22 22:34:02,848 - Parsing config file: cert/cfg/ICVSBContent.cfg
2026-02-22 22:34:02,848 - Parsed config items:
cert-keypair:	cert/key/ICVSBContent.pem
cert-keypair-pwd:	cert/key/ICVSBContent.pwd
load-verify-scheme:	0
crypto-type:	0
aes-ce-id:	0
aes-enc-key:	cert/key/KCEICV.txt
images-table:	cert/Images.txt
nvcounter-val:	1
cert-pkg:	cert/ICVSBContent.crt
2026-02-22 22:34:02,849 - **** Creating Content Certificate ****
2026-02-22 22:34:02,852 - **** Certificate file (context) creation has been completed successfully ****
2026-02-22 22:34:03,028 - Content Certificate Generation Utility started (Logging to sb_content_cert.log)
2026-02-22 22:34:03,029 - Parsing config file: cert/cfg/ICVSBContent.cfg
2026-02-22 22:34:03,029 - Parsed config items:
cert-keypair:	cert/key/ICVSBContent.pem
cert-keypair-pwd:	cert/key/ICVSBContent.pwd
load-verify-scheme:	0
crypto-type:	0
aes-ce-id:	0
aes-enc-key:	cert/key/KCEICV.txt
images-table:	cert/Images.txt
nvcounter-val:	1
cert-pkg:	cert/ICVSBContent.crt
2026-02-22 22:34:03,029 - **** Creating Content Certificate ****
2026-02-22 22:34:03,032 - **** Certificate file (context) creation has been completed successfully ****
2026-02-22 22:34:03,175 - Content Certificate Generation Utility started (Logging to sb_content_cert.log)
2026-02-22 22:34:03,175 - Parsing config file: cert/cfg/ICVSBContent.cfg
2026-02-22 22:34:03,175 - Parsed config items:
cert-keypair:	cert/key/ICVSBContent.pem
cert-keypair-pwd:	cert/key/ICVSBContent.pwd
load-verify-scheme:	0
crypto-type:	0
aes-ce-id:	0
aes-enc-key:	cert/key/KCEICV.txt
images-table:	cert/Images.txt
nvcounter-val:	1
cert-pkg:	cert/ICVSBContent.crt
2026-02-22 22:34:03,175 - **** Creating Content Certificate ****
2026-02-22 22:34:03,179 - **** Certificate file (context) creation has been completed successfully ****
2026-02-22 22:34:03,736 - Content Certificate Generation Utility started (Logging to sb_content_cert.log)
2026-02-22 22:34:03,737 - Parsing config file: cert/cfg/ICVSBContent.cfg
2026-02-22 22:34:03,737 - Parsed config items:
cert-keypair:	cert/key/ICVSBContent.pem
cert-keypair-pwd:	cert/key/ICVSBContent.pwd
load-verify-scheme:	0
crypto-type:	0
aes-ce-id:	0
aes-enc-key:	cert/key/KCEICV.txt
images-table:	cert/Images.txt
nvcounter-val:	1
cert-pkg:	cert/ICVSBContent.crt
2026-02-22 22:34:03,737 - **** Creating Content Certificate ****
2026-02-22 22:34:03,740 - **** Certificate file (context) creation has been completed successfully ****
2026-02-22 22:34:03,884 - Content Certificate Generation Utility started (Logging to sb_content_cert.log)
2026-02-22 22:34:03,884 - Parsing config file: cert/cfg/ICVSBContent.cfg
2026-02-22 22:34:03,884 - Parsed config items:
cert-keypair:	cert/key/ICVSBContent.pem
cert-keypair-pwd:	cert/key/ICVSBContent.pwd
load-verify-scheme:	0
crypto-type:	0
aes-ce-id:	0
aes-enc-key:	cert/key/KCEICV.txt
images-table:	cert/Images.txt
nvcounter-val:	1
cert-pkg:	cert/ICVSBContent.crt
2026-02-22 22:34:03,885 - **** Creating Content Certificate ****
2026-02-22 22:34:03,887 - **** Certificate file (context) creation has been completed successfully ****
2026-02-22 22:54:52,064 - Content Certificate Generation Utility started (Logging to sb_content_cert.log)
2026-02-22 22:54:52,065 - Parsing config file: cert/cfg/ICVSBContent.cfg
2026-02-22 22:54:52,065 - Parsed config items:
cert-keypair:	cert/key/ICVSBContent.pem
cert-keypair-pwd:	cert/key/ICVSBContent.pwd
load-verify-scheme:	0
crypto-type:	0
aes-ce-id:	0
aes-enc-key:	cert/key/KCEICV.txt
images-table:	cert/Images.txt
nvcounter-val:	1
cert-pkg:	cert/ICVSBContent.crt
2026-02-22 22:54:52,065 - **** Creating Content Certificate ****
2026-02-22 22:54:52,069 - **** Certificate file (context) creation has been completed successfully ****
2026-02-22 22:54:52,205 - Content Certificate Generation Utility started (Logging to sb_content_cert.log)
2026-02-22 22:54:52,206 - Parsing config file: cert/cfg/ICVSBContent.cfg
2026-02-22 22:54:52,206 - Parsed config items:
cert-keypair:	cert/key/ICVSBContent.pem
cert-keypair-pwd:	cert/key/ICVSBContent.pwd
load-verify-scheme:	0
crypto-type:	0
aes-ce-id:	0
aes-enc-key:	cert/key/KCEICV.txt
images-table:	cert/Images.txt
nvcounter-val:	1
cert-pkg:	cert/ICVSBContent.crt
2026-02-22 22:54:52,206 - **** Creating Content Certificate ****
2026-02-22 22:54:52,209 - **** Certificate file (context) creation has been completed successfully ****
2026-02-22 22:54:52,373 - Content Certificate Generation Utility started (Logging to sb_content_cert.log)
2026-02-22 22:54:52,373 - Parsing config file: cert/cfg/ICVSBContent.cfg
2026-02-22 22:54:52,373 - Parsed config items:
cert-keypair:	cert/key/ICVSBContent.pem
cert-keypair-pwd:	cert/key/ICVSBContent.pwd
load-verify-scheme:	0
crypto-type:	0
aes-ce-id:	0
aes-enc-key:	cert/key/KCEICV.txt
images-table:	cert/Images.txt
nvcounter-val:	1
cert-pkg:	cert/ICVSBContent.crt
2026-02-22 22:54:52,374 - **** Creating Content Certificate ****
2026-02-22 22:54:52,377 - **** Certificate file (context) creation has been completed successfully ****
2026-02-22 22:54:52,511 - Content Certificate Generation Utility started (Logging to sb_content_cert.log)
2026-02-22 22:54:52,511 - Parsing config file: cert/cfg/ICVSBContent.cfg
2026-02-22 22:54:52,511 - Parsed config items:
cert-keypair:	cert/key/ICVSBContent.pem
cert-keypair-pwd:	cert/key/ICVSBContent.pwd
load-verify-scheme:	0
crypto-type:	0
aes-ce-id:	0
aes-enc-key:	cert/key/KCEICV.txt
images-table:	cert/Images.txt
nvcounter-val:	1
cert-pkg:	cert/ICVSBContent.crt
2026-02-22 22:54:52,511 - **** Creating Content Certificate ****
2026-02-22 22:54:52,514 - **** Certificate file (context) creation has been completed successfully ****
2026-02-22 22:54:53,020 - Content Certificate Generation Utility started (Logging to sb_content_cert.log)
2026-02-22 22:54:53,020 - Parsing config file: cert/cfg/ICVSBContent.cfg
2026-02-22 22:54:53,020 - Parsed config items:
cert-keypair:	cert/key/ICVSBContent.pem
cert-keypair-pwd:	cert/key/ICVSBContent.pwd
load-verify-scheme:	0
crypto-type:	0
aes-ce-id:	0
aes-enc-key:	cert/key/KCEICV.txt
images-table:	cert/Images.txt
nvcounter-val:	1
cert-pkg:	cert/ICVSBContent.crt
2026-02-22 22:54:53,020 - **** Creating Content Certificate ****
2026-02-22 22:54:53,023 - **** Certificate file (context) creation has been completed successfully ****
2026-02-22 22:54:53,160 - Content Certificate Generation Utility started (Logging to sb_content_cert.log)
2026-02-22 22:54:53,160 - Parsing config file: cert/cfg/ICVSBContent.cfg
2026-02-22 22:54:53,161 - Parsed config items:
cert-keypair:	cert/key/ICVSBContent.pem
cert-keypair-pwd:	cert/key/ICVSBContent.pwd
load-verify-scheme:	0
crypto-type:	0
aes-ce-id:	0
aes-enc-key:	cert/key/KCEICV.txt
images-table:	cert/Images.txt
nvcounter-val:	1
cert-pkg:	cert/ICVSBContent.crt
2026-02-22 22:54:53,161 - **** Creating Content Certificate ****
2026-02-22 22:54:53,164 - **** Certificate file (context) creation has been completed successfully ****
2026-02-22 22:56:47,682 - Content Certificate Generation Utility started (Logging to sb_content_cert.log)
2026-02-22 22:56:47,682 - Parsing config file: cert/cfg/ICVSBContent.cfg
2026-02-22 22:56:47,682 - Parsed config items:
cert-keypair:	cert/key/ICVSBContent.pem
cert-keypair-pwd:	cert/key/ICVSBContent.pwd
load-verify-scheme:	0
crypto-type:	0
aes-ce-id:	0
aes-enc-key:	cert/key/KCEICV.txt
images-table:	cert/Images.txt
nvcounter-val:	1
cert-pkg:	cert/ICVSBContent.crt
2026-02-22 22:56:47,682 - **** Creating Content Certificate ****
2026-02-22 22:56:47,685 - **** Certificate file (context) creation has been completed successfully ****
2026-02-22 22:56:47,816 - Content Certificate Generation Utility started (Logging to sb_content_cert.log)
2026-02-22 22:56:47,816 - Parsing config file: cert/cfg/ICVSBContent.cfg
2026-02-22 22:56:47,817 - Parsed config items:
cert-keypair:	cert/key/ICVSBContent.pem
cert-keypair-pwd:	cert/key/ICVSBContent.pwd
load-verify-scheme:	0
crypto-type:	0
aes-ce-id:	0
aes-enc-key:	cert/key/KCEICV.txt
images-table:	cert/Images.txt
nvcounter-val:	1
cert-pkg:	cert/ICVSBContent.crt
2026-02-22 22:56:47,817 - **** Creating Content Certificate ****
2026-02-22 22:56:47,820 - **** Certificate file (context) creation has been completed successfully ****
2026-02-22 22:56:47,975 - Content Certificate Generation Utility started (Logging to sb_content_cert.log)
2026-02-22 22:56:47,975 - Parsing config file: cert/cfg/ICVSBContent.cfg
2026-02-22 22:56:47,975 - Parsed config items:
cert-keypair:	cert/key/ICVSBContent.pem
cert-keypair-pwd:	cert/key/ICVSBContent.pwd
load-verify-scheme:	0
crypto-type:	0
aes-ce-id:	0
aes-enc-key:	cert/key/KCEICV.txt
images-table:	cert/Images.txt
nvcounter-val:	1
cert-pkg:	cert/ICVSBContent.crt
2026-02-22 22:56:47,975 - **** Creating Content Certificate ****
2026-02-22 22:56:47,978 - **** Certificate file (context) creation has been completed successfully ****
2026-02-22 22:56:48,106 - Content Certificate Generation Utility started (Logging to sb_content_cert.log)
2026-02-22 22:56:48,106 - Parsing config file: cert/cfg/ICVSBContent.cfg
2026-02-22 22:56:48,107 - Parsed config items:
cert-keypair:	cert/key/ICVSBContent.pem
cert-keypair-pwd:	cert/key/ICVSBContent.pwd
load-verify-scheme:	0
crypto-type:	0
aes-ce-id:	0
aes-enc-key:	cert/key/KCEICV.txt
images-table:	cert/Images.txt
nvcounter-val:	1
cert-pkg:	cert/ICVSBContent.crt
2026-02-22 22:56:48,107 - **** Creating Content Certificate ****
2026-02-22 22:56:48,109 - **** Certificate file (context) creation has been completed successfully ****
2026-02-22 22:56:48,600 - Content Certificate Generation Utility started (Logging to sb_content_cert.log)
2026-02-22 22:56:48,600 - Parsing config file: cert/cfg/ICVSBContent.cfg
2026-02-22 22:56:48,600 - Parsed config items:
cert-keypair:	cert/key/ICVSBContent.pem
cert-keypair-pwd:	cert/key/ICVSBContent.pwd
load-verify-scheme:	0
crypto-type:	0
aes-ce-id:	0
aes-enc-key:	cert/key/KCEICV.txt
images-table:	cert/Images.txt
nvcounter-val:	1
cert-pkg:	cert/ICVSBContent.crt
2026-02-22 22:56:48,600 - **** Creating Content Certificate ****
2026-02-22 22:56:48,603 - **** Certificate file (context) creation has been completed successfully ****
2026-02-22 22:56:48,737 - Content Certificate Generation Utility started (Logging to sb_content_cert.log)
2026-02-22 22:56:48,737 - Parsing config file: cert/cfg/ICVSBContent.cfg
2026-02-22 22:56:48,737 - Parsed config items:
cert-keypair:	cert/key/ICVSBContent.pem
cert-keypair-pwd:	cert/key/ICVSBContent.pwd
load-verify-scheme:	0
crypto-type:	0
aes-ce-id:	0
aes-enc-key:	cert/key/KCEICV.txt
images-table:	cert/Images.txt
nvcounter-val:	1
cert-pkg:	cert/ICVSBContent.crt
2026-02-22 22:56:48,738 - **** Creating Content Certificate ****
2026-02-22 22:56:48,740 - **** Certificate file (context) creation has been completed successfully ****
2026-02-22 23:01:46,119 - Content Certificate Generation Utility started (Logging to sb_content_cert.log)
2026-02-22 23:01:46,119 - Parsing config file: cert/cfg/ICVSBContent.cfg
2026-02-22 23:01:46,119 - Parsed config items:
cert-keypair:	cert/key/ICVSBContent.pem
cert-keypair-pwd:	cert/key/ICVSBContent.pwd
load-verify-scheme:	0
crypto-type:	0
aes-ce-id:	0
aes-enc-key:	cert/key/KCEICV.txt
images-table:	cert/Images.txt
nvcounter-val:	1
cert-pkg:	cert/ICVSBContent.crt
2026-02-22 23:01:46,119 - **** Creating Content Certificate ****
2026-02-22 23:01:46,123 - **** Certificate file (context) creation has been completed successfully ****
2026-02-22 23:01:46,257 - Content Certificate Generation Utility started (Logging to sb_content_cert.log)
2026-02-22 23:01:46,257 - Parsing config file: cert/cfg/ICVSBContent.cfg
2026-02-22 23:01:46,258 - Parsed config items:
cert-keypair:	cert/key/ICVSBContent.pem
cert-keypair-pwd:	cert/key/ICVSBContent.pwd
load-verify-scheme:	0
crypto-type:	0
aes-ce-id:	0
aes-enc-key:	cert/key/KCEICV.txt
images-table:	cert/Images.txt
nvcounter-val:	1
cert-pkg:	cert/ICVSBContent.crt
2026-02-22 23:01:46,258 - **** Creating Content Certificate ****
2026-02-22 23:01:46,260 - **** Certificate file (context) creation has been completed successfully ****
2026-02-22 23:01:46,428 - Content Certificate Generation Utility started (Logging to sb_content_cert.log)
2026-02-22 23:01:46,428 - Parsing config file: cert/cfg/ICVSBContent.cfg
2026-02-22 23:01:46,429 - Parsed config items:
cert-keypair:	cert/key/ICVSBContent.pem
cert-keypair-pwd:	cert/key/ICVSBContent.pwd
load-verify-scheme:	0
crypto-type:	0
aes-ce-id:	0
aes-enc-key:	cert/key/KCEICV.txt
images-table:	cert/Images.txt
nvcounter-val:	1
cert-pkg:	cert/ICVSBContent.crt
2026-02-22 23:01:46,429 - **** Creating Content Certificate ****
2026-02-22 23:01:46,432 - **** Certificate file (context) creation has been completed successfully ****
2026-02-22 23:01:46,566 - Content Certificate Generation Utility started (Logging to sb_content_cert.log)
2026-02-22 23:01:46,566 - Parsing config file: cert/cfg/ICVSBContent.cfg
2026-02-22 23:01:46,566 - Parsed config items:
cert-keypair:	cert/key/ICVSBContent.pem
cert-keypair-pwd:	cert/key/ICVSBContent.pwd
load-verify-scheme:	0
crypto-type:	0
aes-ce-id:	0
aes-enc-key:	cert/key/KCEICV.txt
images-table:	cert/Images.txt
nvcounter-val:	1
cert-pkg:	cert/ICVSBContent.crt
2026-02-22 23:01:46,566 - **** Creating Content Certificate ****
2026-02-22 23:01:46,569 - **** Certificate file (context) creation has been completed successfully ****
2026-02-22 23:01:47,066 - Content Certificate Generation Utility started (Logging to sb_content_cert.log)
2026-02-22 23:01:47,066 - Parsing config file: cert/cfg/ICVSBContent.cfg
2026-02-22 23:01:47,066 - Parsed config items:
cert-keypair:	cert/key/ICVSBContent.pem
cert-keypair-pwd:	cert/key/ICVSBContent.pwd
load-verify-scheme:	0
crypto-type:	0
aes-ce-id:	0
aes-enc-key:	cert/key/KCEICV.txt
images-table:	cert/Images.txt
nvcounter-val:	1
cert-pkg:	cert/ICVSBContent.crt
2026-02-22 23:01:47,066 - **** Creating Content Certificate ****
2026-02-22 23:01:47,069 - **** Certificate file (context) creation has been completed successfully ****
2026-02-22 23:01:47,207 - Content Certificate Generation Utility started (Logging to sb_content_cert.log)
2026-02-22 23:01:47,207 - Parsing config file: cert/cfg/ICVSBContent.cfg
2026-02-22 23:01:47,207 - Parsed config items:
cert-keypair:	cert/key/ICVSBContent.pem
cert-keypair-pwd:	cert/key/ICVSBContent.pwd
load-verify-scheme:	0
crypto-type:	0
aes-ce-id:	0
aes-enc-key:	cert/key/KCEICV.txt
images-table:	cert/Images.txt
nvcounter-val:	1
cert-pkg:	cert/ICVSBContent.crt
2026-02-22 23:01:47,207 - **** Creating Content Certificate ****
2026-02-22 23:01:47,210 - **** Certificate file (context) creation has been completed successfully ****
2026-02-22 23:08:25,739 - Content Certificate Generation Utility started (Logging to sb_content_cert.log)
2026-02-22 23:08:25,739 - Parsing config file: cert/cfg/ICVSBContent.cfg
2026-02-22 23:08:25,739 - Parsed config items:
cert-keypair:	cert/key/ICVSBContent.pem
cert-keypair-pwd:	cert/key/ICVSBContent.pwd
load-verify-scheme:	0
crypto-type:	0
aes-ce-id:	0
aes-enc-key:	cert/key/KCEICV.txt
images-table:	cert/Images.txt
nvcounter-val:	1
cert-pkg:	cert/ICVSBContent.crt
2026-02-22 23:08:25,739 - **** Creating Content Certificate ****
2026-02-22 23:08:25,745 - **** Certificate file (context) creation has been completed successfully ****
2026-02-22 23:08:25,878 - Content Certificate Generation Utility started (Logging to sb_content_cert.log)
2026-02-22 23:08:25,878 - Parsing config file: cert/cfg/ICVSBContent.cfg
2026-02-22 23:08:25,879 - Parsed config items:
cert-keypair:	cert/key/ICVSBContent.pem
cert-keypair-pwd:	cert/key/ICVSBContent.pwd
load-verify-scheme:	0
crypto-type:	0
aes-ce-id:	0
aes-enc-key:	cert/key/KCEICV.txt
images-table:	cert/Images.txt
nvcounter-val:	1
cert-pkg:	cert/ICVSBContent.crt
2026-02-22 23:08:25,879 - **** Creating Content Certificate ****
2026-02-22 23:08:25,882 - **** Certificate file (context) creation has been completed successfully ****
2026-02-22 23:08:26,040 - Content Certificate Generation Utility started (Logging to sb_content_cert.log)
2026-02-22 23:08:26,040 - Parsing config file: cert/cfg/ICVSBContent.cfg
2026-02-22 23:08:26,041 - Parsed config items:
cert-keypair:	cert/key/ICVSBContent.pem
cert-keypair-pwd:	cert/key/ICVSBContent.pwd
load-verify-scheme:	0
crypto-type:	0
aes-ce-id:	0
aes-enc-key:	cert/key/KCEICV.txt
images-table:	cert/Images.txt
nvcounter-val:	1
cert-pkg:	cert/ICVSBContent.crt
2026-02-22 23:08:26,041 - **** Creating Content Certificate ****
2026-02-22 23:08:26,044 - **** Certificate file (context) creation has been completed successfully ****
2026-02-22 23:08:26,196 - Content Certificate Generation Utility started (Logging to sb_content_cert.log)
2026-02-22 23:08:26,196 - Parsing config file: cert/cfg/ICVSBContent.cfg
2026-02-22 23:08:26,196 - Parsed config items:
cert-keypair:	cert/key/ICVSBContent.pem
cert-keypair-pwd:	cert/key/ICVSBContent.pwd
load-verify-scheme:	0
crypto-type:	0
aes-ce-id:	0
aes-enc-key:	cert/key/KCEICV.txt
images-table:	cert/Images.txt
nvcounter-val:	1
cert-pkg:	cert/ICVSBContent.crt
2026-02-22 23:08:26,196 - **** Creating Content Certificate ****
2026-02-22 23:08:26,199 - **** Certificate file (context) creation has been completed successfully ****
2026-02-22 23:08:26,722 - Content Certificate Generation Utility started (Logging to sb_content_cert.log)
2026-02-22 23:08:26,722 - Parsing config file: cert/cfg/ICVSBContent.cfg
2026-02-22 23:08:26,722 - Parsed config items:
cert-keypair:	cert/key/ICVSBContent.pem
cert-keypair-pwd:	cert/key/ICVSBContent.pwd
load-verify-scheme:	0
crypto-type:	0
aes-ce-id:	0
aes-enc-key:	cert/key/KCEICV.txt
images-table:	cert/Images.txt
nvcounter-val:	1
cert-pkg:	cert/ICVSBContent.crt
2026-02-22 23:08:26,722 - **** Creating Content Certificate ****
2026-02-22 23:08:26,725 - **** Certificate file (context) creation has been completed successfully ****
2026-02-22 23:08:26,874 - Content Certificate Generation Utility started (Logging to sb_content_cert.log)
2026-02-22 23:08:26,875 - Parsing config file: cert/cfg/ICVSBContent.cfg
2026-02-22 23:08:26,875 - Parsed config items:
cert-keypair:	cert/key/ICVSBContent.pem
cert-keypair-pwd:	cert/key/ICVSBContent.pwd
load-verify-scheme:	0
crypto-type:	0
aes-ce-id:	0
aes-enc-key:	cert/key/KCEICV.txt
images-table:	cert/Images.txt
nvcounter-val:	1
cert-pkg:	cert/ICVSBContent.crt
2026-02-22 23:08:26,875 - **** Creating Content Certificate ****
2026-02-22 23:08:26,879 - **** Certificate file (context) creation has been completed successfully ****
2026-02-22 23:10:25,202 - Content Certificate Generation Utility started (Logging to sb_content_cert.log)
2026-02-22 23:10:25,203 - Parsing config file: cert/cfg/ICVSBContent.cfg
2026-02-22 23:10:25,203 - Parsed config items:
cert-keypair:	cert/key/ICVSBContent.pem
cert-keypair-pwd:	cert/key/ICVSBContent.pwd
load-verify-scheme:	0
crypto-type:	0
aes-ce-id:	0
aes-enc-key:	cert/key/KCEICV.txt
images-table:	cert/Images.txt
nvcounter-val:	1
cert-pkg:	cert/ICVSBContent.crt
2026-02-22 23:10:25,203 - **** Creating Content Certificate ****
2026-02-22 23:10:25,207 - **** Certificate file (context) creation has been completed successfully ****
2026-02-22 23:10:25,344 - Content Certificate Generation Utility started (Logging to sb_content_cert.log)
2026-02-22 23:10:25,344 - Parsing config file: cert/cfg/ICVSBContent.cfg
2026-02-22 23:10:25,344 - Parsed config items:
cert-keypair:	cert/key/ICVSBContent.pem
cert-keypair-pwd:	cert/key/ICVSBContent.pwd
load-verify-scheme:	0
crypto-type:	0
aes-ce-id:	0
aes-enc-key:	cert/key/KCEICV.txt
images-table:	cert/Images.txt
nvcounter-val:	1
cert-pkg:	cert/ICVSBContent.crt
2026-02-22 23:10:25,344 - **** Creating Content Certificate ****
2026-02-22 23:10:25,347 - **** Certificate file (context) creation has been completed successfully ****
2026-02-22 23:10:25,501 - Content Certificate Generation Utility started (Logging to sb_content_cert.log)
2026-02-22 23:10:25,501 - Parsing config file: cert/cfg/ICVSBContent.cfg
2026-02-22 23:10:25,501 - Parsed config items:
cert-keypair:	cert/key/ICVSBContent.pem
cert-keypair-pwd:	cert/key/ICVSBContent.pwd
load-verify-scheme:	0
crypto-type:	0
aes-ce-id:	0
aes-enc-key:	cert/key/KCEICV.txt
images-table:	cert/Images.txt
nvcounter-val:	1
cert-pkg:	cert/ICVSBContent.crt
2026-02-22 23:10:25,501 - **** Creating Content Certificate ****
2026-02-22 23:10:25,504 - **** Certificate file (context) creation has been completed successfully ****
2026-02-22 23:10:25,640 - Content Certificate Generation Utility started (Logging to sb_content_cert.log)
2026-02-22 23:10:25,641 - Parsing config file: cert/cfg/ICVSBContent.cfg
2026-02-22 23:10:25,641 - Parsed config items:
cert-keypair:	cert/key/ICVSBContent.pem
cert-keypair-pwd:	cert/key/ICVSBContent.pwd
load-verify-scheme:	0
crypto-type:	0
aes-ce-id:	0
aes-enc-key:	cert/key/KCEICV.txt
images-table:	cert/Images.txt
nvcounter-val:	1
cert-pkg:	cert/ICVSBContent.crt
2026-02-22 23:10:25,641 - **** Creating Content Certificate ****
2026-02-22 23:10:25,644 - **** Certificate file (context) creation has been completed successfully ****
2026-02-22 23:10:26,145 - Content Certificate Generation Utility started (Logging to sb_content_cert.log)
2026-02-22 23:10:26,145 - Parsing config file: cert/cfg/ICVSBContent.cfg
2026-02-22 23:10:26,145 - Parsed config items:
cert-keypair:	cert/key/ICVSBContent.pem
cert-keypair-pwd:	cert/key/ICVSBContent.pwd
load-verify-scheme:	0
crypto-type:	0
aes-ce-id:	0
aes-enc-key:	cert/key/KCEICV.txt
images-table:	cert/Images.txt
nvcounter-val:	1
cert-pkg:	cert/ICVSBContent.crt
2026-02-22 23:10:26,145 - **** Creating Content Certificate ****
2026-02-22 23:10:26,148 - **** Certificate file (context) creation has been completed successfully ****
2026-02-22 23:10:26,296 - Content Certificate Generation Utility started (Logging to sb_content_cert.log)
2026-02-22 23:10:26,296 - Parsing config file: cert/cfg/ICVSBContent.cfg
2026-02-22 23:10:26,296 - Parsed config items:
cert-keypair:	cert/key/ICVSBContent.pem
cert-keypair-pwd:	cert/key/ICVSBContent.pwd
load-verify-scheme:	0
crypto-type:	0
aes-ce-id:	0
aes-enc-key:	cert/key/KCEICV.txt
images-table:	cert/Images.txt
nvcounter-val:	1
cert-pkg:	cert/ICVSBContent.crt
2026-02-22 23:10:26,296 - **** Creating Content Certificate ****
2026-02-22 23:10:26,301 - **** Certificate file (context) creation has been completed successfully ****
2026-02-22 23:12:38,357 - Content Certificate Generation Utility started (Logging to sb_content_cert.log)
2026-02-22 23:12:38,357 - Parsing config file: cert/cfg/ICVSBContent.cfg
2026-02-22 23:12:38,357 - Parsed config items:
cert-keypair:	cert/key/ICVSBContent.pem
cert-keypair-pwd:	cert/key/ICVSBContent.pwd
load-verify-scheme:	0
crypto-type:	0
aes-ce-id:	0
aes-enc-key:	cert/key/KCEICV.txt
images-table:	cert/Images.txt
nvcounter-val:	1
cert-pkg:	cert/ICVSBContent.crt
2026-02-22 23:12:38,357 - **** Creating Content Certificate ****
2026-02-22 23:12:38,362 - **** Certificate file (context) creation has been completed successfully ****
2026-02-22 23:12:38,506 - Content Certificate Generation Utility started (Logging to sb_content_cert.log)
2026-02-22 23:12:38,506 - Parsing config file: cert/cfg/ICVSBContent.cfg
2026-02-22 23:12:38,507 - Parsed config items:
cert-keypair:	cert/key/ICVSBContent.pem
cert-keypair-pwd:	cert/key/ICVSBContent.pwd
load-verify-scheme:	0
crypto-type:	0
aes-ce-id:	0
aes-enc-key:	cert/key/KCEICV.txt
images-table:	cert/Images.txt
nvcounter-val:	1
cert-pkg:	cert/ICVSBContent.crt
2026-02-22 23:12:38,507 - **** Creating Content Certificate ****
2026-02-22 23:12:38,510 - **** Certificate file (context) creation has been completed successfully ****
2026-02-22 23:12:38,687 - Content Certificate Generation Utility started (Logging to sb_content_cert.log)
2026-02-22 23:12:38,687 - Parsing config file: cert/cfg/ICVSBContent.cfg
2026-02-22 23:12:38,687 - Parsed config items:
cert-keypair:	cert/key/ICVSBContent.pem
cert-keypair-pwd:	cert/key/ICVSBContent.pwd
load-verify-scheme:	0
crypto-type:	0
aes-ce-id:	0
aes-enc-key:	cert/key/KCEICV.txt
images-table:	cert/Images.txt
nvcounter-val:	1
cert-pkg:	cert/ICVSBContent.crt
2026-02-22 23:12:38,687 - **** Creating Content Certificate ****
2026-02-22 23:12:38,690 - **** Certificate file (context) creation has been completed successfully ****
2026-02-22 23:12:38,836 - Content Certificate Generation Utility started (Logging to sb_content_cert.log)
2026-02-22 23:12:38,836 - Parsing config file: cert/cfg/ICVSBContent.cfg
2026-02-22 23:12:38,836 - Parsed config items:
cert-keypair:	cert/key/ICVSBContent.pem
cert-keypair-pwd:	cert/key/ICVSBContent.pwd
load-verify-scheme:	0
crypto-type:	0
aes-ce-id:	0
aes-enc-key:	cert/key/KCEICV.txt
images-table:	cert/Images.txt
nvcounter-val:	1
cert-pkg:	cert/ICVSBContent.crt
2026-02-22 23:12:38,836 - **** Creating Content Certificate ****
2026-02-22 23:12:38,839 - **** Certificate file (context) creation has been completed successfully ****
2026-02-22 23:12:39,370 - Content Certificate Generation Utility started (Logging to sb_content_cert.log)
2026-02-22 23:12:39,370 - Parsing config file: cert/cfg/ICVSBContent.cfg
2026-02-22 23:12:39,371 - Parsed config items:
cert-keypair:	cert/key/ICVSBContent.pem
cert-keypair-pwd:	cert/key/ICVSBContent.pwd
load-verify-scheme:	0
crypto-type:	0
aes-ce-id:	0
aes-enc-key:	cert/key/KCEICV.txt
images-table:	cert/Images.txt
nvcounter-val:	1
cert-pkg:	cert/ICVSBContent.crt
2026-02-22 23:12:39,371 - **** Creating Content Certificate ****
2026-02-22 23:12:39,373 - **** Certificate file (context) creation has been completed successfully ****
2026-02-22 23:12:39,512 - Content Certificate Generation Utility started (Logging to sb_content_cert.log)
2026-02-22 23:12:39,512 - Parsing config file: cert/cfg/ICVSBContent.cfg
2026-02-22 23:12:39,512 - Parsed config items:
cert-keypair:	cert/key/ICVSBContent.pem
cert-keypair-pwd:	cert/key/ICVSBContent.pwd
load-verify-scheme:	0
crypto-type:	0
aes-ce-id:	0
aes-enc-key:	cert/key/KCEICV.txt
images-table:	cert/Images.txt
nvcounter-val:	1
cert-pkg:	cert/ICVSBContent.crt
2026-02-22 23:12:39,512 - **** Creating Content Certificate ****
2026-02-22 23:12:39,515 - **** Certificate file (context) creation has been completed successfully ****
2026-02-22 23:15:23,728 - Content Certificate Generation Utility started (Logging to sb_content_cert.log)
2026-02-22 23:15:23,728 - Parsing config file: cert/cfg/ICVSBContent.cfg
2026-02-22 23:15:23,729 - Parsed config items:
cert-keypair:	cert/key/ICVSBContent.pem
cert-keypair-pwd:	cert/key/ICVSBContent.pwd
load-verify-scheme:	0
crypto-type:	0
aes-ce-id:	0
aes-enc-key:	cert/key/KCEICV.txt
images-table:	cert/Images.txt
nvcounter-val:	1
cert-pkg:	cert/ICVSBContent.crt
2026-02-22 23:15:23,729 - **** Creating Content Certificate ****
2026-02-22 23:15:23,731 - **** Certificate file (context) creation has been completed successfully ****
2026-02-22 23:15:23,864 - Content Certificate Generation Utility started (Logging to sb_content_cert.log)
2026-02-22 23:15:23,864 - Parsing config file: cert/cfg/ICVSBContent.cfg
2026-02-22 23:15:23,865 - Parsed config items:
cert-keypair:	cert/key/ICVSBContent.pem
cert-keypair-pwd:	cert/key/ICVSBContent.pwd
load-verify-scheme:	0
crypto-type:	0
aes-ce-id:	0
aes-enc-key:	cert/key/KCEICV.txt
images-table:	cert/Images.txt
nvcounter-val:	1
cert-pkg:	cert/ICVSBContent.crt
2026-02-22 23:15:23,865 - **** Creating Content Certificate ****
2026-02-22 23:15:23,867 - **** Certificate file (context) creation has been completed successfully ****
2026-02-22 23:15:24,031 - Content Certificate Generation Utility started (Logging to sb_content_cert.log)
2026-02-22 23:15:24,031 - Parsing config file: cert/cfg/ICVSBContent.cfg
2026-02-22 23:15:24,031 - Parsed config items:
cert-keypair:	cert/key/ICVSBContent.pem
cert-keypair-pwd:	cert/key/ICVSBContent.pwd
load-verify-scheme:	0
crypto-type:	0
aes-ce-id:	0
aes-enc-key:	cert/key/KCEICV.txt
images-table:	cert/Images.txt
nvcounter-val:	1
cert-pkg:	cert/ICVSBContent.crt
2026-02-22 23:15:24,031 - **** Creating Content Certificate ****
2026-02-22 23:15:24,034 - **** Certificate file (context) creation has been completed successfully ****
2026-02-22 23:15:24,170 - Content Certificate Generation Utility started (Logging to sb_content_cert.log)
2026-02-22 23:15:24,170 - Parsing config file: cert/cfg/ICVSBContent.cfg
2026-02-22 23:15:24,170 - Parsed config items:
cert-keypair:	cert/key/ICVSBContent.pem
cert-keypair-pwd:	cert/key/ICVSBContent.pwd
load-verify-scheme:	0
crypto-type:	0
aes-ce-id:	0
aes-enc-key:	cert/key/KCEICV.txt
images-table:	cert/Images.txt
nvcounter-val:	1
cert-pkg:	cert/ICVSBContent.crt
2026-02-22 23:15:24,170 - **** Creating Content Certificate ****
2026-02-22 23:15:24,173 - **** Certificate file (context) creation has been completed successfully ****
2026-02-22 23:15:24,674 - Content Certificate Generation Utility started (Logging to sb_content_cert.log)
2026-02-22 23:15:24,674 - Parsing config file: cert/cfg/ICVSBContent.cfg
2026-02-22 23:15:24,674 - Parsed config items:
cert-keypair:	cert/key/ICVSBContent.pem
cert-keypair-pwd:	cert/key/ICVSBContent.pwd
load-verify-scheme:	0
crypto-type:	0
aes-ce-id:	0
aes-enc-key:	cert/key/KCEICV.txt
images-table:	cert/Images.txt
nvcounter-val:	1
cert-pkg:	cert/ICVSBContent.crt
2026-02-22 23:15:24,674 - **** Creating Content Certificate ****
2026-02-22 23:15:24,677 - **** Certificate file (context) creation has been completed successfully ****
2026-02-22 23:15:24,814 - Content Certificate Generation Utility started (Logging to sb_content_cert.log)
2026-02-22 23:15:24,814 - Parsing config file: cert/cfg/ICVSBContent.cfg
2026-02-22 23:15:24,814 - Parsed config items:
cert-keypair:	cert/key/ICVSBContent.pem
cert-keypair-pwd:	cert/key/ICVSBContent.pwd
load-verify-scheme:	0
crypto-type:	0
aes-ce-id:	0
aes-enc-key:	cert/key/KCEICV.txt
images-table:	cert/Images.txt
nvcounter-val:	1
cert-pkg:	cert/ICVSBContent.crt
2026-02-22 23:15:24,814 - **** Creating Content Certificate ****
2026-02-22 23:15:24,818 - **** Certificate file (context) creation has been completed successfully ****
2026-02-22 23:25:37,860 - Content Certificate Generation Utility started (Logging to sb_content_cert.log)
2026-02-22 23:25:37,860 - Parsing config file: cert/cfg/ICVSBContent.cfg
2026-02-22 23:25:37,860 - Parsed config items:
cert-keypair:	cert/key/ICVSBContent.pem
cert-keypair-pwd:	cert/key/ICVSBContent.pwd
load-verify-scheme:	0
crypto-type:	0
aes-ce-id:	0
aes-enc-key:	cert/key/KCEICV.txt
images-table:	cert/Images.txt
nvcounter-val:	1
cert-pkg:	cert/ICVSBContent.crt
2026-02-22 23:25:37,860 - **** Creating Content Certificate ****
2026-02-22 23:25:37,864 - **** Certificate file (context) creation has been completed successfully ****
2026-02-22 23:25:38,005 - Content Certificate Generation Utility started (Logging to sb_content_cert.log)
2026-02-22 23:25:38,005 - Parsing config file: cert/cfg/ICVSBContent.cfg
2026-02-22 23:25:38,006 - Parsed config items:
cert-keypair:	cert/key/ICVSBContent.pem
cert-keypair-pwd:	cert/key/ICVSBContent.pwd
load-verify-scheme:	0
crypto-type:	0
aes-ce-id:	0
aes-enc-key:	cert/key/KCEICV.txt
images-table:	cert/Images.txt
nvcounter-val:	1
cert-pkg:	cert/ICVSBContent.crt
2026-02-22 23:25:38,006 - **** Creating Content Certificate ****
2026-02-22 23:25:38,011 - **** Certificate file (context) creation has been completed successfully ****
2026-02-22 23:25:38,203 - Content Certificate Generation Utility started (Logging to sb_content_cert.log)
2026-02-22 23:25:38,203 - Parsing config file: cert/cfg/ICVSBContent.cfg
2026-02-22 23:25:38,203 - Parsed config items:
cert-keypair:	cert/key/ICVSBContent.pem
cert-keypair-pwd:	cert/key/ICVSBContent.pwd
load-verify-scheme:	0
crypto-type:	0
aes-ce-id:	0
aes-enc-key:	cert/key/KCEICV.txt
images-table:	cert/Images.txt
nvcounter-val:	1
cert-pkg:	cert/ICVSBContent.crt
2026-02-22 23:25:38,203 - **** Creating Content Certificate ****
2026-02-22 23:25:38,206 - **** Certificate file (context) creation has been completed successfully ****
2026-02-22 23:25:38,346 - Content Certificate Generation Utility started (Logging to sb_content_cert.log)
2026-02-22 23:25:38,347 - Parsing config file: cert/cfg/ICVSBContent.cfg
2026-02-22 23:25:38,347 - Parsed config items:
cert-keypair:	cert/key/ICVSBContent.pem
cert-keypair-pwd:	cert/key/ICVSBContent.pwd
load-verify-scheme:	0
crypto-type:	0
aes-ce-id:	0
aes-enc-key:	cert/key/KCEICV.txt
images-table:	cert/Images.txt
nvcounter-val:	1
cert-pkg:	cert/ICVSBContent.crt
2026-02-22 23:25:38,347 - **** Creating Content Certificate ****
2026-02-22 23:25:38,350 - **** Certificate file (context) creation has been completed successfully ****
2026-02-22 23:25:38,884 - Content Certificate Generation Utility started (Logging to sb_content_cert.log)
2026-02-22 23:25:38,884 - Parsing config file: cert/cfg/ICVSBContent.cfg
2026-02-22 23:25:38,884 - Parsed config items:
cert-keypair:	cert/key/ICVSBContent.pem
cert-keypair-pwd:	cert/key/ICVSBContent.pwd
load-verify-scheme:	0
crypto-type:	0
aes-ce-id:	0
aes-enc-key:	cert/key/KCEICV.txt
images-table:	cert/Images.txt
nvcounter-val:	1
cert-pkg:	cert/ICVSBContent.crt
2026-02-22 23:25:38,884 - **** Creating Content Certificate ****
2026-02-22 23:25:38,888 - **** Certificate file (context) creation has been completed successfully ****
2026-02-22 23:25:39,031 - Content Certificate Generation Utility started (Logging to sb_content_cert.log)
2026-02-22 23:25:39,032 - Parsing config file: cert/cfg/ICVSBContent.cfg
2026-02-22 23:25:39,032 - Parsed config items:
cert-keypair:	cert/key/ICVSBContent.pem
cert-keypair-pwd:	cert/key/ICVSBContent.pwd
load-verify-scheme:	0
crypto-type:	0
aes-ce-id:	0
aes-enc-key:	cert/key/KCEICV.txt
images-table:	cert/Images.txt
nvcounter-val:	1
cert-pkg:	cert/ICVSBContent.crt
2026-02-22 23:25:39,032 - **** Creating Content Certificate ****
2026-02-22 23:25:39,035 - **** Certificate file (context) creation has been completed successfully ****
2026-02-22 23:26:37,784 - Content Certificate Generation Utility started (Logging to sb_content_cert.log)
2026-02-22 23:26:37,784 - Parsing config file: cert/cfg/ICVSBContent.cfg
2026-02-22 23:26:37,784 - Parsed config items:
cert-keypair:	cert/key/ICVSBContent.pem
cert-keypair-pwd:	cert/key/ICVSBContent.pwd
load-verify-scheme:	0
crypto-type:	0
aes-ce-id:	0
aes-enc-key:	cert/key/KCEICV.txt
images-table:	cert/Images.txt
nvcounter-val:	1
cert-pkg:	cert/ICVSBContent.crt
2026-02-22 23:26:37,784 - **** Creating Content Certificate ****
2026-02-22 23:26:37,787 - **** Certificate file (context) creation has been completed successfully ****
2026-02-22 23:26:37,932 - Content Certificate Generation Utility started (Logging to sb_content_cert.log)
2026-02-22 23:26:37,932 - Parsing config file: cert/cfg/ICVSBContent.cfg
2026-02-22 23:26:37,933 - Parsed config items:
cert-keypair:	cert/key/ICVSBContent.pem
cert-keypair-pwd:	cert/key/ICVSBContent.pwd
load-verify-scheme:	0
crypto-type:	0
aes-ce-id:	0
aes-enc-key:	cert/key/KCEICV.txt
images-table:	cert/Images.txt
nvcounter-val:	1
cert-pkg:	cert/ICVSBContent.crt
2026-02-22 23:26:37,933 - **** Creating Content Certificate ****
2026-02-22 23:26:37,936 - **** Certificate file (context) creation has been completed successfully ****
2026-02-22 23:26:38,112 - Content Certificate Generation Utility started (Logging to sb_content_cert.log)
2026-02-22 23:26:38,112 - Parsing config file: cert/cfg/ICVSBContent.cfg
2026-02-22 23:26:38,113 - Parsed config items:
cert-keypair:	cert/key/ICVSBContent.pem
cert-keypair-pwd:	cert/key/ICVSBContent.pwd
load-verify-scheme:	0
crypto-type:	0
aes-ce-id:	0
aes-enc-key:	cert/key/KCEICV.txt
images-table:	cert/Images.txt
nvcounter-val:	1
cert-pkg:	cert/ICVSBContent.crt
2026-02-22 23:26:38,113 - **** Creating Content Certificate ****
2026-02-22 23:26:38,116 - **** Certificate file (context) creation has been completed successfully ****
2026-02-22 23:26:38,283 - Content Certificate Generation Utility started (Logging to sb_content_cert.log)
2026-02-22 23:26:38,284 - Parsing config file: cert/cfg/ICVSBContent.cfg
2026-02-22 23:26:38,284 - Parsed config items:
cert-keypair:	cert/key/ICVSBContent.pem
cert-keypair-pwd:	cert/key/ICVSBContent.pwd
load-verify-scheme:	0
crypto-type:	0
aes-ce-id:	0
aes-enc-key:	cert/key/KCEICV.txt
images-table:	cert/Images.txt
nvcounter-val:	1
cert-pkg:	cert/ICVSBContent.crt
2026-02-22 23:26:38,284 - **** Creating Content Certificate ****
2026-02-22 23:26:38,287 - **** Certificate file (context) creation has been completed successfully ****
2026-02-22 23:26:38,844 - Content Certificate Generation Utility started (Logging to sb_content_cert.log)
2026-02-22 23:26:38,844 - Parsing config file: cert/cfg/ICVSBContent.cfg
2026-02-22 23:26:38,844 - Parsed config items:
cert-keypair:	cert/key/ICVSBContent.pem
cert-keypair-pwd:	cert/key/ICVSBContent.pwd
load-verify-scheme:	0
crypto-type:	0
aes-ce-id:	0
aes-enc-key:	cert/key/KCEICV.txt
images-table:	cert/Images.txt
nvcounter-val:	1
cert-pkg:	cert/ICVSBContent.crt
2026-02-22 23:26:38,844 - **** Creating Content Certificate ****
2026-02-22 23:26:38,847 - **** Certificate file (context) creation has been completed successfully ****
2026-02-22 23:26:38,983 - Content Certificate Generation Utility started (Logging to sb_content_cert.log)
2026-02-22 23:26:38,983 - Parsing config file: cert/cfg/ICVSBContent.cfg
2026-02-22 23:26:38,983 - Parsed config items:
cert-keypair:	cert/key/ICVSBContent.pem
cert-keypair-pwd:	cert/key/ICVSBContent.pwd
load-verify-scheme:	0
crypto-type:	0
aes-ce-id:	0
aes-enc-key:	cert/key/KCEICV.txt
images-table:	cert/Images.txt
nvcounter-val:	1
cert-pkg:	cert/ICVSBContent.crt
2026-02-22 23:26:38,983 - **** Creating Content Certificate ****
2026-02-22 23:26:38,986 - **** Certificate file (context) creation has been completed successfully ****
2026-02-22 23:27:39,339 - Content Certificate Generation Utility started (Logging to sb_content_cert.log)
2026-02-22 23:27:39,339 - Parsing config file: cert/cfg/ICVSBContent.cfg
2026-02-22 23:27:39,340 - Parsed config items:
cert-keypair:	cert/key/ICVSBContent.pem
cert-keypair-pwd:	cert/key/ICVSBContent.pwd
load-verify-scheme:	0
crypto-type:	0
aes-ce-id:	0
aes-enc-key:	cert/key/KCEICV.txt
images-table:	cert/Images.txt
nvcounter-val:	1
cert-pkg:	cert/ICVSBContent.crt
2026-02-22 23:27:39,340 - **** Creating Content Certificate ****
2026-02-22 23:27:39,343 - **** Certificate file (context) creation has been completed successfully ****
2026-02-22 23:27:39,523 - Content Certificate Generation Utility started (Logging to sb_content_cert.log)
2026-02-22 23:27:39,523 - Parsing config file: cert/cfg/ICVSBContent.cfg
2026-02-22 23:27:39,523 - Parsed config items:
cert-keypair:	cert/key/ICVSBContent.pem
cert-keypair-pwd:	cert/key/ICVSBContent.pwd
load-verify-scheme:	0
crypto-type:	0
aes-ce-id:	0
aes-enc-key:	cert/key/KCEICV.txt
images-table:	cert/Images.txt
nvcounter-val:	1
cert-pkg:	cert/ICVSBContent.crt
2026-02-22 23:27:39,523 - **** Creating Content Certificate ****
2026-02-22 23:27:39,527 - **** Certificate file (context) creation has been completed successfully ****
2026-02-22 23:27:39,685 - Content Certificate Generation Utility started (Logging to sb_content_cert.log)
2026-02-22 23:27:39,685 - Parsing config file: cert/cfg/ICVSBContent.cfg
2026-02-22 23:27:39,685 - Parsed config items:
cert-keypair:	cert/key/ICVSBContent.pem
cert-keypair-pwd:	cert/key/ICVSBContent.pwd
load-verify-scheme:	0
crypto-type:	0
aes-ce-id:	0
aes-enc-key:	cert/key/KCEICV.txt
images-table:	cert/Images.txt
nvcounter-val:	1
cert-pkg:	cert/ICVSBContent.crt
2026-02-22 23:27:39,685 - **** Creating Content Certificate ****
2026-02-22 23:27:39,688 - **** Certificate file (context) creation has been completed successfully ****
2026-02-22 23:27:39,823 - Content Certificate Generation Utility started (Logging to sb_content_cert.log)
2026-02-22 23:27:39,823 - Parsing config file: cert/cfg/ICVSBContent.cfg
2026-02-22 23:27:39,823 - Parsed config items:
cert-keypair:	cert/key/ICVSBContent.pem
cert-keypair-pwd:	cert/key/ICVSBContent.pwd
load-verify-scheme:	0
crypto-type:	0
aes-ce-id:	0
aes-enc-key:	cert/key/KCEICV.txt
images-table:	cert/Images.txt
nvcounter-val:	1
cert-pkg:	cert/ICVSBContent.crt
2026-02-22 23:27:39,823 - **** Creating Content Certificate ****
2026-02-22 23:27:39,826 - **** Certificate file (context) creation has been completed successfully ****
2026-02-22 23:27:40,331 - Content Certificate Generation Utility started (Logging to sb_content_cert.log)
2026-02-22 23:27:40,331 - Parsing config file: cert/cfg/ICVSBContent.cfg
2026-02-22 23:27:40,331 - Parsed config items:
cert-keypair:	cert/key/ICVSBContent.pem
cert-keypair-pwd:	cert/key/ICVSBContent.pwd
load-verify-scheme:	0
crypto-type:	0
aes-ce-id:	0
aes-enc-key:	cert/key/KCEICV.txt
images-table:	cert/Images.txt
nvcounter-val:	1
cert-pkg:	cert/ICVSBContent.crt
2026-02-22 23:27:40,331 - **** Creating Content Certificate ****
2026-02-22 23:27:40,334 - **** Certificate file (context) creation has been completed successfully ****
2026-02-22 23:27:40,470 - Content Certificate Generation Utility started (Logging to sb_content_cert.log)
2026-02-22 23:27:40,470 - Parsing config file: cert/cfg/ICVSBContent.cfg
2026-02-22 23:27:40,471 - Parsed config items:
cert-keypair:	cert/key/ICVSBContent.pem
cert-keypair-pwd:	cert/key/ICVSBContent.pwd
load-verify-scheme:	0
crypto-type:	0
aes-ce-id:	0
aes-enc-key:	cert/key/KCEICV.txt
images-table:	cert/Images.txt
nvcounter-val:	1
cert-pkg:	cert/ICVSBContent.crt
2026-02-22 23:27:40,471 - **** Creating Content Certificate ****
2026-02-22 23:27:40,473 - **** Certificate file (context) creation has been completed successfully ****
2026-02-22 23:28:45,058 - Content Certificate Generation Utility started (Logging to sb_content_cert.log)
2026-02-22 23:28:45,058 - Parsing config file: cert/cfg/ICVSBContent.cfg
2026-02-22 23:28:45,059 - Parsed config items:
cert-keypair:	cert/key/ICVSBContent.pem
cert-keypair-pwd:	cert/key/ICVSBContent.pwd
load-verify-scheme:	0
crypto-type:	0
aes-ce-id:	0
aes-enc-key:	cert/key/KCEICV.txt
images-table:	cert/Images.txt
nvcounter-val:	1
cert-pkg:	cert/ICVSBContent.crt
2026-02-22 23:28:45,059 - **** Creating Content Certificate ****
2026-02-22 23:28:45,063 - **** Certificate file (context) creation has been completed successfully ****
2026-02-22 23:28:45,205 - Content Certificate Generation Utility started (Logging to sb_content_cert.log)
2026-02-22 23:28:45,206 - Parsing config file: cert/cfg/ICVSBContent.cfg
2026-02-22 23:28:45,206 - Parsed config items:
cert-keypair:	cert/key/ICVSBContent.pem
cert-keypair-pwd:	cert/key/ICVSBContent.pwd
load-verify-scheme:	0
crypto-type:	0
aes-ce-id:	0
aes-enc-key:	cert/key/KCEICV.txt
images-table:	cert/Images.txt
nvcounter-val:	1
cert-pkg:	cert/ICVSBContent.crt
2026-02-22 23:28:45,206 - **** Creating Content Certificate ****
2026-02-22 23:28:45,209 - **** Certificate file (context) creation has been completed successfully ****
2026-02-22 23:28:45,375 - Content Certificate Generation Utility started (Logging to sb_content_cert.log)
2026-02-22 23:28:45,376 - Parsing config file: cert/cfg/ICVSBContent.cfg
2026-02-22 23:28:45,376 - Parsed config items:
cert-keypair:	cert/key/ICVSBContent.pem
cert-keypair-pwd:	cert/key/ICVSBContent.pwd
load-verify-scheme:	0
crypto-type:	0
aes-ce-id:	0
aes-enc-key:	cert/key/KCEICV.txt
images-table:	cert/Images.txt
nvcounter-val:	1
cert-pkg:	cert/ICVSBContent.crt
2026-02-22 23:28:45,376 - **** Creating Content Certificate ****
2026-02-22 23:28:45,380 - **** Certificate file (context) creation has been completed successfully ****
2026-02-22 23:28:45,515 - Content Certificate Generation Utility started (Logging to sb_content_cert.log)
2026-02-22 23:28:45,515 - Parsing config file: cert/cfg/ICVSBContent.cfg
2026-02-22 23:28:45,516 - Parsed config items:
cert-keypair:	cert/key/ICVSBContent.pem
cert-keypair-pwd:	cert/key/ICVSBContent.pwd
load-verify-scheme:	0
crypto-type:	0
aes-ce-id:	0
aes-enc-key:	cert/key/KCEICV.txt
images-table:	cert/Images.txt
nvcounter-val:	1
cert-pkg:	cert/ICVSBContent.crt
2026-02-22 23:28:45,516 - **** Creating Content Certificate ****
2026-02-22 23:28:45,519 - **** Certificate file (context) creation has been completed successfully ****
2026-02-22 23:28:46,031 - Content Certificate Generation Utility started (Logging to sb_content_cert.log)
2026-02-22 23:28:46,031 - Parsing config file: cert/cfg/ICVSBContent.cfg
2026-02-22 23:28:46,032 - Parsed config items:
cert-keypair:	cert/key/ICVSBContent.pem
cert-keypair-pwd:	cert/key/ICVSBContent.pwd
load-verify-scheme:	0
crypto-type:	0
aes-ce-id:	0
aes-enc-key:	cert/key/KCEICV.txt
images-table:	cert/Images.txt
nvcounter-val:	1
cert-pkg:	cert/ICVSBContent.crt
2026-02-22 23:28:46,032 - **** Creating Content Certificate ****
2026-02-22 23:28:46,034 - **** Certificate file (context) creation has been completed successfully ****
2026-02-22 23:28:46,182 - Content Certificate Generation Utility started (Logging to sb_content_cert.log)
2026-02-22 23:28:46,182 - Parsing config file: cert/cfg/ICVSBContent.cfg
2026-02-22 23:28:46,182 - Parsed config items:
cert-keypair:	cert/key/ICVSBContent.pem
cert-keypair-pwd:	cert/key/ICVSBContent.pwd
load-verify-scheme:	0
crypto-type:	0
aes-ce-id:	0
aes-enc-key:	cert/key/KCEICV.txt
images-table:	cert/Images.txt
nvcounter-val:	1
cert-pkg:	cert/ICVSBContent.crt
2026-02-22 23:28:46,182 - **** Creating Content Certificate ****
2026-02-22 23:28:46,185 - **** Certificate file (context) creation has been completed successfully ****
2026-02-22 23:29:49,887 - Content Certificate Generation Utility started (Logging to sb_content_cert.log)
2026-02-22 23:29:49,887 - Parsing config file: cert/cfg/ICVSBContent.cfg
2026-02-22 23:29:49,888 - Parsed config items:
cert-keypair:	cert/key/ICVSBContent.pem
cert-keypair-pwd:	cert/key/ICVSBContent.pwd
load-verify-scheme:	0
crypto-type:	0
aes-ce-id:	0
aes-enc-key:	cert/key/KCEICV.txt
images-table:	cert/Images.txt
nvcounter-val:	1
cert-pkg:	cert/ICVSBContent.crt
2026-02-22 23:29:49,888 - **** Creating Content Certificate ****
2026-02-22 23:29:49,891 - **** Certificate file (context) creation has been completed successfully ****
2026-02-22 23:29:50,034 - Content Certificate Generation Utility started (Logging to sb_content_cert.log)
2026-02-22 23:29:50,034 - Parsing config file: cert/cfg/ICVSBContent.cfg
2026-02-22 23:29:50,034 - Parsed config items:
cert-keypair:	cert/key/ICVSBContent.pem
cert-keypair-pwd:	cert/key/ICVSBContent.pwd
load-verify-scheme:	0
crypto-type:	0
aes-ce-id:	0
aes-enc-key:	cert/key/KCEICV.txt
images-table:	cert/Images.txt
nvcounter-val:	1
cert-pkg:	cert/ICVSBContent.crt
2026-02-22 23:29:50,034 - **** Creating Content Certificate ****
2026-02-22 23:29:50,038 - **** Certificate file (context) creation has been completed successfully ****
2026-02-22 23:29:50,223 - Content Certificate Generation Utility started (Logging to sb_content_cert.log)
2026-02-22 23:29:50,223 - Parsing config file: cert/cfg/ICVSBContent.cfg
2026-02-22 23:29:50,224 - Parsed config items:
cert-keypair:	cert/key/ICVSBContent.pem
cert-keypair-pwd:	cert/key/ICVSBContent.pwd
load-verify-scheme:	0
crypto-type:	0
aes-ce-id:	0
aes-enc-key:	cert/key/KCEICV.txt
images-table:	cert/Images.txt
nvcounter-val:	1
cert-pkg:	cert/ICVSBContent.crt
2026-02-22 23:29:50,224 - **** Creating Content Certificate ****
2026-02-22 23:29:50,227 - **** Certificate file (context) creation has been completed successfully ****
2026-02-22 23:29:50,362 - Content Certificate Generation Utility started (Logging to sb_content_cert.log)
2026-02-22 23:29:50,362 - Parsing config file: cert/cfg/ICVSBContent.cfg
2026-02-22 23:29:50,362 - Parsed config items:
cert-keypair:	cert/key/ICVSBContent.pem
cert-keypair-pwd:	cert/key/ICVSBContent.pwd
load-verify-scheme:	0
crypto-type:	0
aes-ce-id:	0
aes-enc-key:	cert/key/KCEICV.txt
images-table:	cert/Images.txt
nvcounter-val:	1
cert-pkg:	cert/ICVSBContent.crt
2026-02-22 23:29:50,362 - **** Creating Content Certificate ****
2026-02-22 23:29:50,365 - **** Certificate file (context) creation has been completed successfully ****
2026-02-22 23:29:50,868 - Content Certificate Generation Utility started (Logging to sb_content_cert.log)
2026-02-22 23:29:50,868 - Parsing config file: cert/cfg/ICVSBContent.cfg
2026-02-22 23:29:50,868 - Parsed config items:
cert-keypair:	cert/key/ICVSBContent.pem
cert-keypair-pwd:	cert/key/ICVSBContent.pwd
load-verify-scheme:	0
crypto-type:	0
aes-ce-id:	0
aes-enc-key:	cert/key/KCEICV.txt
images-table:	cert/Images.txt
nvcounter-val:	1
cert-pkg:	cert/ICVSBContent.crt
2026-02-22 23:29:50,868 - **** Creating Content Certificate ****
2026-02-22 23:29:50,871 - **** Certificate file (context) creation has been completed successfully ****
2026-02-22 23:29:51,009 - Content Certificate Generation Utility started (Logging to sb_content_cert.log)
2026-02-22 23:29:51,009 - Parsing config file: cert/cfg/ICVSBContent.cfg
2026-02-22 23:29:51,009 - Parsed config items:
cert-keypair:	cert/key/ICVSBContent.pem
cert-keypair-pwd:	cert/key/ICVSBContent.pwd
load-verify-scheme:	0
crypto-type:	0
aes-ce-id:	0
aes-enc-key:	cert/key/KCEICV.txt
images-table:	cert/Images.txt
nvcounter-val:	1
cert-pkg:	cert/ICVSBContent.crt
2026-02-22 23:29:51,010 - **** Creating Content Certificate ****
2026-02-22 23:29:51,012 - **** Certificate file (context) creation has been completed successfully ****
2026-02-22 23:31:44,214 - Content Certificate Generation Utility started (Logging to sb_content_cert.log)
2026-02-22 23:31:44,214 - Parsing config file: cert/cfg/ICVSBContent.cfg
2026-02-22 23:31:44,214 - Parsed config items:
cert-keypair:	cert/key/ICVSBContent.pem
cert-keypair-pwd:	cert/key/ICVSBContent.pwd
load-verify-scheme:	0
crypto-type:	0
aes-ce-id:	0
aes-enc-key:	cert/key/KCEICV.txt
images-table:	cert/Images.txt
nvcounter-val:	1
cert-pkg:	cert/ICVSBContent.crt
2026-02-22 23:31:44,214 - **** Creating Content Certificate ****
2026-02-22 23:31:44,218 - **** Certificate file (context) creation has been completed successfully ****
2026-02-22 23:31:44,391 - Content Certificate Generation Utility started (Logging to sb_content_cert.log)
2026-02-22 23:31:44,391 - Parsing config file: cert/cfg/ICVSBContent.cfg
2026-02-22 23:31:44,391 - Parsed config items:
cert-keypair:	cert/key/ICVSBContent.pem
cert-keypair-pwd:	cert/key/ICVSBContent.pwd
load-verify-scheme:	0
crypto-type:	0
aes-ce-id:	0
aes-enc-key:	cert/key/KCEICV.txt
images-table:	cert/Images.txt
nvcounter-val:	1
cert-pkg:	cert/ICVSBContent.crt
2026-02-22 23:31:44,391 - **** Creating Content Certificate ****
2026-02-22 23:31:44,394 - **** Certificate file (context) creation has been completed successfully ****
2026-02-22 23:31:44,554 - Content Certificate Generation Utility started (Logging to sb_content_cert.log)
2026-02-22 23:31:44,554 - Parsing config file: cert/cfg/ICVSBContent.cfg
2026-02-22 23:31:44,554 - Parsed config items:
cert-keypair:	cert/key/ICVSBContent.pem
cert-keypair-pwd:	cert/key/ICVSBContent.pwd
load-verify-scheme:	0
crypto-type:	0
aes-ce-id:	0
aes-enc-key:	cert/key/KCEICV.txt
images-table:	cert/Images.txt
nvcounter-val:	1
cert-pkg:	cert/ICVSBContent.crt
2026-02-22 23:31:44,555 - **** Creating Content Certificate ****
2026-02-22 23:31:44,558 - **** Certificate file (context) creation has been completed successfully ****
2026-02-22 23:31:44,697 - Content Certificate Generation Utility started (Logging to sb_content_cert.log)
2026-02-22 23:31:44,697 - Parsing config file: cert/cfg/ICVSBContent.cfg
2026-02-22 23:31:44,698 - Parsed config items:
cert-keypair:	cert/key/ICVSBContent.pem
cert-keypair-pwd:	cert/key/ICVSBContent.pwd
load-verify-scheme:	0
crypto-type:	0
aes-ce-id:	0
aes-enc-key:	cert/key/KCEICV.txt
images-table:	cert/Images.txt
nvcounter-val:	1
cert-pkg:	cert/ICVSBContent.crt
2026-02-22 23:31:44,698 - **** Creating Content Certificate ****
2026-02-22 23:31:44,700 - **** Certificate file (context) creation has been completed successfully ****
2026-02-22 23:31:45,219 - Content Certificate Generation Utility started (Logging to sb_content_cert.log)
2026-02-22 23:31:45,219 - Parsing config file: cert/cfg/ICVSBContent.cfg
2026-02-22 23:31:45,219 - Parsed config items:
cert-keypair:	cert/key/ICVSBContent.pem
cert-keypair-pwd:	cert/key/ICVSBContent.pwd
load-verify-scheme:	0
crypto-type:	0
aes-ce-id:	0
aes-enc-key:	cert/key/KCEICV.txt
images-table:	cert/Images.txt
nvcounter-val:	1
cert-pkg:	cert/ICVSBContent.crt
2026-02-22 23:31:45,220 - **** Creating Content Certificate ****
2026-02-22 23:31:45,222 - **** Certificate file (context) creation has been completed successfully ****
2026-02-22 23:31:45,363 - Content Certificate Generation Utility started (Logging to sb_content_cert.log)
2026-02-22 23:31:45,363 - Parsing config file: cert/cfg/ICVSBContent.cfg
2026-02-22 23:31:45,363 - Parsed config items:
cert-keypair:	cert/key/ICVSBContent.pem
cert-keypair-pwd:	cert/key/ICVSBContent.pwd
load-verify-scheme:	0
crypto-type:	0
aes-ce-id:	0
aes-enc-key:	cert/key/KCEICV.txt
images-table:	cert/Images.txt
nvcounter-val:	1
cert-pkg:	cert/ICVSBContent.crt
2026-02-22 23:31:45,364 - **** Creating Content Certificate ****
2026-02-22 23:31:45,366 - **** Certificate file (context) creation has been completed successfully ****
2026-02-22 23:32:39,902 - Content Certificate Generation Utility started (Logging to sb_content_cert.log)
2026-02-22 23:32:39,903 - Parsing config file: cert/cfg/ICVSBContent.cfg
2026-02-22 23:32:39,903 - Parsed config items:
cert-keypair:	cert/key/ICVSBContent.pem
cert-keypair-pwd:	cert/key/ICVSBContent.pwd
load-verify-scheme:	0
crypto-type:	0
aes-ce-id:	0
aes-enc-key:	cert/key/KCEICV.txt
images-table:	cert/Images.txt
nvcounter-val:	1
cert-pkg:	cert/ICVSBContent.crt
2026-02-22 23:32:39,904 - **** Creating Content Certificate ****
2026-02-22 23:32:39,931 - **** Certificate file (context) creation has been completed successfully ****
2026-02-22 23:32:40,083 - Content Certificate Generation Utility started (Logging to sb_content_cert.log)
2026-02-22 23:32:40,083 - Parsing config file: cert/cfg/ICVSBContent.cfg
2026-02-22 23:32:40,083 - Parsed config items:
cert-keypair:	cert/key/ICVSBContent.pem
cert-keypair-pwd:	cert/key/ICVSBContent.pwd
load-verify-scheme:	0
crypto-type:	0
aes-ce-id:	0
aes-enc-key:	cert/key/KCEICV.txt
images-table:	cert/Images.txt
nvcounter-val:	1
cert-pkg:	cert/ICVSBContent.crt
2026-02-22 23:32:40,083 - **** Creating Content Certificate ****
2026-02-22 23:32:40,087 - **** Certificate file (context) creation has been completed successfully ****
2026-02-22 23:32:40,249 - Content Certificate Generation Utility started (Logging to sb_content_cert.log)
2026-02-22 23:32:40,249 - Parsing config file: cert/cfg/ICVSBContent.cfg
2026-02-22 23:32:40,250 - Parsed config items:
cert-keypair:	cert/key/ICVSBContent.pem
cert-keypair-pwd:	cert/key/ICVSBContent.pwd
load-verify-scheme:	0
crypto-type:	0
aes-ce-id:	0
aes-enc-key:	cert/key/KCEICV.txt
images-table:	cert/Images.txt
nvcounter-val:	1
cert-pkg:	cert/ICVSBContent.crt
2026-02-22 23:32:40,250 - **** Creating Content Certificate ****
2026-02-22 23:32:40,254 - **** Certificate file (context) creation has been completed successfully ****
2026-02-22 23:32:40,389 - Content Certificate Generation Utility started (Logging to sb_content_cert.log)
2026-02-22 23:32:40,389 - Parsing config file: cert/cfg/ICVSBContent.cfg
2026-02-22 23:32:40,389 - Parsed config items:
cert-keypair:	cert/key/ICVSBContent.pem
cert-keypair-pwd:	cert/key/ICVSBContent.pwd
load-verify-scheme:	0
crypto-type:	0
aes-ce-id:	0
aes-enc-key:	cert/key/KCEICV.txt
images-table:	cert/Images.txt
nvcounter-val:	1
cert-pkg:	cert/ICVSBContent.crt
2026-02-22 23:32:40,390 - **** Creating Content Certificate ****
2026-02-22 23:32:40,392 - **** Certificate file (context) creation has been completed successfully ****
2026-02-22 23:32:40,900 - Content Certificate Generation Utility started (Logging to sb_content_cert.log)
2026-02-22 23:32:40,900 - Parsing config file: cert/cfg/ICVSBContent.cfg
2026-02-22 23:32:40,901 - Parsed config items:
cert-keypair:	cert/key/ICVSBContent.pem
cert-keypair-pwd:	cert/key/ICVSBContent.pwd
load-verify-scheme:	0
crypto-type:	0
aes-ce-id:	0
aes-enc-key:	cert/key/KCEICV.txt
images-table:	cert/Images.txt
nvcounter-val:	1
cert-pkg:	cert/ICVSBContent.crt
2026-02-22 23:32:40,901 - **** Creating Content Certificate ****
2026-02-22 23:32:40,903 - **** Certificate file (context) creation has been completed successfully ****
2026-02-22 23:32:41,041 - Content Certificate Generation Utility started (Logging to sb_content_cert.log)
2026-02-22 23:32:41,042 - Parsing config file: cert/cfg/ICVSBContent.cfg
2026-02-22 23:32:41,042 - Parsed config items:
cert-keypair:	cert/key/ICVSBContent.pem
cert-keypair-pwd:	cert/key/ICVSBContent.pwd
load-verify-scheme:	0
crypto-type:	0
aes-ce-id:	0
aes-enc-key:	cert/key/KCEICV.txt
images-table:	cert/Images.txt
nvcounter-val:	1
cert-pkg:	cert/ICVSBContent.crt
2026-02-22 23:32:41,042 - **** Creating Content Certificate ****
2026-02-22 23:32:41,045 - **** Certificate file (context) creation has been completed successfully ****
2026-02-22 23:33:43,557 - Content Certificate Generation Utility started (Logging to sb_content_cert.log)
2026-02-22 23:33:43,558 - Parsing config file: cert/cfg/ICVSBContent.cfg
2026-02-22 23:33:43,558 - Parsed config items:
cert-keypair:	cert/key/ICVSBContent.pem
cert-keypair-pwd:	cert/key/ICVSBContent.pwd
load-verify-scheme:	0
crypto-type:	0
aes-ce-id:	0
aes-enc-key:	cert/key/KCEICV.txt
images-table:	cert/Images.txt
nvcounter-val:	1
cert-pkg:	cert/ICVSBContent.crt
2026-02-22 23:33:43,558 - **** Creating Content Certificate ****
2026-02-22 23:33:43,562 - **** Certificate file (context) creation has been completed successfully ****
2026-02-22 23:33:43,702 - Content Certificate Generation Utility started (Logging to sb_content_cert.log)
2026-02-22 23:33:43,703 - Parsing config file: cert/cfg/ICVSBContent.cfg
2026-02-22 23:33:43,703 - Parsed config items:
cert-keypair:	cert/key/ICVSBContent.pem
cert-keypair-pwd:	cert/key/ICVSBContent.pwd
load-verify-scheme:	0
crypto-type:	0
aes-ce-id:	0
aes-enc-key:	cert/key/KCEICV.txt
images-table:	cert/Images.txt
nvcounter-val:	1
cert-pkg:	cert/ICVSBContent.crt
2026-02-22 23:33:43,703 - **** Creating Content Certificate ****
2026-02-22 23:33:43,706 - **** Certificate file (context) creation has been completed successfully ****
2026-02-22 23:33:43,865 - Content Certificate Generation Utility started (Logging to sb_content_cert.log)
2026-02-22 23:33:43,865 - Parsing config file: cert/cfg/ICVSBContent.cfg
2026-02-22 23:33:43,865 - Parsed config items:
cert-keypair:	cert/key/ICVSBContent.pem
cert-keypair-pwd:	cert/key/ICVSBContent.pwd
load-verify-scheme:	0
crypto-type:	0
aes-ce-id:	0
aes-enc-key:	cert/key/KCEICV.txt
images-table:	cert/Images.txt
nvcounter-val:	1
cert-pkg:	cert/ICVSBContent.crt
2026-02-22 23:33:43,865 - **** Creating Content Certificate ****
2026-02-22 23:33:43,871 - **** Certificate file (context) creation has been completed successfully ****
2026-02-22 23:33:44,012 - Content Certificate Generation Utility started (Logging to sb_content_cert.log)
2026-02-22 23:33:44,012 - Parsing config file: cert/cfg/ICVSBContent.cfg
2026-02-22 23:33:44,013 - Parsed config items:
cert-keypair:	cert/key/ICVSBContent.pem
cert-keypair-pwd:	cert/key/ICVSBContent.pwd
load-verify-scheme:	0
crypto-type:	0
aes-ce-id:	0
aes-enc-key:	cert/key/KCEICV.txt
images-table:	cert/Images.txt
nvcounter-val:	1
cert-pkg:	cert/ICVSBContent.crt
2026-02-22 23:33:44,013 - **** Creating Content Certificate ****
2026-02-22 23:33:44,016 - **** Certificate file (context) creation has been completed successfully ****
2026-02-22 23:33:44,526 - Content Certificate Generation Utility started (Logging to sb_content_cert.log)
2026-02-22 23:33:44,526 - Parsing config file: cert/cfg/ICVSBContent.cfg
2026-02-22 23:33:44,526 - Parsed config items:
cert-keypair:	cert/key/ICVSBContent.pem
cert-keypair-pwd:	cert/key/ICVSBContent.pwd
load-verify-scheme:	0
crypto-type:	0
aes-ce-id:	0
aes-enc-key:	cert/key/KCEICV.txt
images-table:	cert/Images.txt
nvcounter-val:	1
cert-pkg:	cert/ICVSBContent.crt
2026-02-22 23:33:44,526 - **** Creating Content Certificate ****
2026-02-22 23:33:44,529 - **** Certificate file (context) creation has been completed successfully ****
2026-02-22 23:33:44,669 - Content Certificate Generation Utility started (Logging to sb_content_cert.log)
2026-02-22 23:33:44,669 - Parsing config file: cert/cfg/ICVSBContent.cfg
2026-02-22 23:33:44,670 - Parsed config items:
cert-keypair:	cert/key/ICVSBContent.pem
cert-keypair-pwd:	cert/key/ICVSBContent.pwd
load-verify-scheme:	0
crypto-type:	0
aes-ce-id:	0
aes-enc-key:	cert/key/KCEICV.txt
images-table:	cert/Images.txt
nvcounter-val:	1
cert-pkg:	cert/ICVSBContent.crt
2026-02-22 23:33:44,670 - **** Creating Content Certificate ****
2026-02-22 23:33:44,673 - **** Certificate file (context) creation has been completed successfully ****
2026-02-22 23:34:39,112 - Content Certificate Generation Utility started (Logging to sb_content_cert.log)
2026-02-22 23:34:39,113 - Parsing config file: cert/cfg/ICVSBContent.cfg
2026-02-22 23:34:39,113 - Parsed config items:
cert-keypair:	cert/key/ICVSBContent.pem
cert-keypair-pwd:	cert/key/ICVSBContent.pwd
load-verify-scheme:	0
crypto-type:	0
aes-ce-id:	0
aes-enc-key:	cert/key/KCEICV.txt
images-table:	cert/Images.txt
nvcounter-val:	1
cert-pkg:	cert/ICVSBContent.crt
2026-02-22 23:34:39,113 - **** Creating Content Certificate ****
2026-02-22 23:34:39,117 - **** Certificate file (context) creation has been completed successfully ****
2026-02-22 23:34:39,249 - Content Certificate Generation Utility started (Logging to sb_content_cert.log)
2026-02-22 23:34:39,249 - Parsing config file: cert/cfg/ICVSBContent.cfg
2026-02-22 23:34:39,249 - Parsed config items:
cert-keypair:	cert/key/ICVSBContent.pem
cert-keypair-pwd:	cert/key/ICVSBContent.pwd
load-verify-scheme:	0
crypto-type:	0
aes-ce-id:	0
aes-enc-key:	cert/key/KCEICV.txt
images-table:	cert/Images.txt
nvcounter-val:	1
cert-pkg:	cert/ICVSBContent.crt
2026-02-22 23:34:39,250 - **** Creating Content Certificate ****
2026-02-22 23:34:39,253 - **** Certificate file (context) creation has been completed successfully ****
2026-02-22 23:34:39,412 - Content Certificate Generation Utility started (Logging to sb_content_cert.log)
2026-02-22 23:34:39,412 - Parsing config file: cert/cfg/ICVSBContent.cfg
2026-02-22 23:34:39,413 - Parsed config items:
cert-keypair:	cert/key/ICVSBContent.pem
cert-keypair-pwd:	cert/key/ICVSBContent.pwd
load-verify-scheme:	0
crypto-type:	0
aes-ce-id:	0
aes-enc-key:	cert/key/KCEICV.txt
images-table:	cert/Images.txt
nvcounter-val:	1
cert-pkg:	cert/ICVSBContent.crt
2026-02-22 23:34:39,413 - **** Creating Content Certificate ****
2026-02-22 23:34:39,417 - **** Certificate file (context) creation has been completed successfully ****
2026-02-22 23:34:39,554 - Content Certificate Generation Utility started (Logging to sb_content_cert.log)
2026-02-22 23:34:39,554 - Parsing config file: cert/cfg/ICVSBContent.cfg
2026-02-22 23:34:39,554 - Parsed config items:
cert-keypair:	cert/key/ICVSBContent.pem
cert-keypair-pwd:	cert/key/ICVSBContent.pwd
load-verify-scheme:	0
crypto-type:	0
aes-ce-id:	0
aes-enc-key:	cert/key/KCEICV.txt
images-table:	cert/Images.txt
nvcounter-val:	1
cert-pkg:	cert/ICVSBContent.crt
2026-02-22 23:34:39,554 - **** Creating Content Certificate ****
2026-02-22 23:34:39,557 - **** Certificate file (context) creation has been completed successfully ****
2026-02-22 23:34:40,070 - Content Certificate Generation Utility started (Logging to sb_content_cert.log)
2026-02-22 23:34:40,070 - Parsing config file: cert/cfg/ICVSBContent.cfg
2026-02-22 23:34:40,070 - Parsed config items:
cert-keypair:	cert/key/ICVSBContent.pem
cert-keypair-pwd:	cert/key/ICVSBContent.pwd
load-verify-scheme:	0
crypto-type:	0
aes-ce-id:	0
aes-enc-key:	cert/key/KCEICV.txt
images-table:	cert/Images.txt
nvcounter-val:	1
cert-pkg:	cert/ICVSBContent.crt
2026-02-22 23:34:40,071 - **** Creating Content Certificate ****
2026-02-22 23:34:40,073 - **** Certificate file (context) creation has been completed successfully ****
2026-02-22 23:34:40,216 - Content Certificate Generation Utility started (Logging to sb_content_cert.log)
2026-02-22 23:34:40,216 - Parsing config file: cert/cfg/ICVSBContent.cfg
2026-02-22 23:34:40,216 - Parsed config items:
cert-keypair:	cert/key/ICVSBContent.pem
cert-keypair-pwd:	cert/key/ICVSBContent.pwd
load-verify-scheme:	0
crypto-type:	0
aes-ce-id:	0
aes-enc-key:	cert/key/KCEICV.txt
images-table:	cert/Images.txt
nvcounter-val:	1
cert-pkg:	cert/ICVSBContent.crt
2026-02-22 23:34:40,216 - **** Creating Content Certificate ****
2026-02-22 23:34:40,219 - **** Certificate file (context) creation has been completed successfully ****
2026-02-22 23:51:40,103 - Content Certificate Generation Utility started (Logging to sb_content_cert.log)
2026-02-22 23:51:40,105 - Parsing config file: cert/cfg/ICVSBContent.cfg
2026-02-22 23:51:40,105 - Parsed config items:
cert-keypair:	cert/key/ICVSBContent.pem
cert-keypair-pwd:	cert/key/ICVSBContent.pwd
load-verify-scheme:	0
crypto-type:	0
aes-ce-id:	0
aes-enc-key:	cert/key/KCEICV.txt
images-table:	cert/Images.txt
nvcounter-val:	1
cert-pkg:	cert/ICVSBContent.crt
2026-02-22 23:51:40,106 - **** Creating Content Certificate ****
2026-02-22 23:51:40,111 - **** Certificate file (context) creation has been completed successfully ****
2026-02-22 23:51:40,255 - Content Certificate Generation Utility started (Logging to sb_content_cert.log)
2026-02-22 23:51:40,255 - Parsing config file: cert/cfg/ICVSBContent.cfg
2026-02-22 23:51:40,256 - Parsed config items:
cert-keypair:	cert/key/ICVSBContent.pem
cert-keypair-pwd:	cert/key/ICVSBContent.pwd
load-verify-scheme:	0
crypto-type:	0
aes-ce-id:	0
aes-enc-key:	cert/key/KCEICV.txt
images-table:	cert/Images.txt
nvcounter-val:	1
cert-pkg:	cert/ICVSBContent.crt
2026-02-22 23:51:40,256 - **** Creating Content Certificate ****
2026-02-22 23:51:40,260 - **** Certificate file (context) creation has been completed successfully ****
2026-02-22 23:51:40,426 - Content Certificate Generation Utility started (Logging to sb_content_cert.log)
2026-02-22 23:51:40,427 - Parsing config file: cert/cfg/ICVSBContent.cfg
2026-02-22 23:51:40,427 - Parsed config items:
cert-keypair:	cert/key/ICVSBContent.pem
cert-keypair-pwd:	cert/key/ICVSBContent.pwd
load-verify-scheme:	0
crypto-type:	0
aes-ce-id:	0
aes-enc-key:	cert/key/KCEICV.txt
images-table:	cert/Images.txt
nvcounter-val:	1
cert-pkg:	cert/ICVSBContent.crt
2026-02-22 23:51:40,427 - **** Creating Content Certificate ****
2026-02-22 23:51:40,431 - **** Certificate file (context) creation has been completed successfully ****
2026-02-22 23:51:40,572 - Content Certificate Generation Utility started (Logging to sb_content_cert.log)
2026-02-22 23:51:40,572 - Parsing config file: cert/cfg/ICVSBContent.cfg
2026-02-22 23:51:40,572 - Parsed config items:
cert-keypair:	cert/key/ICVSBContent.pem
cert-keypair-pwd:	cert/key/ICVSBContent.pwd
load-verify-scheme:	0
crypto-type:	0
aes-ce-id:	0
aes-enc-key:	cert/key/KCEICV.txt
images-table:	cert/Images.txt
nvcounter-val:	1
cert-pkg:	cert/ICVSBContent.crt
2026-02-22 23:51:40,572 - **** Creating Content Certificate ****
2026-02-22 23:51:40,576 - **** Certificate file (context) creation has been completed successfully ****
2026-02-22 23:51:41,087 - Content Certificate Generation Utility started (Logging to sb_content_cert.log)
2026-02-22 23:51:41,087 - Parsing config file: cert/cfg/ICVSBContent.cfg
2026-02-22 23:51:41,087 - Parsed config items:
cert-keypair:	cert/key/ICVSBContent.pem
cert-keypair-pwd:	cert/key/ICVSBContent.pwd
load-verify-scheme:	0
crypto-type:	0
aes-ce-id:	0
aes-enc-key:	cert/key/KCEICV.txt
images-table:	cert/Images.txt
nvcounter-val:	1
cert-pkg:	cert/ICVSBContent.crt
2026-02-22 23:51:41,087 - **** Creating Content Certificate ****
2026-02-22 23:51:41,090 - **** Certificate file (context) creation has been completed successfully ****
2026-02-22 23:51:41,232 - Content Certificate Generation Utility started (Logging to sb_content_cert.log)
2026-02-22 23:51:41,233 - Parsing config file: cert/cfg/ICVSBContent.cfg
2026-02-22 23:51:41,233 - Parsed config items:
cert-keypair:	cert/key/ICVSBContent.pem
cert-keypair-pwd:	cert/key/ICVSBContent.pwd
load-verify-scheme:	0
crypto-type:	0
aes-ce-id:	0
aes-enc-key:	cert/key/KCEICV.txt
images-table:	cert/Images.txt
nvcounter-val:	1
cert-pkg:	cert/ICVSBContent.crt
2026-02-22 23:51:41,233 - **** Creating Content Certificate ****
2026-02-22 23:51:41,236 - **** Certificate file (context) creation has been completed successfully ****
2026-02-22 23:55:33,633 - Content Certificate Generation Utility started (Logging to sb_content_cert.log)
2026-02-22 23:55:33,633 - Parsing config file: cert/cfg/ICVSBContent.cfg
2026-02-22 23:55:33,633 - Parsed config items:
cert-keypair:	cert/key/ICVSBContent.pem
cert-keypair-pwd:	cert/key/ICVSBContent.pwd
load-verify-scheme:	0
crypto-type:	0
aes-ce-id:	0
aes-enc-key:	cert/key/KCEICV.txt
images-table:	cert/Images.txt
nvcounter-val:	1
cert-pkg:	cert/ICVSBContent.crt
2026-02-22 23:55:33,633 - **** Creating Content Certificate ****
2026-02-22 23:55:33,637 - **** Certificate file (context) creation has been completed successfully ****
2026-02-22 23:55:33,773 - Content Certificate Generation Utility started (Logging to sb_content_cert.log)
2026-02-22 23:55:33,773 - Parsing config file: cert/cfg/ICVSBContent.cfg
2026-02-22 23:55:33,773 - Parsed config items:
cert-keypair:	cert/key/ICVSBContent.pem
cert-keypair-pwd:	cert/key/ICVSBContent.pwd
load-verify-scheme:	0
crypto-type:	0
aes-ce-id:	0
aes-enc-key:	cert/key/KCEICV.txt
images-table:	cert/Images.txt
nvcounter-val:	1
cert-pkg:	cert/ICVSBContent.crt
2026-02-22 23:55:33,774 - **** Creating Content Certificate ****
2026-02-22 23:55:33,777 - **** Certificate file (context) creation has been completed successfully ****
2026-02-22 23:55:33,938 - Content Certificate Generation Utility started (Logging to sb_content_cert.log)
2026-02-22 23:55:33,938 - Parsing config file: cert/cfg/ICVSBContent.cfg
2026-02-22 23:55:33,938 - Parsed config items:
cert-keypair:	cert/key/ICVSBContent.pem
cert-keypair-pwd:	cert/key/ICVSBContent.pwd
load-verify-scheme:	0
crypto-type:	0
aes-ce-id:	0
aes-enc-key:	cert/key/KCEICV.txt
images-table:	cert/Images.txt
nvcounter-val:	1
cert-pkg:	cert/ICVSBContent.crt
2026-02-22 23:55:33,938 - **** Creating Content Certificate ****
2026-02-22 23:55:33,941 - **** Certificate file (context) creation has been completed successfully ****
2026-02-22 23:55:34,110 - Content Certificate Generation Utility started (Logging to sb_content_cert.log)
2026-02-22 23:55:34,110 - Parsing config file: cert/cfg/ICVSBContent.cfg
2026-02-22 23:55:34,111 - Parsed config items:
cert-keypair:	cert/key/ICVSBContent.pem
cert-keypair-pwd:	cert/key/ICVSBContent.pwd
load-verify-scheme:	0
crypto-type:	0
aes-ce-id:	0
aes-enc-key:	cert/key/KCEICV.txt
images-table:	cert/Images.txt
nvcounter-val:	1
cert-pkg:	cert/ICVSBContent.crt
2026-02-22 23:55:34,111 - **** Creating Content Certificate ****
2026-02-22 23:55:34,114 - **** Certificate file (context) creation has been completed successfully ****
2026-02-22 23:55:34,713 - Content Certificate Generation Utility started (Logging to sb_content_cert.log)
2026-02-22 23:55:34,713 - Parsing config file: cert/cfg/ICVSBContent.cfg
2026-02-22 23:55:34,713 - Parsed config items:
cert-keypair:	cert/key/ICVSBContent.pem
cert-keypair-pwd:	cert/key/ICVSBContent.pwd
load-verify-scheme:	0
crypto-type:	0
aes-ce-id:	0
aes-enc-key:	cert/key/KCEICV.txt
images-table:	cert/Images.txt
nvcounter-val:	1
cert-pkg:	cert/ICVSBContent.crt
2026-02-22 23:55:34,713 - **** Creating Content Certificate ****
2026-02-22 23:55:34,717 - **** Certificate file (context) creation has been completed successfully ****
2026-02-22 23:55:34,860 - Content Certificate Generation Utility started (Logging to sb_content_cert.log)
2026-02-22 23:55:34,860 - Parsing config file: cert/cfg/ICVSBContent.cfg
2026-02-22 23:55:34,860 - Parsed config items:
cert-keypair:	cert/key/ICVSBContent.pem
cert-keypair-pwd:	cert/key/ICVSBContent.pwd
load-verify-scheme:	0
crypto-type:	0
aes-ce-id:	0
aes-enc-key:	cert/key/KCEICV.txt
images-table:	cert/Images.txt
nvcounter-val:	1
cert-pkg:	cert/ICVSBContent.crt
2026-02-22 23:55:34,860 - **** Creating Content Certificate ****
2026-02-22 23:55:34,863 - **** Certificate file (context) creation has been completed successfully ****
2026-02-23 00:06:46,193 - Content Certificate Generation Utility started (Logging to sb_content_cert.log)
2026-02-23 00:06:46,193 - Parsing config file: cert/cfg/ICVSBContent.cfg
2026-02-23 00:06:46,193 - Parsed config items:
cert-keypair:	cert/key/ICVSBContent.pem
cert-keypair-pwd:	cert/key/ICVSBContent.pwd
load-verify-scheme:	0
crypto-type:	0
aes-ce-id:	0
aes-enc-key:	cert/key/KCEICV.txt
images-table:	cert/Images.txt
nvcounter-val:	1
cert-pkg:	cert/ICVSBContent.crt
2026-02-23 00:06:46,194 - **** Creating Content Certificate ****
2026-02-23 00:06:46,198 - **** Certificate file (context) creation has been completed successfully ****
2026-02-23 00:06:46,336 - Content Certificate Generation Utility started (Logging to sb_content_cert.log)
2026-02-23 00:06:46,336 - Parsing config file: cert/cfg/ICVSBContent.cfg
2026-02-23 00:06:46,336 - Parsed config items:
cert-keypair:	cert/key/ICVSBContent.pem
cert-keypair-pwd:	cert/key/ICVSBContent.pwd
load-verify-scheme:	0
crypto-type:	0
aes-ce-id:	0
aes-enc-key:	cert/key/KCEICV.txt
images-table:	cert/Images.txt
nvcounter-val:	1
cert-pkg:	cert/ICVSBContent.crt
2026-02-23 00:06:46,337 - **** Creating Content Certificate ****
2026-02-23 00:06:46,340 - **** Certificate file (context) creation has been completed successfully ****
2026-02-23 00:06:46,498 - Content Certificate Generation Utility started (Logging to sb_content_cert.log)
2026-02-23 00:06:46,498 - Parsing config file: cert/cfg/ICVSBContent.cfg
2026-02-23 00:06:46,498 - Parsed config items:
cert-keypair:	cert/key/ICVSBContent.pem
cert-keypair-pwd:	cert/key/ICVSBContent.pwd
load-verify-scheme:	0
crypto-type:	0
aes-ce-id:	0
aes-enc-key:	cert/key/KCEICV.txt
images-table:	cert/Images.txt
nvcounter-val:	1
cert-pkg:	cert/ICVSBContent.crt
2026-02-23 00:06:46,499 - **** Creating Content Certificate ****
2026-02-23 00:06:46,502 - **** Certificate file (context) creation has been completed successfully ****
2026-02-23 00:06:46,645 - Content Certificate Generation Utility started (Logging to sb_content_cert.log)
2026-02-23 00:06:46,645 - Parsing config file: cert/cfg/ICVSBContent.cfg
2026-02-23 00:06:46,645 - Parsed config items:
cert-keypair:	cert/key/ICVSBContent.pem
cert-keypair-pwd:	cert/key/ICVSBContent.pwd
load-verify-scheme:	0
crypto-type:	0
aes-ce-id:	0
aes-enc-key:	cert/key/KCEICV.txt
images-table:	cert/Images.txt
nvcounter-val:	1
cert-pkg:	cert/ICVSBContent.crt
2026-02-23 00:06:46,645 - **** Creating Content Certificate ****
2026-02-23 00:06:46,648 - **** Certificate file (context) creation has been completed successfully ****
2026-02-23 00:06:47,251 - Content Certificate Generation Utility started (Logging to sb_content_cert.log)
2026-02-23 00:06:47,251 - Parsing config file: cert/cfg/ICVSBContent.cfg
2026-02-23 00:06:47,251 - Parsed config items:
cert-keypair:	cert/key/ICVSBContent.pem
cert-keypair-pwd:	cert/key/ICVSBContent.pwd
load-verify-scheme:	0
crypto-type:	0
aes-ce-id:	0
aes-enc-key:	cert/key/KCEICV.txt
images-table:	cert/Images.txt
nvcounter-val:	1
cert-pkg:	cert/ICVSBContent.crt
2026-02-23 00:06:47,251 - **** Creating Content Certificate ****
2026-02-23 00:06:47,258 - **** Certificate file (context) creation has been completed successfully ****
2026-02-23 00:06:47,424 - Content Certificate Generation Utility started (Logging to sb_content_cert.log)
2026-02-23 00:06:47,424 - Parsing config file: cert/cfg/ICVSBContent.cfg
2026-02-23 00:06:47,424 - Parsed config items:
cert-keypair:	cert/key/ICVSBContent.pem
cert-keypair-pwd:	cert/key/ICVSBContent.pwd
load-verify-scheme:	0
crypto-type:	0
aes-ce-id:	0
aes-enc-key:	cert/key/KCEICV.txt
images-table:	cert/Images.txt
nvcounter-val:	1
cert-pkg:	cert/ICVSBContent.crt
2026-02-23 00:06:47,425 - **** Creating Content Certificate ****
2026-02-23 00:06:47,428 - **** Certificate file (context) creation has been completed successfully ****
2026-02-23 00:12:03,521 - Content Certificate Generation Utility started (Logging to sb_content_cert.log)
2026-02-23 00:12:03,521 - Parsing config file: cert/cfg/ICVSBContent.cfg
2026-02-23 00:12:03,521 - Parsed config items:
cert-keypair:	cert/key/ICVSBContent.pem
cert-keypair-pwd:	cert/key/ICVSBContent.pwd
load-verify-scheme:	0
crypto-type:	0
aes-ce-id:	0
aes-enc-key:	cert/key/KCEICV.txt
images-table:	cert/Images.txt
nvcounter-val:	1
cert-pkg:	cert/ICVSBContent.crt
2026-02-23 00:12:03,521 - **** Creating Content Certificate ****
2026-02-23 00:12:03,526 - **** Certificate file (context) creation has been completed successfully ****
2026-02-23 00:12:03,666 - Content Certificate Generation Utility started (Logging to sb_content_cert.log)
2026-02-23 00:12:03,667 - Parsing config file: cert/cfg/ICVSBContent.cfg
2026-02-23 00:12:03,667 - Parsed config items:
cert-keypair:	cert/key/ICVSBContent.pem
cert-keypair-pwd:	cert/key/ICVSBContent.pwd
load-verify-scheme:	0
crypto-type:	0
aes-ce-id:	0
aes-enc-key:	cert/key/KCEICV.txt
images-table:	cert/Images.txt
nvcounter-val:	1
cert-pkg:	cert/ICVSBContent.crt
2026-02-23 00:12:03,667 - **** Creating Content Certificate ****
2026-02-23 00:12:03,671 - **** Certificate file (context) creation has been completed successfully ****
2026-02-23 00:12:03,832 - Content Certificate Generation Utility started (Logging to sb_content_cert.log)
2026-02-23 00:12:03,832 - Parsing config file: cert/cfg/ICVSBContent.cfg
2026-02-23 00:12:03,832 - Parsed config items:
cert-keypair:	cert/key/ICVSBContent.pem
cert-keypair-pwd:	cert/key/ICVSBContent.pwd
load-verify-scheme:	0
crypto-type:	0
aes-ce-id:	0
aes-enc-key:	cert/key/KCEICV.txt
images-table:	cert/Images.txt
nvcounter-val:	1
cert-pkg:	cert/ICVSBContent.crt
2026-02-23 00:12:03,832 - **** Creating Content Certificate ****
2026-02-23 00:12:03,836 - **** Certificate file (context) creation has been completed successfully ****
2026-02-23 00:12:03,973 - Content Certificate Generation Utility started (Logging to sb_content_cert.log)
2026-02-23 00:12:03,973 - Parsing config file: cert/cfg/ICVSBContent.cfg
2026-02-23 00:12:03,973 - Parsed config items:
cert-keypair:	cert/key/ICVSBContent.pem
cert-keypair-pwd:	cert/key/ICVSBContent.pwd
load-verify-scheme:	0
crypto-type:	0
aes-ce-id:	0
aes-enc-key:	cert/key/KCEICV.txt
images-table:	cert/Images.txt
nvcounter-val:	1
cert-pkg:	cert/ICVSBContent.crt
2026-02-23 00:12:03,973 - **** Creating Content Certificate ****
2026-02-23 00:12:03,976 - **** Certificate file (context) creation has been completed successfully ****
2026-02-23 00:12:04,478 - Content Certificate Generation Utility started (Logging to sb_content_cert.log)
2026-02-23 00:12:04,478 - Parsing config file: cert/cfg/ICVSBContent.cfg
2026-02-23 00:12:04,478 - Parsed config items:
cert-keypair:	cert/key/ICVSBContent.pem
cert-keypair-pwd:	cert/key/ICVSBContent.pwd
load-verify-scheme:	0
crypto-type:	0
aes-ce-id:	0
aes-enc-key:	cert/key/KCEICV.txt
images-table:	cert/Images.txt
nvcounter-val:	1
cert-pkg:	cert/ICVSBContent.crt
2026-02-23 00:12:04,478 - **** Creating Content Certificate ****
2026-02-23 00:12:04,481 - **** Certificate file (context) creation has been completed successfully ****
2026-02-23 00:12:04,639 - Content Certificate Generation Utility started (Logging to sb_content_cert.log)
2026-02-23 00:12:04,639 - Parsing config file: cert/cfg/ICVSBContent.cfg
2026-02-23 00:12:04,640 - Parsed config items:
cert-keypair:	cert/key/ICVSBContent.pem
cert-keypair-pwd:	cert/key/ICVSBContent.pwd
load-verify-scheme:	0
crypto-type:	0
aes-ce-id:	0
aes-enc-key:	cert/key/KCEICV.txt
images-table:	cert/Images.txt
nvcounter-val:	1
cert-pkg:	cert/ICVSBContent.crt
2026-02-23 00:12:04,640 - **** Creating Content Certificate ****
2026-02-23 00:12:04,642 - **** Certificate file (context) creation has been completed successfully ****
2026-02-23 00:15:29,648 - Content Certificate Generation Utility started (Logging to sb_content_cert.log)
2026-02-23 00:15:29,648 - Parsing config file: cert/cfg/ICVSBContent.cfg
2026-02-23 00:15:29,648 - Parsed config items:
cert-keypair:	cert/key/ICVSBContent.pem
cert-keypair-pwd:	cert/key/ICVSBContent.pwd
load-verify-scheme:	0
crypto-type:	0
aes-ce-id:	0
aes-enc-key:	cert/key/KCEICV.txt
images-table:	cert/Images.txt
nvcounter-val:	1
cert-pkg:	cert/ICVSBContent.crt
2026-02-23 00:15:29,648 - **** Creating Content Certificate ****
2026-02-23 00:15:29,652 - **** Certificate file (context) creation has been completed successfully ****
2026-02-23 00:15:29,805 - Content Certificate Generation Utility started (Logging to sb_content_cert.log)
2026-02-23 00:15:29,806 - Parsing config file: cert/cfg/ICVSBContent.cfg
2026-02-23 00:15:29,806 - Parsed config items:
cert-keypair:	cert/key/ICVSBContent.pem
cert-keypair-pwd:	cert/key/ICVSBContent.pwd
load-verify-scheme:	0
crypto-type:	0
aes-ce-id:	0
aes-enc-key:	cert/key/KCEICV.txt
images-table:	cert/Images.txt
nvcounter-val:	1
cert-pkg:	cert/ICVSBContent.crt
2026-02-23 00:15:29,806 - **** Creating Content Certificate ****
2026-02-23 00:15:29,814 - **** Certificate file (context) creation has been completed successfully ****
2026-02-23 00:15:30,015 - Content Certificate Generation Utility started (Logging to sb_content_cert.log)
2026-02-23 00:15:30,015 - Parsing config file: cert/cfg/ICVSBContent.cfg
2026-02-23 00:15:30,016 - Parsed config items:
cert-keypair:	cert/key/ICVSBContent.pem
cert-keypair-pwd:	cert/key/ICVSBContent.pwd
load-verify-scheme:	0
crypto-type:	0
aes-ce-id:	0
aes-enc-key:	cert/key/KCEICV.txt
images-table:	cert/Images.txt
nvcounter-val:	1
cert-pkg:	cert/ICVSBContent.crt
2026-02-23 00:15:30,016 - **** Creating Content Certificate ****
2026-02-23 00:15:30,019 - **** Certificate file (context) creation has been completed successfully ****
2026-02-23 00:15:30,156 - Content Certificate Generation Utility started (Logging to sb_content_cert.log)
2026-02-23 00:15:30,157 - Parsing config file: cert/cfg/ICVSBContent.cfg
2026-02-23 00:15:30,157 - Parsed config items:
cert-keypair:	cert/key/ICVSBContent.pem
cert-keypair-pwd:	cert/key/ICVSBContent.pwd
load-verify-scheme:	0
crypto-type:	0
aes-ce-id:	0
aes-enc-key:	cert/key/KCEICV.txt
images-table:	cert/Images.txt
nvcounter-val:	1
cert-pkg:	cert/ICVSBContent.crt
2026-02-23 00:15:30,157 - **** Creating Content Certificate ****
2026-02-23 00:15:30,160 - **** Certificate file (context) creation has been completed successfully ****
2026-02-23 00:15:30,672 - Content Certificate Generation Utility started (Logging to sb_content_cert.log)
2026-02-23 00:15:30,673 - Parsing config file: cert/cfg/ICVSBContent.cfg
2026-02-23 00:15:30,673 - Parsed config items:
cert-keypair:	cert/key/ICVSBContent.pem
cert-keypair-pwd:	cert/key/ICVSBContent.pwd
load-verify-scheme:	0
crypto-type:	0
aes-ce-id:	0
aes-enc-key:	cert/key/KCEICV.txt
images-table:	cert/Images.txt
nvcounter-val:	1
cert-pkg:	cert/ICVSBContent.crt
2026-02-23 00:15:30,673 - **** Creating Content Certificate ****
2026-02-23 00:15:30,677 - **** Certificate file (context) creation has been completed successfully ****
2026-02-23 00:15:30,838 - Content Certificate Generation Utility started (Logging to sb_content_cert.log)
2026-02-23 00:15:30,839 - Parsing config file: cert/cfg/ICVSBContent.cfg
2026-02-23 00:15:30,839 - Parsed config items:
cert-keypair:	cert/key/ICVSBContent.pem
cert-keypair-pwd:	cert/key/ICVSBContent.pwd
load-verify-scheme:	0
crypto-type:	0
aes-ce-id:	0
aes-enc-key:	cert/key/KCEICV.txt
images-table:	cert/Images.txt
nvcounter-val:	1
cert-pkg:	cert/ICVSBContent.crt
2026-02-23 00:15:30,839 - **** Creating Content Certificate ****
2026-02-23 00:15:30,842 - **** Certificate file (context) creation has been completed successfully ****
2026-02-23 00:22:53,561 - Content Certificate Generation Utility started (Logging to sb_content_cert.log)
2026-02-23 00:22:53,562 - Parsing config file: cert/cfg/ICVSBContent.cfg
2026-02-23 00:22:53,562 - Parsed config items:
cert-keypair:	cert/key/ICVSBContent.pem
cert-keypair-pwd:	cert/key/ICVSBContent.pwd
load-verify-scheme:	0
crypto-type:	0
aes-ce-id:	0
aes-enc-key:	cert/key/KCEICV.txt
images-table:	cert/Images.txt
nvcounter-val:	1
cert-pkg:	cert/ICVSBContent.crt
2026-02-23 00:22:53,562 - **** Creating Content Certificate ****
2026-02-23 00:22:53,567 - **** Certificate file (context) creation has been completed successfully ****
2026-02-23 00:22:53,706 - Content Certificate Generation Utility started (Logging to sb_content_cert.log)
2026-02-23 00:22:53,707 - Parsing config file: cert/cfg/ICVSBContent.cfg
2026-02-23 00:22:53,707 - Parsed config items:
cert-keypair:	cert/key/ICVSBContent.pem
cert-keypair-pwd:	cert/key/ICVSBContent.pwd
load-verify-scheme:	0
crypto-type:	0
aes-ce-id:	0
aes-enc-key:	cert/key/KCEICV.txt
images-table:	cert/Images.txt
nvcounter-val:	1
cert-pkg:	cert/ICVSBContent.crt
2026-02-23 00:22:53,707 - **** Creating Content Certificate ****
2026-02-23 00:22:53,710 - **** Certificate file (context) creation has been completed successfully ****
2026-02-23 00:22:53,866 - Content Certificate Generation Utility started (Logging to sb_content_cert.log)
2026-02-23 00:22:53,866 - Parsing config file: cert/cfg/ICVSBContent.cfg
2026-02-23 00:22:53,867 - Parsed config items:
cert-keypair:	cert/key/ICVSBContent.pem
cert-keypair-pwd:	cert/key/ICVSBContent.pwd
load-verify-scheme:	0
crypto-type:	0
aes-ce-id:	0
aes-enc-key:	cert/key/KCEICV.txt
images-table:	cert/Images.txt
nvcounter-val:	1
cert-pkg:	cert/ICVSBContent.crt
2026-02-23 00:22:53,867 - **** Creating Content Certificate ****
2026-02-23 00:22:53,870 - **** Certificate file (context) creation has been completed successfully ****
2026-02-23 00:22:54,004 - Content Certificate Generation Utility started (Logging to sb_content_cert.log)
2026-02-23 00:22:54,004 - Parsing config file: cert/cfg/ICVSBContent.cfg
2026-02-23 00:22:54,004 - Parsed config items:
cert-keypair:	cert/key/ICVSBContent.pem
cert-keypair-pwd:	cert/key/ICVSBContent.pwd
load-verify-scheme:	0
crypto-type:	0
aes-ce-id:	0
aes-enc-key:	cert/key/KCEICV.txt
images-table:	cert/Images.txt
nvcounter-val:	1
cert-pkg:	cert/ICVSBContent.crt
2026-02-23 00:22:54,005 - **** Creating Content Certificate ****
2026-02-23 00:22:54,007 - **** Certificate file (context) creation has been completed successfully ****
2026-02-23 00:22:54,529 - Content Certificate Generation Utility started (Logging to sb_content_cert.log)
2026-02-23 00:22:54,529 - Parsing config file: cert/cfg/ICVSBContent.cfg
2026-02-23 00:22:54,529 - Parsed config items:
cert-keypair:	cert/key/ICVSBContent.pem
cert-keypair-pwd:	cert/key/ICVSBContent.pwd
load-verify-scheme:	0
crypto-type:	0
aes-ce-id:	0
aes-enc-key:	cert/key/KCEICV.txt
images-table:	cert/Images.txt
nvcounter-val:	1
cert-pkg:	cert/ICVSBContent.crt
2026-02-23 00:22:54,529 - **** Creating Content Certificate ****
2026-02-23 00:22:54,532 - **** Certificate file (context) creation has been completed successfully ****
2026-02-23 00:22:54,676 - Content Certificate Generation Utility started (Logging to sb_content_cert.log)
2026-02-23 00:22:54,676 - Parsing config file: cert/cfg/ICVSBContent.cfg
2026-02-23 00:22:54,676 - Parsed config items:
cert-keypair:	cert/key/ICVSBContent.pem
cert-keypair-pwd:	cert/key/ICVSBContent.pwd
load-verify-scheme:	0
crypto-type:	0
aes-ce-id:	0
aes-enc-key:	cert/key/KCEICV.txt
images-table:	cert/Images.txt
nvcounter-val:	1
cert-pkg:	cert/ICVSBContent.crt
2026-02-23 00:22:54,677 - **** Creating Content Certificate ****
2026-02-23 00:22:54,679 - **** Certificate file (context) creation has been completed successfully ****
2026-02-23 10:48:42,421 - Content Certificate Generation Utility started (Logging to sb_content_cert.log)
2026-02-23 10:48:42,421 - Parsing config file: cert/cfg/ICVSBContent.cfg
2026-02-23 10:48:42,421 - Parsed config items:
cert-keypair:	cert/key/ICVSBContent.pem
cert-keypair-pwd:	cert/key/ICVSBContent.pwd
load-verify-scheme:	0
crypto-type:	0
aes-ce-id:	0
aes-enc-key:	cert/key/KCEICV.txt
images-table:	cert/Images.txt
nvcounter-val:	1
cert-pkg:	cert/ICVSBContent.crt
2026-02-23 10:48:42,421 - **** Creating Content Certificate ****
2026-02-23 10:48:42,425 - **** Certificate file (context) creation has been completed successfully ****
2026-02-23 10:48:42,553 - Content Certificate Generation Utility started (Logging to sb_content_cert.log)
2026-02-23 10:48:42,553 - Parsing config file: cert/cfg/ICVSBContent.cfg
2026-02-23 10:48:42,553 - Parsed config items:
cert-keypair:	cert/key/ICVSBContent.pem
cert-keypair-pwd:	cert/key/ICVSBContent.pwd
load-verify-scheme:	0
crypto-type:	0
aes-ce-id:	0
aes-enc-key:	cert/key/KCEICV.txt
images-table:	cert/Images.txt
nvcounter-val:	1
cert-pkg:	cert/ICVSBContent.crt
2026-02-23 10:48:42,553 - **** Creating Content Certificate ****
2026-02-23 10:48:42,556 - **** Certificate file (context) creation has been completed successfully ****
2026-02-23 10:48:42,712 - Content Certificate Generation Utility started (Logging to sb_content_cert.log)
2026-02-23 10:48:42,712 - Parsing config file: cert/cfg/ICVSBContent.cfg
2026-02-23 10:48:42,713 - Parsed config items:
cert-keypair:	cert/key/ICVSBContent.pem
cert-keypair-pwd:	cert/key/ICVSBContent.pwd
load-verify-scheme:	0
crypto-type:	0
aes-ce-id:	0
aes-enc-key:	cert/key/KCEICV.txt
images-table:	cert/Images.txt
nvcounter-val:	1
cert-pkg:	cert/ICVSBContent.crt
2026-02-23 10:48:42,713 - **** Creating Content Certificate ****
2026-02-23 10:48:42,716 - **** Certificate file (context) creation has been completed successfully ****
2026-02-23 10:48:42,848 - Content Certificate Generation Utility started (Logging to sb_content_cert.log)
2026-02-23 10:48:42,848 - Parsing config file: cert/cfg/ICVSBContent.cfg
2026-02-23 10:48:42,849 - Parsed config items:
cert-keypair:	cert/key/ICVSBContent.pem
cert-keypair-pwd:	cert/key/ICVSBContent.pwd
load-verify-scheme:	0
crypto-type:	0
aes-ce-id:	0
aes-enc-key:	cert/key/KCEICV.txt
images-table:	cert/Images.txt
nvcounter-val:	1
cert-pkg:	cert/ICVSBContent.crt
2026-02-23 10:48:42,849 - **** Creating Content Certificate ****
2026-02-23 10:48:42,851 - **** Certificate file (context) creation has been completed successfully ****
2026-02-23 10:48:43,341 - Content Certificate Generation Utility started (Logging to sb_content_cert.log)
2026-02-23 10:48:43,341 - Parsing config file: cert/cfg/ICVSBContent.cfg
2026-02-23 10:48:43,342 - Parsed config items:
cert-keypair:	cert/key/ICVSBContent.pem
cert-keypair-pwd:	cert/key/ICVSBContent.pwd
load-verify-scheme:	0
crypto-type:	0
aes-ce-id:	0
aes-enc-key:	cert/key/KCEICV.txt
images-table:	cert/Images.txt
nvcounter-val:	1
cert-pkg:	cert/ICVSBContent.crt
2026-02-23 10:48:43,342 - **** Creating Content Certificate ****
2026-02-23 10:48:43,346 - **** Certificate file (context) creation has been completed successfully ****
2026-02-23 10:48:43,503 - Content Certificate Generation Utility started (Logging to sb_content_cert.log)
2026-02-23 10:48:43,503 - Parsing config file: cert/cfg/ICVSBContent.cfg
2026-02-23 10:48:43,503 - Parsed config items:
cert-keypair:	cert/key/ICVSBContent.pem
cert-keypair-pwd:	cert/key/ICVSBContent.pwd
load-verify-scheme:	0
crypto-type:	0
aes-ce-id:	0
aes-enc-key:	cert/key/KCEICV.txt
images-table:	cert/Images.txt
nvcounter-val:	1
cert-pkg:	cert/ICVSBContent.crt
2026-02-23 10:48:43,503 - **** Creating Content Certificate ****
2026-02-23 10:48:43,506 - **** Certificate file (context) creation has been completed successfully ****
2026-02-23 10:53:04,586 - Content Certificate Generation Utility started (Logging to sb_content_cert.log)
2026-02-23 10:53:04,586 - Parsing config file: cert/cfg/ICVSBContent.cfg
2026-02-23 10:53:04,586 - Parsed config items:
cert-keypair:	cert/key/ICVSBContent.pem
cert-keypair-pwd:	cert/key/ICVSBContent.pwd
load-verify-scheme:	0
crypto-type:	0
aes-ce-id:	0
aes-enc-key:	cert/key/KCEICV.txt
images-table:	cert/Images.txt
nvcounter-val:	1
cert-pkg:	cert/ICVSBContent.crt
2026-02-23 10:53:04,586 - **** Creating Content Certificate ****
2026-02-23 10:53:04,590 - **** Certificate file (context) creation has been completed successfully ****
2026-02-23 10:53:04,725 - Content Certificate Generation Utility started (Logging to sb_content_cert.log)
2026-02-23 10:53:04,725 - Parsing config file: cert/cfg/ICVSBContent.cfg
2026-02-23 10:53:04,725 - Parsed config items:
cert-keypair:	cert/key/ICVSBContent.pem
cert-keypair-pwd:	cert/key/ICVSBContent.pwd
load-verify-scheme:	0
crypto-type:	0
aes-ce-id:	0
aes-enc-key:	cert/key/KCEICV.txt
images-table:	cert/Images.txt
nvcounter-val:	1
cert-pkg:	cert/ICVSBContent.crt
2026-02-23 10:53:04,726 - **** Creating Content Certificate ****
2026-02-23 10:53:04,729 - **** Certificate file (context) creation has been completed successfully ****
2026-02-23 10:53:04,897 - Content Certificate Generation Utility started (Logging to sb_content_cert.log)
2026-02-23 10:53:04,897 - Parsing config file: cert/cfg/ICVSBContent.cfg
2026-02-23 10:53:04,898 - Parsed config items:
cert-keypair:	cert/key/ICVSBContent.pem
cert-keypair-pwd:	cert/key/ICVSBContent.pwd
load-verify-scheme:	0
crypto-type:	0
aes-ce-id:	0
aes-enc-key:	cert/key/KCEICV.txt
images-table:	cert/Images.txt
nvcounter-val:	1
cert-pkg:	cert/ICVSBContent.crt
2026-02-23 10:53:04,898 - **** Creating Content Certificate ****
2026-02-23 10:53:04,901 - **** Certificate file (context) creation has been completed successfully ****
2026-02-23 10:53:05,030 - Content Certificate Generation Utility started (Logging to sb_content_cert.log)
2026-02-23 10:53:05,030 - Parsing config file: cert/cfg/ICVSBContent.cfg
2026-02-23 10:53:05,030 - Parsed config items:
cert-keypair:	cert/key/ICVSBContent.pem
cert-keypair-pwd:	cert/key/ICVSBContent.pwd
load-verify-scheme:	0
crypto-type:	0
aes-ce-id:	0
aes-enc-key:	cert/key/KCEICV.txt
images-table:	cert/Images.txt
nvcounter-val:	1
cert-pkg:	cert/ICVSBContent.crt
2026-02-23 10:53:05,030 - **** Creating Content Certificate ****
2026-02-23 10:53:05,033 - **** Certificate file (context) creation has been completed successfully ****
2026-02-23 10:53:05,529 - Content Certificate Generation Utility started (Logging to sb_content_cert.log)
2026-02-23 10:53:05,530 - Parsing config file: cert/cfg/ICVSBContent.cfg
2026-02-23 10:53:05,530 - Parsed config items:
cert-keypair:	cert/key/ICVSBContent.pem
cert-keypair-pwd:	cert/key/ICVSBContent.pwd
load-verify-scheme:	0
crypto-type:	0
aes-ce-id:	0
aes-enc-key:	cert/key/KCEICV.txt
images-table:	cert/Images.txt
nvcounter-val:	1
cert-pkg:	cert/ICVSBContent.crt
2026-02-23 10:53:05,530 - **** Creating Content Certificate ****
2026-02-23 10:53:05,532 - **** Certificate file (context) creation has been completed successfully ****
2026-02-23 10:53:05,668 - Content Certificate Generation Utility started (Logging to sb_content_cert.log)
2026-02-23 10:53:05,668 - Parsing config file: cert/cfg/ICVSBContent.cfg
2026-02-23 10:53:05,669 - Parsed config items:
cert-keypair:	cert/key/ICVSBContent.pem
cert-keypair-pwd:	cert/key/ICVSBContent.pwd
load-verify-scheme:	0
crypto-type:	0
aes-ce-id:	0
aes-enc-key:	cert/key/KCEICV.txt
images-table:	cert/Images.txt
nvcounter-val:	1
cert-pkg:	cert/ICVSBContent.crt
2026-02-23 10:53:05,669 - **** Creating Content Certificate ****
2026-02-23 10:53:05,671 - **** Certificate file (context) creation has been completed successfully ****
2026-02-23 10:55:39,550 - Content Certificate Generation Utility started (Logging to sb_content_cert.log)
2026-02-23 10:55:39,551 - Parsing config file: cert/cfg/ICVSBContent.cfg
2026-02-23 10:55:39,551 - Parsed config items:
cert-keypair:	cert/key/ICVSBContent.pem
cert-keypair-pwd:	cert/key/ICVSBContent.pwd
load-verify-scheme:	0
crypto-type:	0
aes-ce-id:	0
aes-enc-key:	cert/key/KCEICV.txt
images-table:	cert/Images.txt
nvcounter-val:	1
cert-pkg:	cert/ICVSBContent.crt
2026-02-23 10:55:39,551 - **** Creating Content Certificate ****
2026-02-23 10:55:39,555 - **** Certificate file (context) creation has been completed successfully ****
2026-02-23 10:55:39,689 - Content Certificate Generation Utility started (Logging to sb_content_cert.log)
2026-02-23 10:55:39,689 - Parsing config file: cert/cfg/ICVSBContent.cfg
2026-02-23 10:55:39,690 - Parsed config items:
cert-keypair:	cert/key/ICVSBContent.pem
cert-keypair-pwd:	cert/key/ICVSBContent.pwd
load-verify-scheme:	0
crypto-type:	0
aes-ce-id:	0
aes-enc-key:	cert/key/KCEICV.txt
images-table:	cert/Images.txt
nvcounter-val:	1
cert-pkg:	cert/ICVSBContent.crt
2026-02-23 10:55:39,690 - **** Creating Content Certificate ****
2026-02-23 10:55:39,693 - **** Certificate file (context) creation has been completed successfully ****
2026-02-23 10:55:39,859 - Content Certificate Generation Utility started (Logging to sb_content_cert.log)
2026-02-23 10:55:39,859 - Parsing config file: cert/cfg/ICVSBContent.cfg
2026-02-23 10:55:39,859 - Parsed config items:
cert-keypair:	cert/key/ICVSBContent.pem
cert-keypair-pwd:	cert/key/ICVSBContent.pwd
load-verify-scheme:	0
crypto-type:	0
aes-ce-id:	0
aes-enc-key:	cert/key/KCEICV.txt
images-table:	cert/Images.txt
nvcounter-val:	1
cert-pkg:	cert/ICVSBContent.crt
2026-02-23 10:55:39,859 - **** Creating Content Certificate ****
2026-02-23 10:55:39,863 - **** Certificate file (context) creation has been completed successfully ****
2026-02-23 10:55:40,001 - Content Certificate Generation Utility started (Logging to sb_content_cert.log)
2026-02-23 10:55:40,002 - Parsing config file: cert/cfg/ICVSBContent.cfg
2026-02-23 10:55:40,002 - Parsed config items:
cert-keypair:	cert/key/ICVSBContent.pem
cert-keypair-pwd:	cert/key/ICVSBContent.pwd
load-verify-scheme:	0
crypto-type:	0
aes-ce-id:	0
aes-enc-key:	cert/key/KCEICV.txt
images-table:	cert/Images.txt
nvcounter-val:	1
cert-pkg:	cert/ICVSBContent.crt
2026-02-23 10:55:40,003 - **** Creating Content Certificate ****
2026-02-23 10:55:40,007 - **** Certificate file (context) creation has been completed successfully ****
2026-02-23 10:55:40,518 - Content Certificate Generation Utility started (Logging to sb_content_cert.log)
2026-02-23 10:55:40,518 - Parsing config file: cert/cfg/ICVSBContent.cfg
2026-02-23 10:55:40,519 - Parsed config items:
cert-keypair:	cert/key/ICVSBContent.pem
cert-keypair-pwd:	cert/key/ICVSBContent.pwd
load-verify-scheme:	0
crypto-type:	0
aes-ce-id:	0
aes-enc-key:	cert/key/KCEICV.txt
images-table:	cert/Images.txt
nvcounter-val:	1
cert-pkg:	cert/ICVSBContent.crt
2026-02-23 10:55:40,519 - **** Creating Content Certificate ****
2026-02-23 10:55:40,522 - **** Certificate file (context) creation has been completed successfully ****
2026-02-23 10:55:40,661 - Content Certificate Generation Utility started (Logging to sb_content_cert.log)
2026-02-23 10:55:40,661 - Parsing config file: cert/cfg/ICVSBContent.cfg
2026-02-23 10:55:40,661 - Parsed config items:
cert-keypair:	cert/key/ICVSBContent.pem
cert-keypair-pwd:	cert/key/ICVSBContent.pwd
load-verify-scheme:	0
crypto-type:	0
aes-ce-id:	0
aes-enc-key:	cert/key/KCEICV.txt
images-table:	cert/Images.txt
nvcounter-val:	1
cert-pkg:	cert/ICVSBContent.crt
2026-02-23 10:55:40,661 - **** Creating Content Certificate ****
2026-02-23 10:55:40,664 - **** Certificate file (context) creation has been completed successfully ****
2026-02-23 11:34:32,747 - Content Certificate Generation Utility started (Logging to sb_content_cert.log)
2026-02-23 11:34:32,748 - Parsing config file: cert/cfg/ICVSBContent.cfg
2026-02-23 11:34:32,748 - Parsed config items:
cert-keypair:	cert/key/ICVSBContent.pem
cert-keypair-pwd:	cert/key/ICVSBContent.pwd
load-verify-scheme:	0
crypto-type:	0
aes-ce-id:	0
aes-enc-key:	cert/key/KCEICV.txt
images-table:	cert/Images.txt
nvcounter-val:	1
cert-pkg:	cert/ICVSBContent.crt
2026-02-23 11:34:32,749 - **** Creating Content Certificate ****
2026-02-23 11:34:32,753 - **** Certificate file (context) creation has been completed successfully ****
2026-02-23 11:34:32,902 - Content Certificate Generation Utility started (Logging to sb_content_cert.log)
2026-02-23 11:34:32,902 - Parsing config file: cert/cfg/ICVSBContent.cfg
2026-02-23 11:34:32,903 - Parsed config items:
cert-keypair:	cert/key/ICVSBContent.pem
cert-keypair-pwd:	cert/key/ICVSBContent.pwd
load-verify-scheme:	0
crypto-type:	0
aes-ce-id:	0
aes-enc-key:	cert/key/KCEICV.txt
images-table:	cert/Images.txt
nvcounter-val:	1
cert-pkg:	cert/ICVSBContent.crt
2026-02-23 11:34:32,903 - **** Creating Content Certificate ****
2026-02-23 11:34:32,907 - **** Certificate file (context) creation has been completed successfully ****
2026-02-23 11:34:33,073 - Content Certificate Generation Utility started (Logging to sb_content_cert.log)
2026-02-23 11:34:33,073 - Parsing config file: cert/cfg/ICVSBContent.cfg
2026-02-23 11:34:33,074 - Parsed config items:
cert-keypair:	cert/key/ICVSBContent.pem
cert-keypair-pwd:	cert/key/ICVSBContent.pwd
load-verify-scheme:	0
crypto-type:	0
aes-ce-id:	0
aes-enc-key:	cert/key/KCEICV.txt
images-table:	cert/Images.txt
nvcounter-val:	1
cert-pkg:	cert/ICVSBContent.crt
2026-02-23 11:34:33,074 - **** Creating Content Certificate ****
2026-02-23 11:34:33,077 - **** Certificate file (context) creation has been completed successfully ****
2026-02-23 11:34:33,226 - Content Certificate Generation Utility started (Logging to sb_content_cert.log)
2026-02-23 11:34:33,226 - Parsing config file: cert/cfg/ICVSBContent.cfg
2026-02-23 11:34:33,226 - Parsed config items:
cert-keypair:	cert/key/ICVSBContent.pem
cert-keypair-pwd:	cert/key/ICVSBContent.pwd
load-verify-scheme:	0
crypto-type:	0
aes-ce-id:	0
aes-enc-key:	cert/key/KCEICV.txt
images-table:	cert/Images.txt
nvcounter-val:	1
cert-pkg:	cert/ICVSBContent.crt
2026-02-23 11:34:33,226 - **** Creating Content Certificate ****
2026-02-23 11:34:33,229 - **** Certificate file (context) creation has been completed successfully ****
2026-02-23 11:34:33,742 - Content Certificate Generation Utility started (Logging to sb_content_cert.log)
2026-02-23 11:34:33,742 - Parsing config file: cert/cfg/ICVSBContent.cfg
2026-02-23 11:34:33,744 - Parsed config items:
cert-keypair:	cert/key/ICVSBContent.pem
cert-keypair-pwd:	cert/key/ICVSBContent.pwd
load-verify-scheme:	0
crypto-type:	0
aes-ce-id:	0
aes-enc-key:	cert/key/KCEICV.txt
images-table:	cert/Images.txt
nvcounter-val:	1
cert-pkg:	cert/ICVSBContent.crt
2026-02-23 11:34:33,744 - **** Creating Content Certificate ****
2026-02-23 11:34:33,746 - **** Certificate file (context) creation has been completed successfully ****
2026-02-23 11:34:33,886 - Content Certificate Generation Utility started (Logging to sb_content_cert.log)
2026-02-23 11:34:33,886 - Parsing config file: cert/cfg/ICVSBContent.cfg
2026-02-23 11:34:33,887 - Parsed config items:
cert-keypair:	cert/key/ICVSBContent.pem
cert-keypair-pwd:	cert/key/ICVSBContent.pwd
load-verify-scheme:	0
crypto-type:	0
aes-ce-id:	0
aes-enc-key:	cert/key/KCEICV.txt
images-table:	cert/Images.txt
nvcounter-val:	1
cert-pkg:	cert/ICVSBContent.crt
2026-02-23 11:34:33,887 - **** Creating Content Certificate ****
2026-02-23 11:34:33,890 - **** Certificate file (context) creation has been completed successfully ****
2026-02-23 11:45:28,484 - Content Certificate Generation Utility started (Logging to sb_content_cert.log)
2026-02-23 11:45:28,485 - Parsing config file: cert/cfg/ICVSBContent.cfg
2026-02-23 11:45:28,486 - Parsed config items:
cert-keypair:	cert/key/ICVSBContent.pem
cert-keypair-pwd:	cert/key/ICVSBContent.pwd
load-verify-scheme:	0
crypto-type:	0
aes-ce-id:	0
aes-enc-key:	cert/key/KCEICV.txt
images-table:	cert/Images.txt
nvcounter-val:	1
cert-pkg:	cert/ICVSBContent.crt
2026-02-23 11:45:28,486 - **** Creating Content Certificate ****
2026-02-23 11:45:28,492 - **** Certificate file (context) creation has been completed successfully ****
2026-02-23 11:45:28,635 - Content Certificate Generation Utility started (Logging to sb_content_cert.log)
2026-02-23 11:45:28,635 - Parsing config file: cert/cfg/ICVSBContent.cfg
2026-02-23 11:45:28,635 - Parsed config items:
cert-keypair:	cert/key/ICVSBContent.pem
cert-keypair-pwd:	cert/key/ICVSBContent.pwd
load-verify-scheme:	0
crypto-type:	0
aes-ce-id:	0
aes-enc-key:	cert/key/KCEICV.txt
images-table:	cert/Images.txt
nvcounter-val:	1
cert-pkg:	cert/ICVSBContent.crt
2026-02-23 11:45:28,636 - **** Creating Content Certificate ****
2026-02-23 11:45:28,640 - **** Certificate file (context) creation has been completed successfully ****
2026-02-23 11:45:28,805 - Content Certificate Generation Utility started (Logging to sb_content_cert.log)
2026-02-23 11:45:28,806 - Parsing config file: cert/cfg/ICVSBContent.cfg
2026-02-23 11:45:28,807 - Parsed config items:
cert-keypair:	cert/key/ICVSBContent.pem
cert-keypair-pwd:	cert/key/ICVSBContent.pwd
load-verify-scheme:	0
crypto-type:	0
aes-ce-id:	0
aes-enc-key:	cert/key/KCEICV.txt
images-table:	cert/Images.txt
nvcounter-val:	1
cert-pkg:	cert/ICVSBContent.crt
2026-02-23 11:45:28,808 - **** Creating Content Certificate ****
2026-02-23 11:45:28,811 - **** Certificate file (context) creation has been completed successfully ****
2026-02-23 11:45:28,951 - Content Certificate Generation Utility started (Logging to sb_content_cert.log)
2026-02-23 11:45:28,952 - Parsing config file: cert/cfg/ICVSBContent.cfg
2026-02-23 11:45:28,952 - Parsed config items:
cert-keypair:	cert/key/ICVSBContent.pem
cert-keypair-pwd:	cert/key/ICVSBContent.pwd
load-verify-scheme:	0
crypto-type:	0
aes-ce-id:	0
aes-enc-key:	cert/key/KCEICV.txt
images-table:	cert/Images.txt
nvcounter-val:	1
cert-pkg:	cert/ICVSBContent.crt
2026-02-23 11:45:28,952 - **** Creating Content Certificate ****
2026-02-23 11:45:28,955 - **** Certificate file (context) creation has been completed successfully ****
2026-02-23 11:45:29,482 - Content Certificate Generation Utility started (Logging to sb_content_cert.log)
2026-02-23 11:45:29,483 - Parsing config file: cert/cfg/ICVSBContent.cfg
2026-02-23 11:45:29,483 - Parsed config items:
cert-keypair:	cert/key/ICVSBContent.pem
cert-keypair-pwd:	cert/key/ICVSBContent.pwd
load-verify-scheme:	0
crypto-type:	0
aes-ce-id:	0
aes-enc-key:	cert/key/KCEICV.txt
images-table:	cert/Images.txt
nvcounter-val:	1
cert-pkg:	cert/ICVSBContent.crt
2026-02-23 11:45:29,483 - **** Creating Content Certificate ****
2026-02-23 11:45:29,486 - **** Certificate file (context) creation has been completed successfully ****
2026-02-23 11:45:29,624 - Content Certificate Generation Utility started (Logging to sb_content_cert.log)
2026-02-23 11:45:29,624 - Parsing config file: cert/cfg/ICVSBContent.cfg
2026-02-23 11:45:29,624 - Parsed config items:
cert-keypair:	cert/key/ICVSBContent.pem
cert-keypair-pwd:	cert/key/ICVSBContent.pwd
load-verify-scheme:	0
crypto-type:	0
aes-ce-id:	0
aes-enc-key:	cert/key/KCEICV.txt
images-table:	cert/Images.txt
nvcounter-val:	1
cert-pkg:	cert/ICVSBContent.crt
2026-02-23 11:45:29,624 - **** Creating Content Certificate ****
2026-02-23 11:45:29,628 - **** Certificate file (context) creation has been completed successfully ****
2026-02-23 11:48:50,426 - Content Certificate Generation Utility started (Logging to sb_content_cert.log)
2026-02-23 11:48:50,426 - Parsing config file: cert/cfg/ICVSBContent.cfg
2026-02-23 11:48:50,426 - Parsed config items:
cert-keypair:	cert/key/ICVSBContent.pem
cert-keypair-pwd:	cert/key/ICVSBContent.pwd
load-verify-scheme:	0
crypto-type:	0
aes-ce-id:	0
aes-enc-key:	cert/key/KCEICV.txt
images-table:	cert/Images.txt
nvcounter-val:	1
cert-pkg:	cert/ICVSBContent.crt
2026-02-23 11:48:50,426 - **** Creating Content Certificate ****
2026-02-23 11:48:50,429 - **** Certificate file (context) creation has been completed successfully ****
2026-02-23 11:48:50,624 - Content Certificate Generation Utility started (Logging to sb_content_cert.log)
2026-02-23 11:48:50,625 - Parsing config file: cert/cfg/ICVSBContent.cfg
2026-02-23 11:48:50,625 - Parsed config items:
cert-keypair:	cert/key/ICVSBContent.pem
cert-keypair-pwd:	cert/key/ICVSBContent.pwd
load-verify-scheme:	0
crypto-type:	0
aes-ce-id:	0
aes-enc-key:	cert/key/KCEICV.txt
images-table:	cert/Images.txt
nvcounter-val:	1
cert-pkg:	cert/ICVSBContent.crt
2026-02-23 11:48:50,625 - **** Creating Content Certificate ****
2026-02-23 11:48:50,628 - **** Certificate file (context) creation has been completed successfully ****
2026-02-23 11:48:50,805 - Content Certificate Generation Utility started (Logging to sb_content_cert.log)
2026-02-23 11:48:50,805 - Parsing config file: cert/cfg/ICVSBContent.cfg
2026-02-23 11:48:50,806 - Parsed config items:
cert-keypair:	cert/key/ICVSBContent.pem
cert-keypair-pwd:	cert/key/ICVSBContent.pwd
load-verify-scheme:	0
crypto-type:	0
aes-ce-id:	0
aes-enc-key:	cert/key/KCEICV.txt
images-table:	cert/Images.txt
nvcounter-val:	1
cert-pkg:	cert/ICVSBContent.crt
2026-02-23 11:48:50,806 - **** Creating Content Certificate ****
2026-02-23 11:48:50,809 - **** Certificate file (context) creation has been completed successfully ****
2026-02-23 11:48:50,950 - Content Certificate Generation Utility started (Logging to sb_content_cert.log)
2026-02-23 11:48:50,950 - Parsing config file: cert/cfg/ICVSBContent.cfg
2026-02-23 11:48:50,951 - Parsed config items:
cert-keypair:	cert/key/ICVSBContent.pem
cert-keypair-pwd:	cert/key/ICVSBContent.pwd
load-verify-scheme:	0
crypto-type:	0
aes-ce-id:	0
aes-enc-key:	cert/key/KCEICV.txt
images-table:	cert/Images.txt
nvcounter-val:	1
cert-pkg:	cert/ICVSBContent.crt
2026-02-23 11:48:50,951 - **** Creating Content Certificate ****
2026-02-23 11:48:50,953 - **** Certificate file (context) creation has been completed successfully ****
2026-02-23 11:48:51,483 - Content Certificate Generation Utility started (Logging to sb_content_cert.log)
2026-02-23 11:48:51,483 - Parsing config file: cert/cfg/ICVSBContent.cfg
2026-02-23 11:48:51,483 - Parsed config items:
cert-keypair:	cert/key/ICVSBContent.pem
cert-keypair-pwd:	cert/key/ICVSBContent.pwd
load-verify-scheme:	0
crypto-type:	0
aes-ce-id:	0
aes-enc-key:	cert/key/KCEICV.txt
images-table:	cert/Images.txt
nvcounter-val:	1
cert-pkg:	cert/ICVSBContent.crt
2026-02-23 11:48:51,483 - **** Creating Content Certificate ****
2026-02-23 11:48:51,486 - **** Certificate file (context) creation has been completed successfully ****
2026-02-23 11:48:51,626 - Content Certificate Generation Utility started (Logging to sb_content_cert.log)
2026-02-23 11:48:51,626 - Parsing config file: cert/cfg/ICVSBContent.cfg
2026-02-23 11:48:51,626 - Parsed config items:
cert-keypair:	cert/key/ICVSBContent.pem
cert-keypair-pwd:	cert/key/ICVSBContent.pwd
load-verify-scheme:	0
crypto-type:	0
aes-ce-id:	0
aes-enc-key:	cert/key/KCEICV.txt
images-table:	cert/Images.txt
nvcounter-val:	1
cert-pkg:	cert/ICVSBContent.crt
2026-02-23 11:48:51,626 - **** Creating Content Certificate ****
2026-02-23 11:48:51,629 - **** Certificate file (context) creation has been completed successfully ****
2026-02-23 11:52:05,936 - Content Certificate Generation Utility started (Logging to sb_content_cert.log)
2026-02-23 11:52:05,936 - Parsing config file: cert/cfg/ICVSBContent.cfg
2026-02-23 11:52:05,936 - Parsed config items:
cert-keypair:	cert/key/ICVSBContent.pem
cert-keypair-pwd:	cert/key/ICVSBContent.pwd
load-verify-scheme:	0
crypto-type:	0
aes-ce-id:	0
aes-enc-key:	cert/key/KCEICV.txt
images-table:	cert/Images.txt
nvcounter-val:	1
cert-pkg:	cert/ICVSBContent.crt
2026-02-23 11:52:05,937 - **** Creating Content Certificate ****
2026-02-23 11:52:05,940 - **** Certificate file (context) creation has been completed successfully ****
2026-02-23 11:52:06,075 - Content Certificate Generation Utility started (Logging to sb_content_cert.log)
2026-02-23 11:52:06,075 - Parsing config file: cert/cfg/ICVSBContent.cfg
2026-02-23 11:52:06,075 - Parsed config items:
cert-keypair:	cert/key/ICVSBContent.pem
cert-keypair-pwd:	cert/key/ICVSBContent.pwd
load-verify-scheme:	0
crypto-type:	0
aes-ce-id:	0
aes-enc-key:	cert/key/KCEICV.txt
images-table:	cert/Images.txt
nvcounter-val:	1
cert-pkg:	cert/ICVSBContent.crt
2026-02-23 11:52:06,075 - **** Creating Content Certificate ****
2026-02-23 11:52:06,080 - **** Certificate file (context) creation has been completed successfully ****
2026-02-23 11:52:06,240 - Content Certificate Generation Utility started (Logging to sb_content_cert.log)
2026-02-23 11:52:06,240 - Parsing config file: cert/cfg/ICVSBContent.cfg
2026-02-23 11:52:06,240 - Parsed config items:
cert-keypair:	cert/key/ICVSBContent.pem
cert-keypair-pwd:	cert/key/ICVSBContent.pwd
load-verify-scheme:	0
crypto-type:	0
aes-ce-id:	0
aes-enc-key:	cert/key/KCEICV.txt
images-table:	cert/Images.txt
nvcounter-val:	1
cert-pkg:	cert/ICVSBContent.crt
2026-02-23 11:52:06,240 - **** Creating Content Certificate ****
2026-02-23 11:52:06,243 - **** Certificate file (context) creation has been completed successfully ****
2026-02-23 11:52:06,379 - Content Certificate Generation Utility started (Logging to sb_content_cert.log)
2026-02-23 11:52:06,379 - Parsing config file: cert/cfg/ICVSBContent.cfg
2026-02-23 11:52:06,379 - Parsed config items:
cert-keypair:	cert/key/ICVSBContent.pem
cert-keypair-pwd:	cert/key/ICVSBContent.pwd
load-verify-scheme:	0
crypto-type:	0
aes-ce-id:	0
aes-enc-key:	cert/key/KCEICV.txt
images-table:	cert/Images.txt
nvcounter-val:	1
cert-pkg:	cert/ICVSBContent.crt
2026-02-23 11:52:06,379 - **** Creating Content Certificate ****
2026-02-23 11:52:06,382 - **** Certificate file (context) creation has been completed successfully ****
2026-02-23 11:52:06,909 - Content Certificate Generation Utility started (Logging to sb_content_cert.log)
2026-02-23 11:52:06,909 - Parsing config file: cert/cfg/ICVSBContent.cfg
2026-02-23 11:52:06,910 - Parsed config items:
cert-keypair:	cert/key/ICVSBContent.pem
cert-keypair-pwd:	cert/key/ICVSBContent.pwd
load-verify-scheme:	0
crypto-type:	0
aes-ce-id:	0
aes-enc-key:	cert/key/KCEICV.txt
images-table:	cert/Images.txt
nvcounter-val:	1
cert-pkg:	cert/ICVSBContent.crt
2026-02-23 11:52:06,910 - **** Creating Content Certificate ****
2026-02-23 11:52:06,912 - **** Certificate file (context) creation has been completed successfully ****
2026-02-23 11:52:07,058 - Content Certificate Generation Utility started (Logging to sb_content_cert.log)
2026-02-23 11:52:07,059 - Parsing config file: cert/cfg/ICVSBContent.cfg
2026-02-23 11:52:07,059 - Parsed config items:
cert-keypair:	cert/key/ICVSBContent.pem
cert-keypair-pwd:	cert/key/ICVSBContent.pwd
load-verify-scheme:	0
crypto-type:	0
aes-ce-id:	0
aes-enc-key:	cert/key/KCEICV.txt
images-table:	cert/Images.txt
nvcounter-val:	1
cert-pkg:	cert/ICVSBContent.crt
2026-02-23 11:52:07,059 - **** Creating Content Certificate ****
2026-02-23 11:52:07,062 - **** Certificate file (context) creation has been completed successfully ****
2026-02-23 12:03:55,451 - Content Certificate Generation Utility started (Logging to sb_content_cert.log)
2026-02-23 12:03:55,451 - Parsing config file: cert/cfg/ICVSBContent.cfg
2026-02-23 12:03:55,452 - Parsed config items:
cert-keypair:	cert/key/ICVSBContent.pem
cert-keypair-pwd:	cert/key/ICVSBContent.pwd
load-verify-scheme:	0
crypto-type:	0
aes-ce-id:	0
aes-enc-key:	cert/key/KCEICV.txt
images-table:	cert/Images.txt
nvcounter-val:	1
cert-pkg:	cert/ICVSBContent.crt
2026-02-23 12:03:55,452 - **** Creating Content Certificate ****
2026-02-23 12:03:55,455 - **** Certificate file (context) creation has been completed successfully ****
2026-02-23 12:03:55,616 - Content Certificate Generation Utility started (Logging to sb_content_cert.log)
2026-02-23 12:03:55,616 - Parsing config file: cert/cfg/ICVSBContent.cfg
2026-02-23 12:03:55,617 - Parsed config items:
cert-keypair:	cert/key/ICVSBContent.pem
cert-keypair-pwd:	cert/key/ICVSBContent.pwd
load-verify-scheme:	0
crypto-type:	0
aes-ce-id:	0
aes-enc-key:	cert/key/KCEICV.txt
images-table:	cert/Images.txt
nvcounter-val:	1
cert-pkg:	cert/ICVSBContent.crt
2026-02-23 12:03:55,617 - **** Creating Content Certificate ****
2026-02-23 12:03:55,621 - **** Certificate file (context) creation has been completed successfully ****
2026-02-23 12:03:55,782 - Content Certificate Generation Utility started (Logging to sb_content_cert.log)
2026-02-23 12:03:55,782 - Parsing config file: cert/cfg/ICVSBContent.cfg
2026-02-23 12:03:55,783 - Parsed config items:
cert-keypair:	cert/key/ICVSBContent.pem
cert-keypair-pwd:	cert/key/ICVSBContent.pwd
load-verify-scheme:	0
crypto-type:	0
aes-ce-id:	0
aes-enc-key:	cert/key/KCEICV.txt
images-table:	cert/Images.txt
nvcounter-val:	1
cert-pkg:	cert/ICVSBContent.crt
2026-02-23 12:03:55,783 - **** Creating Content Certificate ****
2026-02-23 12:03:55,786 - **** Certificate file (context) creation has been completed successfully ****
2026-02-23 12:03:55,939 - Content Certificate Generation Utility started (Logging to sb_content_cert.log)
2026-02-23 12:03:55,940 - Parsing config file: cert/cfg/ICVSBContent.cfg
2026-02-23 12:03:55,940 - Parsed config items:
cert-keypair:	cert/key/ICVSBContent.pem
cert-keypair-pwd:	cert/key/ICVSBContent.pwd
load-verify-scheme:	0
crypto-type:	0
aes-ce-id:	0
aes-enc-key:	cert/key/KCEICV.txt
images-table:	cert/Images.txt
nvcounter-val:	1
cert-pkg:	cert/ICVSBContent.crt
2026-02-23 12:03:55,940 - **** Creating Content Certificate ****
2026-02-23 12:03:55,943 - **** Certificate file (context) creation has been completed successfully ****
2026-02-23 12:03:56,468 - Content Certificate Generation Utility started (Logging to sb_content_cert.log)
2026-02-23 12:03:56,468 - Parsing config file: cert/cfg/ICVSBContent.cfg
2026-02-23 12:03:56,468 - Parsed config items:
cert-keypair:	cert/key/ICVSBContent.pem
cert-keypair-pwd:	cert/key/ICVSBContent.pwd
load-verify-scheme:	0
crypto-type:	0
aes-ce-id:	0
aes-enc-key:	cert/key/KCEICV.txt
images-table:	cert/Images.txt
nvcounter-val:	1
cert-pkg:	cert/ICVSBContent.crt
2026-02-23 12:03:56,468 - **** Creating Content Certificate ****
2026-02-23 12:03:56,471 - **** Certificate file (context) creation has been completed successfully ****
2026-02-23 12:03:56,615 - Content Certificate Generation Utility started (Logging to sb_content_cert.log)
2026-02-23 12:03:56,615 - Parsing config file: cert/cfg/ICVSBContent.cfg
2026-02-23 12:03:56,615 - Parsed config items:
cert-keypair:	cert/key/ICVSBContent.pem
cert-keypair-pwd:	cert/key/ICVSBContent.pwd
load-verify-scheme:	0
crypto-type:	0
aes-ce-id:	0
aes-enc-key:	cert/key/KCEICV.txt
images-table:	cert/Images.txt
nvcounter-val:	1
cert-pkg:	cert/ICVSBContent.crt
2026-02-23 12:03:56,615 - **** Creating Content Certificate ****
2026-02-23 12:03:56,618 - **** Certificate file (context) creation has been completed successfully ****
2026-02-23 12:45:04,015 - Content Certificate Generation Utility started (Logging to sb_content_cert.log)
2026-02-23 12:45:04,015 - Parsing config file: cert/cfg/ICVSBContent.cfg
2026-02-23 12:45:04,016 - Parsed config items:
cert-keypair:	cert/key/ICVSBContent.pem
cert-keypair-pwd:	cert/key/ICVSBContent.pwd
load-verify-scheme:	0
crypto-type:	0
aes-ce-id:	0
aes-enc-key:	cert/key/KCEICV.txt
images-table:	cert/Images.txt
nvcounter-val:	1
cert-pkg:	cert/ICVSBContent.crt
2026-02-23 12:45:04,016 - **** Creating Content Certificate ****
2026-02-23 12:45:04,019 - **** Certificate file (context) creation has been completed successfully ****
2026-02-23 12:45:04,161 - Content Certificate Generation Utility started (Logging to sb_content_cert.log)
2026-02-23 12:45:04,161 - Parsing config file: cert/cfg/ICVSBContent.cfg
2026-02-23 12:45:04,161 - Parsed config items:
cert-keypair:	cert/key/ICVSBContent.pem
cert-keypair-pwd:	cert/key/ICVSBContent.pwd
load-verify-scheme:	0
crypto-type:	0
aes-ce-id:	0
aes-enc-key:	cert/key/KCEICV.txt
images-table:	cert/Images.txt
nvcounter-val:	1
cert-pkg:	cert/ICVSBContent.crt
2026-02-23 12:45:04,162 - **** Creating Content Certificate ****
2026-02-23 12:45:04,164 - **** Certificate file (context) creation has been completed successfully ****
2026-02-23 12:45:04,322 - Content Certificate Generation Utility started (Logging to sb_content_cert.log)
2026-02-23 12:45:04,322 - Parsing config file: cert/cfg/ICVSBContent.cfg
2026-02-23 12:45:04,323 - Parsed config items:
cert-keypair:	cert/key/ICVSBContent.pem
cert-keypair-pwd:	cert/key/ICVSBContent.pwd
load-verify-scheme:	0
crypto-type:	0
aes-ce-id:	0
aes-enc-key:	cert/key/KCEICV.txt
images-table:	cert/Images.txt
nvcounter-val:	1
cert-pkg:	cert/ICVSBContent.crt
2026-02-23 12:45:04,323 - **** Creating Content Certificate ****
2026-02-23 12:45:04,326 - **** Certificate file (context) creation has been completed successfully ****
2026-02-23 12:45:04,462 - Content Certificate Generation Utility started (Logging to sb_content_cert.log)
2026-02-23 12:45:04,462 - Parsing config file: cert/cfg/ICVSBContent.cfg
2026-02-23 12:45:04,462 - Parsed config items:
cert-keypair:	cert/key/ICVSBContent.pem
cert-keypair-pwd:	cert/key/ICVSBContent.pwd
load-verify-scheme:	0
crypto-type:	0
aes-ce-id:	0
aes-enc-key:	cert/key/KCEICV.txt
images-table:	cert/Images.txt
nvcounter-val:	1
cert-pkg:	cert/ICVSBContent.crt
2026-02-23 12:45:04,462 - **** Creating Content Certificate ****
2026-02-23 12:45:04,465 - **** Certificate file (context) creation has been completed successfully ****
2026-02-23 12:45:05,010 - Content Certificate Generation Utility started (Logging to sb_content_cert.log)
2026-02-23 12:45:05,010 - Parsing config file: cert/cfg/ICVSBContent.cfg
2026-02-23 12:45:05,010 - Parsed config items:
cert-keypair:	cert/key/ICVSBContent.pem
cert-keypair-pwd:	cert/key/ICVSBContent.pwd
load-verify-scheme:	0
crypto-type:	0
aes-ce-id:	0
aes-enc-key:	cert/key/KCEICV.txt
images-table:	cert/Images.txt
nvcounter-val:	1
cert-pkg:	cert/ICVSBContent.crt
2026-02-23 12:45:05,010 - **** Creating Content Certificate ****
2026-02-23 12:45:05,013 - **** Certificate file (context) creation has been completed successfully ****
2026-02-23 12:45:05,153 - Content Certificate Generation Utility started (Logging to sb_content_cert.log)
2026-02-23 12:45:05,154 - Parsing config file: cert/cfg/ICVSBContent.cfg
2026-02-23 12:45:05,154 - Parsed config items:
cert-keypair:	cert/key/ICVSBContent.pem
cert-keypair-pwd:	cert/key/ICVSBContent.pwd
load-verify-scheme:	0
crypto-type:	0
aes-ce-id:	0
aes-enc-key:	cert/key/KCEICV.txt
images-table:	cert/Images.txt
nvcounter-val:	1
cert-pkg:	cert/ICVSBContent.crt
2026-02-23 12:45:05,154 - **** Creating Content Certificate ****
2026-02-23 12:45:05,159 - **** Certificate file (context) creation has been completed successfully ****
2026-02-23 12:52:14,239 - Content Certificate Generation Utility started (Logging to sb_content_cert.log)
2026-02-23 12:52:14,239 - Parsing config file: cert/cfg/ICVSBContent.cfg
2026-02-23 12:52:14,239 - Parsed config items:
cert-keypair:	cert/key/ICVSBContent.pem
cert-keypair-pwd:	cert/key/ICVSBContent.pwd
load-verify-scheme:	0
crypto-type:	0
aes-ce-id:	0
aes-enc-key:	cert/key/KCEICV.txt
images-table:	cert/Images.txt
nvcounter-val:	1
cert-pkg:	cert/ICVSBContent.crt
2026-02-23 12:52:14,239 - **** Creating Content Certificate ****
2026-02-23 12:52:14,243 - **** Certificate file (context) creation has been completed successfully ****
2026-02-23 12:52:14,384 - Content Certificate Generation Utility started (Logging to sb_content_cert.log)
2026-02-23 12:52:14,384 - Parsing config file: cert/cfg/ICVSBContent.cfg
2026-02-23 12:52:14,384 - Parsed config items:
cert-keypair:	cert/key/ICVSBContent.pem
cert-keypair-pwd:	cert/key/ICVSBContent.pwd
load-verify-scheme:	0
crypto-type:	0
aes-ce-id:	0
aes-enc-key:	cert/key/KCEICV.txt
images-table:	cert/Images.txt
nvcounter-val:	1
cert-pkg:	cert/ICVSBContent.crt
2026-02-23 12:52:14,385 - **** Creating Content Certificate ****
2026-02-23 12:52:14,389 - **** Certificate file (context) creation has been completed successfully ****
2026-02-23 12:52:14,572 - Content Certificate Generation Utility started (Logging to sb_content_cert.log)
2026-02-23 12:52:14,572 - Parsing config file: cert/cfg/ICVSBContent.cfg
2026-02-23 12:52:14,573 - Parsed config items:
cert-keypair:	cert/key/ICVSBContent.pem
cert-keypair-pwd:	cert/key/ICVSBContent.pwd
load-verify-scheme:	0
crypto-type:	0
aes-ce-id:	0
aes-enc-key:	cert/key/KCEICV.txt
images-table:	cert/Images.txt
nvcounter-val:	1
cert-pkg:	cert/ICVSBContent.crt
2026-02-23 12:52:14,573 - **** Creating Content Certificate ****
2026-02-23 12:52:14,576 - **** Certificate file (context) creation has been completed successfully ****
2026-02-23 12:52:14,723 - Content Certificate Generation Utility started (Logging to sb_content_cert.log)
2026-02-23 12:52:14,723 - Parsing config file: cert/cfg/ICVSBContent.cfg
2026-02-23 12:52:14,723 - Parsed config items:
cert-keypair:	cert/key/ICVSBContent.pem
cert-keypair-pwd:	cert/key/ICVSBContent.pwd
load-verify-scheme:	0
crypto-type:	0
aes-ce-id:	0
aes-enc-key:	cert/key/KCEICV.txt
images-table:	cert/Images.txt
nvcounter-val:	1
cert-pkg:	cert/ICVSBContent.crt
2026-02-23 12:52:14,723 - **** Creating Content Certificate ****
2026-02-23 12:52:14,726 - **** Certificate file (context) creation has been completed successfully ****
2026-02-23 12:52:15,294 - Content Certificate Generation Utility started (Logging to sb_content_cert.log)
2026-02-23 12:52:15,294 - Parsing config file: cert/cfg/ICVSBContent.cfg
2026-02-23 12:52:15,294 - Parsed config items:
cert-keypair:	cert/key/ICVSBContent.pem
cert-keypair-pwd:	cert/key/ICVSBContent.pwd
load-verify-scheme:	0
crypto-type:	0
aes-ce-id:	0
aes-enc-key:	cert/key/KCEICV.txt
images-table:	cert/Images.txt
nvcounter-val:	1
cert-pkg:	cert/ICVSBContent.crt
2026-02-23 12:52:15,294 - **** Creating Content Certificate ****
2026-02-23 12:52:15,297 - **** Certificate file (context) creation has been completed successfully ****
2026-02-23 12:52:15,438 - Content Certificate Generation Utility started (Logging to sb_content_cert.log)
2026-02-23 12:52:15,438 - Parsing config file: cert/cfg/ICVSBContent.cfg
2026-02-23 12:52:15,438 - Parsed config items:
cert-keypair:	cert/key/ICVSBContent.pem
cert-keypair-pwd:	cert/key/ICVSBContent.pwd
load-verify-scheme:	0
crypto-type:	0
aes-ce-id:	0
aes-enc-key:	cert/key/KCEICV.txt
images-table:	cert/Images.txt
nvcounter-val:	1
cert-pkg:	cert/ICVSBContent.crt
2026-02-23 12:52:15,438 - **** Creating Content Certificate ****
2026-02-23 12:52:15,441 - **** Certificate file (context) creation has been completed successfully ****
2026-02-23 12:56:07,970 - Content Certificate Generation Utility started (Logging to sb_content_cert.log)
2026-02-23 12:56:07,970 - Parsing config file: cert/cfg/ICVSBContent.cfg
2026-02-23 12:56:07,970 - Parsed config items:
cert-keypair:	cert/key/ICVSBContent.pem
cert-keypair-pwd:	cert/key/ICVSBContent.pwd
load-verify-scheme:	0
crypto-type:	0
aes-ce-id:	0
aes-enc-key:	cert/key/KCEICV.txt
images-table:	cert/Images.txt
nvcounter-val:	1
cert-pkg:	cert/ICVSBContent.crt
2026-02-23 12:56:07,970 - **** Creating Content Certificate ****
2026-02-23 12:56:07,973 - **** Certificate file (context) creation has been completed successfully ****
2026-02-23 12:56:08,108 - Content Certificate Generation Utility started (Logging to sb_content_cert.log)
2026-02-23 12:56:08,108 - Parsing config file: cert/cfg/ICVSBContent.cfg
2026-02-23 12:56:08,108 - Parsed config items:
cert-keypair:	cert/key/ICVSBContent.pem
cert-keypair-pwd:	cert/key/ICVSBContent.pwd
load-verify-scheme:	0
crypto-type:	0
aes-ce-id:	0
aes-enc-key:	cert/key/KCEICV.txt
images-table:	cert/Images.txt
nvcounter-val:	1
cert-pkg:	cert/ICVSBContent.crt
2026-02-23 12:56:08,108 - **** Creating Content Certificate ****
2026-02-23 12:56:08,111 - **** Certificate file (context) creation has been completed successfully ****
2026-02-23 12:56:08,271 - Content Certificate Generation Utility started (Logging to sb_content_cert.log)
2026-02-23 12:56:08,272 - Parsing config file: cert/cfg/ICVSBContent.cfg
2026-02-23 12:56:08,272 - Parsed config items:
cert-keypair:	cert/key/ICVSBContent.pem
cert-keypair-pwd:	cert/key/ICVSBContent.pwd
load-verify-scheme:	0
crypto-type:	0
aes-ce-id:	0
aes-enc-key:	cert/key/KCEICV.txt
images-table:	cert/Images.txt
nvcounter-val:	1
cert-pkg:	cert/ICVSBContent.crt
2026-02-23 12:56:08,272 - **** Creating Content Certificate ****
2026-02-23 12:56:08,275 - **** Certificate file (context) creation has been completed successfully ****
2026-02-23 12:56:08,412 - Content Certificate Generation Utility started (Logging to sb_content_cert.log)
2026-02-23 12:56:08,412 - Parsing config file: cert/cfg/ICVSBContent.cfg
2026-02-23 12:56:08,412 - Parsed config items:
cert-keypair:	cert/key/ICVSBContent.pem
cert-keypair-pwd:	cert/key/ICVSBContent.pwd
load-verify-scheme:	0
crypto-type:	0
aes-ce-id:	0
aes-enc-key:	cert/key/KCEICV.txt
images-table:	cert/Images.txt
nvcounter-val:	1
cert-pkg:	cert/ICVSBContent.crt
2026-02-23 12:56:08,412 - **** Creating Content Certificate ****
2026-02-23 12:56:08,415 - **** Certificate file (context) creation has been completed successfully ****
2026-02-23 12:56:08,946 - Content Certificate Generation Utility started (Logging to sb_content_cert.log)
2026-02-23 12:56:08,946 - Parsing config file: cert/cfg/ICVSBContent.cfg
2026-02-23 12:56:08,946 - Parsed config items:
cert-keypair:	cert/key/ICVSBContent.pem
cert-keypair-pwd:	cert/key/ICVSBContent.pwd
load-verify-scheme:	0
crypto-type:	0
aes-ce-id:	0
aes-enc-key:	cert/key/KCEICV.txt
images-table:	cert/Images.txt
nvcounter-val:	1
cert-pkg:	cert/ICVSBContent.crt
2026-02-23 12:56:08,946 - **** Creating Content Certificate ****
2026-02-23 12:56:08,949 - **** Certificate file (context) creation has been completed successfully ****
2026-02-23 12:56:09,093 - Content Certificate Generation Utility started (Logging to sb_content_cert.log)
2026-02-23 12:56:09,093 - Parsing config file: cert/cfg/ICVSBContent.cfg
2026-02-23 12:56:09,093 - Parsed config items:
cert-keypair:	cert/key/ICVSBContent.pem
cert-keypair-pwd:	cert/key/ICVSBContent.pwd
load-verify-scheme:	0
crypto-type:	0
aes-ce-id:	0
aes-enc-key:	cert/key/KCEICV.txt
images-table:	cert/Images.txt
nvcounter-val:	1
cert-pkg:	cert/ICVSBContent.crt
2026-02-23 12:56:09,093 - **** Creating Content Certificate ****
2026-02-23 12:56:09,096 - **** Certificate file (context) creation has been completed successfully ****
